Work Type,Person's Full Name,Provider,Service,Unit Value (WU),Week Number,Assigned Staff,Assigned Staff Role,QA Staff Assigned,Work Status,Barrier / Note
WT1 - Annual ISP,YOLANDA LINNETTE,A New Horizon,Respite,3,52,Ashley Shilo,DDA,Unassigned,Assigned,System Scheduled
WT2 - Quarterly Review (Q1),YOLANDA LINNETTE,A New Horizon,Respite,1.5,52,Ondrea Wilson,DDA,Unassigned,Assigned,System Scheduled
WT2 - Quarterly Review (Q2),YOLANDA LINNETTE,A New Horizon,Respite,1.5,13,Ashley Shilo,DDA,Unassigned,Assigned,System Scheduled
WT2 - Quarterly Review (Q3),YOLANDA LINNETTE,A New Horizon,Respite,1.5,26,Ashley Shilo,DDA,Unassigned,Assigned,System Scheduled
WT2 - Quarterly Review (Q4),YOLANDA LINNETTE,A New Horizon,Respite,1.5,39,Ashley Shilo,DDA,Unassigned,Assigned,System Scheduled
WT1 - Annual ISP,Athena Johnson,A New Horizon,Supportive In-Home,3,50,Ashley Shilo,DDA,Unassigned,Assigned,System Scheduled
WT2 - Quarterly Review (Q1),Athena Johnson,A New Horizon,Supportive In-Home,1.5,50,Ondrea Wilson,DDA,Unassigned,Assigned,System Scheduled
WT2 - Quarterly Review (Q2),Athena Johnson,A New Horizon,Supportive In-Home,1.5,11,Ashley Shilo,DDA,Unassigned,Assigned,System Scheduled
WT2 - Quarterly Review (Q3),Athena Johnson,A New Horizon,Supportive In-Home,1.5,24,Ashley Shilo,DDA,Unassigned,Assigned,System Scheduled
WT2 - Quarterly Review (Q4),Athena Johnson,A New Horizon,Supportive In-Home,1.5,37,Ashley Shilo,DDA,Unassigned,Assigned,System Scheduled
WT1 - Annual ISP,BRODIE WALKER,A New Horizon,Supportive In-Home,3,52,Shalette Shaw,DDS 2,Unassigned,Assigned,System Scheduled
WT2 - Quarterly Review (Q1),BRODIE WALKER,A New Horizon,Supportive In-Home,1.5,52,Kristin Williams,DDS 2,Unassigned,Assigned,System Scheduled
WT2 - Quarterly Review (Q2),BRODIE WALKER,A New Horizon,Supportive In-Home,1.5,13,Ondrea Wilson,DDA,Unassigned,Assigned,System Scheduled
WT2 - Quarterly Review (Q3),BRODIE WALKER,A New Horizon,Supportive In-Home,1.5,26,Ondrea Wilson,DDA,Unassigned,Assigned,System Scheduled
WT2 - Quarterly Review (Q4),BRODIE WALKER,A New Horizon,Supportive In-Home,1.5,39,Ondrea Wilson,DDA,Unassigned,Assigned,System Scheduled
WT1 - Annual ISP,Jefferie Sorrell,A New Horizon,Supportive In-Home,3,52,Jerry Burton,DDS 1,Unassigned,Assigned,System Scheduled
WT2 - Quarterly Review (Q1),Jefferie Sorrell,A New Horizon,Supportive In-Home,1.5,52,Mohammed,QDDP,Unassigned,Assigned,System Scheduled
WT2 - Quarterly Review (Q2),Jefferie Sorrell,A New Horizon,Supportive In-Home,1.5,13,Shalette Shaw,DDS 2,Unassigned,Assigned,System Scheduled
WT2 - Quarterly Review (Q3),Jefferie Sorrell,A New Horizon,Supportive In-Home,1.5,26,Shalette Shaw,DDS 2,Unassigned,Assigned,System Scheduled
WT2 - Quarterly Review (Q4),Jefferie Sorrell,A New Horizon,Supportive In-Home,1.5,39,Shalette Shaw,DDS 2,Unassigned,Assigned,System Scheduled
WT1 - Annual ISP,Robbie Norfleet,A New Horizon,Supportive In-Home,3,52,Kristin Williams,DDS 2,Unassigned,Assigned,System Scheduled
WT2 - Quarterly Review (Q1),Robbie Norfleet,A New Horizon,Supportive In-Home,1.5,52,Ondrea Wilson,DDA,Unassigned,Assigned,System Scheduled
WT2 - Quarterly Review (Q2),Robbie Norfleet,A New Horizon,Supportive In-Home,1.5,13,Kristin Williams,DDS 2,Unassigned,Assigned,System Scheduled
WT2 - Quarterly Review (Q3),Robbie Norfleet,A New Horizon,Supportive In-Home,1.5,26,Kristin Williams,DDS 2,Unassigned,Assigned,System Scheduled
WT2 - Quarterly Review (Q4),Robbie Norfleet,A New Horizon,Supportive In-Home,1.5,39,Kristin Williams,DDS 2,Unassigned,Assigned,System Scheduled
WT1 - Annual ISP,SEAN FAY,A New Horizon,Supportive In-Home,3,52,Mohammed,QDDP,Unassigned,Assigned,System Scheduled
WT2 - Quarterly Review (Q1),SEAN FAY,A New Horizon,Supportive In-Home,1.5,52,Ashley Shilo,DDA,Unassigned,Assigned,System Scheduled
WT2 - Quarterly Review (Q2),SEAN FAY,A New Horizon,Supportive In-Home,1.5,13,Jerry Burton,DDS 1,Unassigned,Assigned,System Scheduled
WT2 - Quarterly Review (Q3),SEAN FAY,A New Horizon,Supportive In-Home,1.5,26,Jerry Burton,DDS 1,Unassigned,Assigned,System Scheduled
WT2 - Quarterly Review (Q4),SEAN FAY,A New Horizon,Supportive In-Home,1.5,39,Jerry Burton,DDS 1,Unassigned,Assigned,System Scheduled
WT1 - Annual ISP,YOLANDA LINNETTE,A New Horizon,Supportive In-Home,3,52,Ondrea Wilson,DDA,Unassigned,Assigned,System Scheduled
WT2 - Quarterly Review (Q1),YOLANDA LINNETTE,A New Horizon,Supportive In-Home,1.5,52,Shalette Shaw,DDS 2,Unassigned,Assigned,System Scheduled
WT2 - Quarterly Review (Q2),YOLANDA LINNETTE,A New Horizon,Supportive In-Home,1.5,13,Mohammed,QDDP,Unassigned,Assigned,System Scheduled
WT2 - Quarterly Review (Q3),YOLANDA LINNETTE,A New Horizon,Supportive In-Home,1.5,26,Mohammed,QDDP,Unassigned,Assigned,System Scheduled
WT2 - Quarterly Review (Q4),YOLANDA LINNETTE,A New Horizon,Supportive In-Home,1.5,39,Mohammed,QDDP,Unassigned,Assigned,System Scheduled
WT1 - Annual ISP,Zakira Johnson,A New Horizon,Supportive In-Home,3,52,Kristin Williams,DDS 2,Unassigned,Assigned,System Scheduled
WT2 - Quarterly Review (Q1),Zakira Johnson,A New Horizon,Supportive In-Home,1.5,52,Ashley Shilo,DDA,Unassigned,Assigned,System Scheduled
WT2 - Quarterly Review (Q2),Zakira Johnson,A New Horizon,Supportive In-Home,1.5,13,Kristin Williams,DDS 2,Unassigned,Assigned,System Scheduled
WT2 - Quarterly Review (Q3),Zakira Johnson,A New Horizon,Supportive In-Home,1.5,26,Kristin Williams,DDS 2,Unassigned,Assigned,System Scheduled
WT2 - Quarterly Review (Q4),Zakira Johnson,A New Horizon,Supportive In-Home,1.5,39,Kristin Williams,DDS 2,Unassigned,Assigned,System Scheduled
WT1 - Annual ISP,Malcolm Willis,A Peace of Mind & Faith,Supported Living,3,43,Ashley Shilo,DDA,Unassigned,Assigned,System Scheduled
WT2 - Quarterly Review (Q1),Malcolm Willis,A Peace of Mind & Faith,Supported Living,1.5,43,Ondrea Wilson,DDA,Unassigned,Assigned,System Scheduled
WT2 - Quarterly Review (Q2),Malcolm Willis,A Peace of Mind & Faith,Supported Living,1.5,4,Ashley Shilo,DDA,Unassigned,Assigned,System Scheduled
WT2 - Quarterly Review (Q3),Malcolm Willis,A Peace of Mind & Faith,Supported Living,1.5,17,Ashley Shilo,DDA,Unassigned,Assigned,System Scheduled
WT2 - Quarterly Review (Q4),Malcolm Willis,A Peace of Mind & Faith,Supported Living,1.5,30,Ashley Shilo,DDA,Unassigned,Assigned,System Scheduled
WT1 - Annual ISP,Antoni Wiggins,A Peace of Mind & Faith,Supportive In-Home,3,52,Shalette Shaw,DDS 2,Unassigned,Assigned,System Scheduled
WT2 - Quarterly Review (Q1),Antoni Wiggins,A Peace of Mind & Faith,Supportive In-Home,1.5,52,Mohammed,QDDP,Unassigned,Assigned,System Scheduled
WT2 - Quarterly Review (Q2),Antoni Wiggins,A Peace of Mind & Faith,Supportive In-Home,1.5,13,Ashley Shilo,DDA,Unassigned,Assigned,System Scheduled
WT2 - Quarterly Review (Q3),Antoni Wiggins,A Peace of Mind & Faith,Supportive In-Home,1.5,26,Ashley Shilo,DDA,Unassigned,Assigned,System Scheduled
WT2 - Quarterly Review (Q4),Antoni Wiggins,A Peace of Mind & Faith,Supportive In-Home,1.5,39,Ashley Shilo,DDA,Unassigned,Assigned,System Scheduled
WT1 - Annual ISP,Deshawn Jones,A Peace of Mind & Faith,Supportive In-Home,3,52,Kristin Williams,DDS 2,Unassigned,Assigned,System Scheduled
WT2 - Quarterly Review (Q1),Deshawn Jones,A Peace of Mind & Faith,Supportive In-Home,1.5,52,Ashley Shilo,DDA,Unassigned,Assigned,System Scheduled
WT2 - Quarterly Review (Q2),Deshawn Jones,A Peace of Mind & Faith,Supportive In-Home,1.5,13,Ondrea Wilson,DDA,Unassigned,Assigned,System Scheduled
WT2 - Quarterly Review (Q3),Deshawn Jones,A Peace of Mind & Faith,Supportive In-Home,1.5,26,Ondrea Wilson,DDA,Unassigned,Assigned,System Scheduled
WT2 - Quarterly Review (Q4),Deshawn Jones,A Peace of Mind & Faith,Supportive In-Home,1.5,39,Ondrea Wilson,DDA,Unassigned,Assigned,System Scheduled
WT1 - Annual ISP,Edward Hall,A Peace of Mind & Faith,Supportive In-Home,3,36,Ashley Shilo,DDA,Unassigned,Assigned,System Scheduled
WT2 - Quarterly Review (Q1),Edward Hall,A Peace of Mind & Faith,Supportive In-Home,1.5,36,Ondrea Wilson,DDA,Unassigned,Assigned,System Scheduled
WT2 - Quarterly Review (Q2),Edward Hall,A Peace of Mind & Faith,Supportive In-Home,1.5,49,Ashley Shilo,DDA,Unassigned,Assigned,System Scheduled
WT2 - Quarterly Review (Q3),Edward Hall,A Peace of Mind & Faith,Supportive In-Home,1.5,10,Ashley Shilo,DDA,Unassigned,Assigned,System Scheduled
WT2 - Quarterly Review (Q4),Edward Hall,A Peace of Mind & Faith,Supportive In-Home,1.5,23,Ashley Shilo,DDA,Unassigned,Assigned,System Scheduled
WT1 - Annual ISP,George Nelson,A Peace of Mind & Faith,Supportive In-Home,3,52,Ondrea Wilson,DDA,Unassigned,Assigned,System Scheduled
WT2 - Quarterly Review (Q1),George Nelson,A Peace of Mind & Faith,Supportive In-Home,1.5,52,Mohammed,QDDP,Unassigned,Assigned,System Scheduled
WT2 - Quarterly Review (Q2),George Nelson,A Peace of Mind & Faith,Supportive In-Home,1.5,13,Shalette Shaw,DDS 2,Unassigned,Assigned,System Scheduled
WT2 - Quarterly Review (Q3),George Nelson,A Peace of Mind & Faith,Supportive In-Home,1.5,26,Shalette Shaw,DDS 2,Unassigned,Assigned,System Scheduled
WT2 - Quarterly Review (Q4),George Nelson,A Peace of Mind & Faith,Supportive In-Home,1.5,39,Shalette Shaw,DDS 2,Unassigned,Assigned,System Scheduled
WT1 - Annual ISP,Javontae Jones,A Peace of Mind & Faith,Supportive In-Home,3,52,Ashley Shilo,DDA,Unassigned,Assigned,System Scheduled
WT2 - Quarterly Review (Q1),Javontae Jones,A Peace of Mind & Faith,Supportive In-Home,1.5,52,Shalette Shaw,DDS 2,Unassigned,Assigned,System Scheduled
WT2 - Quarterly Review (Q2),Javontae Jones,A Peace of Mind & Faith,Supportive In-Home,1.5,13,Mohammed,QDDP,Unassigned,Assigned,System Scheduled
WT2 - Quarterly Review (Q3),Javontae Jones,A Peace of Mind & Faith,Supportive In-Home,1.5,26,Mohammed,QDDP,Unassigned,Assigned,System Scheduled
WT2 - Quarterly Review (Q4),Javontae Jones,A Peace of Mind & Faith,Supportive In-Home,1.5,39,Mohammed,QDDP,Unassigned,Assigned,System Scheduled
WT1 - Annual ISP,Jayven Muir,A Peace of Mind & Faith,Supportive In-Home,3,50,Shalette Shaw,DDS 2,Unassigned,Assigned,System Scheduled
WT2 - Quarterly Review (Q1),Jayven Muir,A Peace of Mind & Faith,Supportive In-Home,1.5,50,Kristin Williams,DDS 2,Unassigned,Assigned,System Scheduled
WT2 - Quarterly Review (Q2),Jayven Muir,A Peace of Mind & Faith,Supportive In-Home,1.5,11,Ondrea Wilson,DDA,Unassigned,Assigned,System Scheduled
WT2 - Quarterly Review (Q3),Jayven Muir,A Peace of Mind & Faith,Supportive In-Home,1.5,24,Ondrea Wilson,DDA,Unassigned,Assigned,System Scheduled
WT2 - Quarterly Review (Q4),Jayven Muir,A Peace of Mind & Faith,Supportive In-Home,1.5,37,Ondrea Wilson,DDA,Unassigned,Assigned,System Scheduled
WT1 - Annual ISP,Kevon Coley,A Peace of Mind & Faith,Supportive In-Home,3,52,Mohammed,QDDP,Unassigned,Assigned,System Scheduled
WT2 - Quarterly Review (Q1),Kevon Coley,A Peace of Mind & Faith,Supportive In-Home,1.5,52,Kristin Williams,DDS 2,Unassigned,Assigned,System Scheduled
WT2 - Quarterly Review (Q2),Kevon Coley,A Peace of Mind & Faith,Supportive In-Home,1.5,13,Kristin Williams,DDS 2,Unassigned,Assigned,System Scheduled
WT2 - Quarterly Review (Q3),Kevon Coley,A Peace of Mind & Faith,Supportive In-Home,1.5,26,Kristin Williams,DDS 2,Unassigned,Assigned,System Scheduled
WT2 - Quarterly Review (Q4),Kevon Coley,A Peace of Mind & Faith,Supportive In-Home,1.5,39,Kristin Williams,DDS 2,Unassigned,Assigned,System Scheduled
WT1 - Annual ISP,Meghan Brinkley,A Peace of Mind & Faith,Supportive In-Home,3,40,Ashley Shilo,DDA,Unassigned,Assigned,System Scheduled
WT2 - Quarterly Review (Q1),Meghan Brinkley,A Peace of Mind & Faith,Supportive In-Home,1.5,40,Ondrea Wilson,DDA,Unassigned,Assigned,System Scheduled
WT2 - Quarterly Review (Q2),Meghan Brinkley,A Peace of Mind & Faith,Supportive In-Home,1.5,1,Ashley Shilo,DDA,Unassigned,Assigned,System Scheduled
WT2 - Quarterly Review (Q3),Meghan Brinkley,A Peace of Mind & Faith,Supportive In-Home,1.5,14,Ashley Shilo,DDA,Unassigned,Assigned,System Scheduled
WT2 - Quarterly Review (Q4),Meghan Brinkley,A Peace of Mind & Faith,Supportive In-Home,1.5,27,Ashley Shilo,DDA,Unassigned,Assigned,System Scheduled
WT1 - Annual ISP,Joshua Matson,A Safe Haven,Sponsor Residential,3,52,Ondrea Wilson,DDA,Unassigned,Assigned,System Scheduled
WT2 - Quarterly Review (Q1),Joshua Matson,A Safe Haven,Sponsor Residential,1.5,52,Shalette Shaw,DDS 2,Unassigned,Assigned,System Scheduled
WT2 - Quarterly Review (Q2),Joshua Matson,A Safe Haven,Sponsor Residential,1.5,13,Ashley Shilo,DDA,Unassigned,Assigned,System Scheduled
WT2 - Quarterly Review (Q3),Joshua Matson,A Safe Haven,Sponsor Residential,1.5,26,Ashley Shilo,DDA,Unassigned,Assigned,System Scheduled
WT2 - Quarterly Review (Q4),Joshua Matson,A Safe Haven,Sponsor Residential,1.5,39,Ashley Shilo,DDA,Unassigned,Assigned,System Scheduled
WT1 - Annual ISP,DANIEL O'ROURKE,A Touch of Loving Care,Community Engagement,3,35,Ashley Shilo,DDA,Unassigned,Assigned,System Scheduled
WT2 - Quarterly Review (Q1),DANIEL O'ROURKE,A Touch of Loving Care,Community Engagement,1.5,35,Ondrea Wilson,DDA,Unassigned,Assigned,System Scheduled
WT2 - Quarterly Review (Q2),DANIEL O'ROURKE,A Touch of Loving Care,Community Engagement,1.5,48,Ashley Shilo,DDA,Unassigned,Assigned,System Scheduled
WT2 - Quarterly Review (Q3),DANIEL O'ROURKE,A Touch of Loving Care,Community Engagement,1.5,9,Ashley Shilo,DDA,Unassigned,Assigned,System Scheduled
WT2 - Quarterly Review (Q4),DANIEL O'ROURKE,A Touch of Loving Care,Community Engagement,1.5,22,Ashley Shilo,DDA,Unassigned,Assigned,System Scheduled
WT1 - Annual ISP,Curtis Turner,A Touch of Loving Care,Personal Assistance,3,41,Ashley Shilo,DDA,Unassigned,Assigned,System Scheduled
WT2 - Quarterly Review (Q1),Curtis Turner,A Touch of Loving Care,Personal Assistance,1.5,41,Ondrea Wilson,DDA,Unassigned,Assigned,System Scheduled
WT2 - Quarterly Review (Q2),Curtis Turner,A Touch of Loving Care,Personal Assistance,1.5,2,Ashley Shilo,DDA,Unassigned,Assigned,System Scheduled
WT2 - Quarterly Review (Q3),Curtis Turner,A Touch of Loving Care,Personal Assistance,1.5,15,Ashley Shilo,DDA,Unassigned,Assigned,System Scheduled
WT2 - Quarterly Review (Q4),Curtis Turner,A Touch of Loving Care,Personal Assistance,1.5,28,Ashley Shilo,DDA,Unassigned,Assigned,System Scheduled
WT1 - Annual ISP,Joziah Carmon-Adkins,A Touch of Loving Care,Personal Assistance,3,42,Ashley Shilo,DDA,Unassigned,Assigned,System Scheduled
WT2 - Quarterly Review (Q1),Joziah Carmon-Adkins,A Touch of Loving Care,Personal Assistance,1.5,42,Ondrea Wilson,DDA,Unassigned,Assigned,System Scheduled
WT2 - Quarterly Review (Q2),Joziah Carmon-Adkins,A Touch of Loving Care,Personal Assistance,1.5,3,Ashley Shilo,DDA,Unassigned,Assigned,System Scheduled
WT2 - Quarterly Review (Q3),Joziah Carmon-Adkins,A Touch of Loving Care,Personal Assistance,1.5,16,Ashley Shilo,DDA,Unassigned,Assigned,System Scheduled
WT2 - Quarterly Review (Q4),Joziah Carmon-Adkins,A Touch of Loving Care,Personal Assistance,1.5,29,Ashley Shilo,DDA,Unassigned,Assigned,System Scheduled
WT1 - Annual ISP,Lenora Williams,A Touch of Loving Care,Personal Assistance,3,52,Kristin Williams,DDS 2,Unassigned,Assigned,System Scheduled
WT2 - Quarterly Review (Q1),Lenora Williams,A Touch of Loving Care,Personal Assistance,1.5,52,Jerry Burton,DDS 1,Unassigned,Assigned,System Scheduled
WT2 - Quarterly Review (Q2),Lenora Williams,A Touch of Loving Care,Personal Assistance,1.5,13,Ondrea Wilson,DDA,Unassigned,Assigned,System Scheduled
WT2 - Quarterly Review (Q3),Lenora Williams,A Touch of Loving Care,Personal Assistance,1.5,26,Ondrea Wilson,DDA,Unassigned,Assigned,System Scheduled
WT2 - Quarterly Review (Q4),Lenora Williams,A Touch of Loving Care,Personal Assistance,1.5,39,Ondrea Wilson,DDA,Unassigned,Assigned,System Scheduled
WT1 - Annual ISP,Legacie Webb,A Touch of Loving Care,Respite,3,52,Ashley Shilo,DDA,Unassigned,Assigned,System Scheduled
WT2 - Quarterly Review (Q1),Legacie Webb,A Touch of Loving Care,Respite,1.5,52,Shalette Shaw,DDS 2,Unassigned,Assigned,System Scheduled
WT2 - Quarterly Review (Q2),Legacie Webb,A Touch of Loving Care,Respite,1.5,13,Shalette Shaw,DDS 2,Unassigned,Assigned,System Scheduled
WT2 - Quarterly Review (Q3),Legacie Webb,A Touch of Loving Care,Respite,1.5,26,Shalette Shaw,DDS 2,Unassigned,Assigned,System Scheduled
WT2 - Quarterly Review (Q4),Legacie Webb,A Touch of Loving Care,Respite,1.5,39,Shalette Shaw,DDS 2,Unassigned,Assigned,System Scheduled
WT1 - Annual ISP,Curtis Turner,A Touch of Loving Care,Supportive In-Home,3,41,Shalette Shaw,DDS 2,Unassigned,Assigned,System Scheduled
WT2 - Quarterly Review (Q1),Curtis Turner,A Touch of Loving Care,Supportive In-Home,1.5,41,Kristin Williams,DDS 2,Unassigned,Assigned,System Scheduled
WT2 - Quarterly Review (Q2),Curtis Turner,A Touch of Loving Care,Supportive In-Home,1.5,2,Ondrea Wilson,DDA,Unassigned,Assigned,System Scheduled
WT2 - Quarterly Review (Q3),Curtis Turner,A Touch of Loving Care,Supportive In-Home,1.5,15,Ondrea Wilson,DDA,Unassigned,Assigned,System Scheduled
WT2 - Quarterly Review (Q4),Curtis Turner,A Touch of Loving Care,Supportive In-Home,1.5,28,Ondrea Wilson,DDA,Unassigned,Assigned,System Scheduled
WT1 - Annual ISP,Joziah Carmon-Adkins,A Touch of Loving Care,Supportive In-Home,3,42,Shalette Shaw,DDS 2,Unassigned,Assigned,System Scheduled
WT2 - Quarterly Review (Q1),Joziah Carmon-Adkins,A Touch of Loving Care,Supportive In-Home,1.5,42,Kristin Williams,DDS 2,Unassigned,Assigned,System Scheduled
WT2 - Quarterly Review (Q2),Joziah Carmon-Adkins,A Touch of Loving Care,Supportive In-Home,1.5,3,Ondrea Wilson,DDA,Unassigned,Assigned,System Scheduled
WT2 - Quarterly Review (Q3),Joziah Carmon-Adkins,A Touch of Loving Care,Supportive In-Home,1.5,16,Ondrea Wilson,DDA,Unassigned,Assigned,System Scheduled
WT2 - Quarterly Review (Q4),Joziah Carmon-Adkins,A Touch of Loving Care,Supportive In-Home,1.5,29,Ondrea Wilson,DDA,Unassigned,Assigned,System Scheduled
WT1 - Annual ISP,Lenora Williams,A Touch of Loving Care,Supportive In-Home,3,52,Mohammed,QDDP,Unassigned,Assigned,System Scheduled
WT2 - Quarterly Review (Q1),Lenora Williams,A Touch of Loving Care,Supportive In-Home,1.5,52,Kristin Williams,DDS 2,Unassigned,Assigned,System Scheduled
WT2 - Quarterly Review (Q2),Lenora Williams,A Touch of Loving Care,Supportive In-Home,1.5,13,Mohammed,QDDP,Unassigned,Assigned,System Scheduled
WT2 - Quarterly Review (Q3),Lenora Williams,A Touch of Loving Care,Supportive In-Home,1.5,26,Mohammed,QDDP,Unassigned,Assigned,System Scheduled
WT2 - Quarterly Review (Q4),Lenora Williams,A Touch of Loving Care,Supportive In-Home,1.5,39,Mohammed,QDDP,Unassigned,Assigned,System Scheduled
WT1 - Annual ISP,Destiny Willis,Believe-N-U Residential Services,Group Home,3,52,Ondrea Wilson,DDA,Unassigned,Assigned,System Scheduled
WT2 - Quarterly Review (Q1),Destiny Willis,Believe-N-U Residential Services,Group Home,1.5,52,Shalette Shaw,DDS 2,Unassigned,Assigned,System Scheduled
WT2 - Quarterly Review (Q2),Destiny Willis,Believe-N-U Residential Services,Group Home,1.5,13,Kristin Williams,DDS 2,Unassigned,Assigned,System Scheduled
WT2 - Quarterly Review (Q3),Destiny Willis,Believe-N-U Residential Services,Group Home,1.5,26,Kristin Williams,DDS 2,Unassigned,Assigned,System Scheduled
WT2 - Quarterly Review (Q4),Destiny Willis,Believe-N-U Residential Services,Group Home,1.5,39,Kristin Williams,DDS 2,Unassigned,Assigned,System Scheduled
WT1 - Annual ISP,JERRY SPINNER,Believe-N-U Residential Services,Group Home,3,52,Kristin Williams,DDS 2,Unassigned,Assigned,System Scheduled
WT2 - Quarterly Review (Q1),JERRY SPINNER,Believe-N-U Residential Services,Group Home,1.5,52,Ashley Shilo,DDA,Unassigned,Assigned,System Scheduled
WT2 - Quarterly Review (Q2),JERRY SPINNER,Believe-N-U Residential Services,Group Home,1.5,13,Ashley Shilo,DDA,Unassigned,Assigned,System Scheduled
WT2 - Quarterly Review (Q3),JERRY SPINNER,Believe-N-U Residential Services,Group Home,1.5,26,Ashley Shilo,DDA,Unassigned,Assigned,System Scheduled
WT2 - Quarterly Review (Q4),JERRY SPINNER,Believe-N-U Residential Services,Group Home,1.5,39,Ashley Shilo,DDA,Unassigned,Assigned,System Scheduled
WT1 - Annual ISP,Michael Rigsby,Believe-N-U Residential Services,Group Home,3,43,Shalette Shaw,DDS 2,Unassigned,Assigned,System Scheduled
WT2 - Quarterly Review (Q1),Michael Rigsby,Believe-N-U Residential Services,Group Home,1.5,43,Kristin Williams,DDS 2,Unassigned,Assigned,System Scheduled
WT2 - Quarterly Review (Q2),Michael Rigsby,Believe-N-U Residential Services,Group Home,1.5,4,Ondrea Wilson,DDA,Unassigned,Assigned,System Scheduled
WT2 - Quarterly Review (Q3),Michael Rigsby,Believe-N-U Residential Services,Group Home,1.5,17,Ondrea Wilson,DDA,Unassigned,Assigned,System Scheduled
WT2 - Quarterly Review (Q4),Michael Rigsby,Believe-N-U Residential Services,Group Home,1.5,30,Ondrea Wilson,DDA,Unassigned,Assigned,System Scheduled
WT1 - Annual ISP,JAVONTAY POLLARD,Believe-N-U Residential Services,Supported Living,3,52,Shalette Shaw,DDS 2,Unassigned,Assigned,System Scheduled
WT2 - Quarterly Review (Q1),JAVONTAY POLLARD,Believe-N-U Residential Services,Supported Living,1.5,52,Jerry Burton,DDS 1,Unassigned,Assigned,System Scheduled
WT2 - Quarterly Review (Q2),JAVONTAY POLLARD,Believe-N-U Residential Services,Supported Living,1.5,13,Ondrea Wilson,DDA,Unassigned,Assigned,System Scheduled
WT2 - Quarterly Review (Q3),JAVONTAY POLLARD,Believe-N-U Residential Services,Supported Living,1.5,26,Ondrea Wilson,DDA,Unassigned,Assigned,System Scheduled
WT2 - Quarterly Review (Q4),JAVONTAY POLLARD,Believe-N-U Residential Services,Supported Living,1.5,39,Ondrea Wilson,DDA,Unassigned,Assigned,System Scheduled
WT1 - Annual ISP,Nafeesah Anderson,Believe-N-U Residential Services,Supported Living,3,52,Mohammed,QDDP,Unassigned,Assigned,System Scheduled
WT2 - Quarterly Review (Q1),Nafeesah Anderson,Believe-N-U Residential Services,Supported Living,1.5,52,Kristin Williams,DDS 2,Unassigned,Assigned,System Scheduled
WT2 - Quarterly Review (Q2),Nafeesah Anderson,Believe-N-U Residential Services,Supported Living,1.5,13,Shalette Shaw,DDS 2,Unassigned,Assigned,System Scheduled
WT2 - Quarterly Review (Q3),Nafeesah Anderson,Believe-N-U Residential Services,Supported Living,1.5,26,Shalette Shaw,DDS 2,Unassigned,Assigned,System Scheduled
WT2 - Quarterly Review (Q4),Nafeesah Anderson,Believe-N-U Residential Services,Supported Living,1.5,39,Shalette Shaw,DDS 2,Unassigned,Assigned,System Scheduled
WT1 - Annual ISP,BENJAMIN STEWART,Connected Care,Personal Assistance,3,52,Ashley Shilo,DDA,Unassigned,Assigned,System Scheduled
WT2 - Quarterly Review (Q1),BENJAMIN STEWART,Connected Care,Personal Assistance,1.5,52,Ondrea Wilson,DDA,Unassigned,Assigned,System Scheduled
WT2 - Quarterly Review (Q2),BENJAMIN STEWART,Connected Care,Personal Assistance,1.5,13,Kristin Williams,DDS 2,Unassigned,Assigned,System Scheduled
WT2 - Quarterly Review (Q3),BENJAMIN STEWART,Connected Care,Personal Assistance,1.5,26,Kristin Williams,DDS 2,Unassigned,Assigned,System Scheduled
WT2 - Quarterly Review (Q4),BENJAMIN STEWART,Connected Care,Personal Assistance,1.5,39,Kristin Williams,DDS 2,Unassigned,Assigned,System Scheduled
WT1 - Annual ISP,CHRISTOPHER THOMPSON,Connected Care,Personal Assistance,3,52,Kristin Williams,DDS 2,Unassigned,Assigned,System Scheduled
WT2 - Quarterly Review (Q1),CHRISTOPHER THOMPSON,Connected Care,Personal Assistance,1.5,52,Ondrea Wilson,DDA,Unassigned,Assigned,System Scheduled
WT2 - Quarterly Review (Q2),CHRISTOPHER THOMPSON,Connected Care,Personal Assistance,1.5,13,Jerry Burton,DDS 1,Unassigned,Assigned,System Scheduled
WT2 - Quarterly Review (Q3),CHRISTOPHER THOMPSON,Connected Care,Personal Assistance,1.5,26,Jerry Burton,DDS 1,Unassigned,Assigned,System Scheduled
WT2 - Quarterly Review (Q4),CHRISTOPHER THOMPSON,Connected Care,Personal Assistance,1.5,39,Jerry Burton,DDS 1,Unassigned,Assigned,System Scheduled
WT1 - Annual ISP,JOSHUA ATKINS,Connected Care,Personal Assistance,3,52,Shalette Shaw,DDS 2,Unassigned,Assigned,System Scheduled
WT2 - Quarterly Review (Q1),JOSHUA ATKINS,Connected Care,Personal Assistance,1.5,52,Mohammed,QDDP,Unassigned,Assigned,System Scheduled
WT2 - Quarterly Review (Q2),JOSHUA ATKINS,Connected Care,Personal Assistance,1.5,13,Mohammed,QDDP,Unassigned,Assigned,System Scheduled
WT2 - Quarterly Review (Q3),JOSHUA ATKINS,Connected Care,Personal Assistance,1.5,26,Mohammed,QDDP,Unassigned,Assigned,System Scheduled
WT2 - Quarterly Review (Q4),JOSHUA ATKINS,Connected Care,Personal Assistance,1.5,39,Mohammed,QDDP,Unassigned,Assigned,System Scheduled
WT1 - Annual ISP,Raj Aryan Chinthapatla,Connected Care,Personal Assistance,3,52,Ashley Shilo,DDA,Unassigned,Assigned,System Scheduled
WT2 - Quarterly Review (Q1),Raj Aryan Chinthapatla,Connected Care,Personal Assistance,1.5,52,Ondrea Wilson,DDA,Unassigned,Assigned,System Scheduled
WT2 - Quarterly Review (Q2),Raj Aryan Chinthapatla,Connected Care,Personal Assistance,1.5,13,Kristin Williams,DDS 2,Unassigned,Assigned,System Scheduled
WT2 - Quarterly Review (Q3),Raj Aryan Chinthapatla,Connected Care,Personal Assistance,1.5,26,Kristin Williams,DDS 2,Unassigned,Assigned,System Scheduled
WT2 - Quarterly Review (Q4),Raj Aryan Chinthapatla,Connected Care,Personal Assistance,1.5,39,Kristin Williams,DDS 2,Unassigned,Assigned,System Scheduled
WT1 - Annual ISP,ANISHA HOTA,Connected Care,Supportive In-Home,3,52,Kristin Williams,DDS 2,Unassigned,Assigned,System Scheduled
WT2 - Quarterly Review (Q1),ANISHA HOTA,Connected Care,Supportive In-Home,1.5,52,Jerry Burton,DDS 1,Unassigned,Assigned,System Scheduled
WT2 - Quarterly Review (Q2),ANISHA HOTA,Connected Care,Supportive In-Home,1.5,13,Ashley Shilo,DDA,Unassigned,Assigned,System Scheduled
WT2 - Quarterly Review (Q3),ANISHA HOTA,Connected Care,Supportive In-Home,1.5,26,Ashley Shilo,DDA,Unassigned,Assigned,System Scheduled
WT2 - Quarterly Review (Q4),ANISHA HOTA,Connected Care,Supportive In-Home,1.5,39,Ashley Shilo,DDA,Unassigned,Assigned,System Scheduled
WT1 - Annual ISP,Anissa Bell,Connected Care,Supportive In-Home,3,52,Mohammed,QDDP,Unassigned,Assigned,System Scheduled
WT2 - Quarterly Review (Q1),Anissa Bell,Connected Care,Supportive In-Home,1.5,52,Ondrea Wilson,DDA,Unassigned,Assigned,System Scheduled
WT2 - Quarterly Review (Q2),Anissa Bell,Connected Care,Supportive In-Home,1.5,13,Ondrea Wilson,DDA,Unassigned,Assigned,System Scheduled
WT2 - Quarterly Review (Q3),Anissa Bell,Connected Care,Supportive In-Home,1.5,26,Ondrea Wilson,DDA,Unassigned,Assigned,System Scheduled
WT2 - Quarterly Review (Q4),Anissa Bell,Connected Care,Supportive In-Home,1.5,39,Ondrea Wilson,DDA,Unassigned,Assigned,System Scheduled
WT1 - Annual ISP,BENJAMIN STEWART,Connected Care,Supportive In-Home,3,52,Shalette Shaw,DDS 2,Unassigned,Assigned,System Scheduled
WT2 - Quarterly Review (Q1),BENJAMIN STEWART,Connected Care,Supportive In-Home,1.5,52,Kristin Williams,DDS 2,Unassigned,Assigned,System Scheduled
WT2 - Quarterly Review (Q2),BENJAMIN STEWART,Connected Care,Supportive In-Home,1.5,13,Shalette Shaw,DDS 2,Unassigned,Assigned,System Scheduled
WT2 - Quarterly Review (Q3),BENJAMIN STEWART,Connected Care,Supportive In-Home,1.5,26,Shalette Shaw,DDS 2,Unassigned,Assigned,System Scheduled
WT2 - Quarterly Review (Q4),BENJAMIN STEWART,Connected Care,Supportive In-Home,1.5,39,Shalette Shaw,DDS 2,Unassigned,Assigned,System Scheduled
WT1 - Annual ISP,CHRISTOPHER THOMPSON,Connected Care,Supportive In-Home,3,52,Ashley Shilo,DDA,Unassigned,Assigned,System Scheduled
WT2 - Quarterly Review (Q1),CHRISTOPHER THOMPSON,Connected Care,Supportive In-Home,1.5,52,Ondrea Wilson,DDA,Unassigned,Assigned,System Scheduled
WT2 - Quarterly Review (Q2),CHRISTOPHER THOMPSON,Connected Care,Supportive In-Home,1.5,13,Mohammed,QDDP,Unassigned,Assigned,System Scheduled
WT2 - Quarterly Review (Q3),CHRISTOPHER THOMPSON,Connected Care,Supportive In-Home,1.5,26,Mohammed,QDDP,Unassigned,Assigned,System Scheduled
WT2 - Quarterly Review (Q4),CHRISTOPHER THOMPSON,Connected Care,Supportive In-Home,1.5,39,Mohammed,QDDP,Unassigned,Assigned,System Scheduled
WT1 - Annual ISP,Jackson Carroll,Connected Care,Supportive In-Home,3,52,Mohammed,QDDP,Unassigned,Assigned,System Scheduled
WT2 - Quarterly Review (Q1),Jackson Carroll,Connected Care,Supportive In-Home,1.5,52,Kristin Williams,DDS 2,Unassigned,Assigned,System Scheduled
WT2 - Quarterly Review (Q2),Jackson Carroll,Connected Care,Supportive In-Home,1.5,13,Kristin Williams,DDS 2,Unassigned,Assigned,System Scheduled
WT2 - Quarterly Review (Q3),Jackson Carroll,Connected Care,Supportive In-Home,1.5,26,Kristin Williams,DDS 2,Unassigned,Assigned,System Scheduled
WT2 - Quarterly Review (Q4),Jackson Carroll,Connected Care,Supportive In-Home,1.5,39,Kristin Williams,DDS 2,Unassigned,Assigned,System Scheduled
WT1 - Annual ISP,Jaelyn Tappan,Connected Care,Supportive In-Home,3,52,Ondrea Wilson,DDA,Unassigned,Assigned,System Scheduled
WT2 - Quarterly Review (Q1),Jaelyn Tappan,Connected Care,Supportive In-Home,1.5,52,Shalette Shaw,DDS 2,Unassigned,Assigned,System Scheduled
WT2 - Quarterly Review (Q2),Jaelyn Tappan,Connected Care,Supportive In-Home,1.5,13,Ashley Shilo,DDA,Unassigned,Assigned,System Scheduled
WT2 - Quarterly Review (Q3),Jaelyn Tappan,Connected Care,Supportive In-Home,1.5,26,Ashley Shilo,DDA,Unassigned,Assigned,System Scheduled
WT2 - Quarterly Review (Q4),Jaelyn Tappan,Connected Care,Supportive In-Home,1.5,39,Ashley Shilo,DDA,Unassigned,Assigned,System Scheduled
WT1 - Annual ISP,Jillian Schruefer,Connected Care,Supportive In-Home,3,48,Ondrea Wilson,DDA,Unassigned,Assigned,System Scheduled
WT2 - Quarterly Review (Q1),Jillian Schruefer,Connected Care,Supportive In-Home,1.5,48,Shalette Shaw,DDS 2,Unassigned,Assigned,System Scheduled
WT2 - Quarterly Review (Q2),Jillian Schruefer,Connected Care,Supportive In-Home,1.5,9,Ondrea Wilson,DDA,Unassigned,Assigned,System Scheduled
WT2 - Quarterly Review (Q3),Jillian Schruefer,Connected Care,Supportive In-Home,1.5,22,Ondrea Wilson,DDA,Unassigned,Assigned,System Scheduled
WT2 - Quarterly Review (Q4),Jillian Schruefer,Connected Care,Supportive In-Home,1.5,35,Shalette Shaw,DDS 2,Unassigned,Assigned,System Scheduled
WT1 - Annual ISP,JOSHUA ATKINS,Connected Care,Supportive In-Home,3,52,Kristin Williams,DDS 2,Unassigned,Assigned,System Scheduled
WT2 - Quarterly Review (Q1),JOSHUA ATKINS,Connected Care,Supportive In-Home,1.5,52,Jerry Burton,DDS 1,Unassigned,Assigned,System Scheduled
WT2 - Quarterly Review (Q2),JOSHUA ATKINS,Connected Care,Supportive In-Home,1.5,13,Ondrea Wilson,DDA,Unassigned,Assigned,System Scheduled
WT2 - Quarterly Review (Q3),JOSHUA ATKINS,Connected Care,Supportive In-Home,1.5,26,Ondrea Wilson,DDA,Unassigned,Assigned,System Scheduled
WT2 - Quarterly Review (Q4),JOSHUA ATKINS,Connected Care,Supportive In-Home,1.5,39,Ondrea Wilson,DDA,Unassigned,Assigned,System Scheduled
WT1 - Annual ISP,JULIUS LAGUNA,Connected Care,Supportive In-Home,3,52,Ashley Shilo,DDA,Unassigned,Assigned,System Scheduled
WT2 - Quarterly Review (Q1),JULIUS LAGUNA,Connected Care,Supportive In-Home,1.5,52,Shalette Shaw,DDS 2,Unassigned,Assigned,System Scheduled
WT2 - Quarterly Review (Q2),JULIUS LAGUNA,Connected Care,Supportive In-Home,1.5,13,Shalette Shaw,DDS 2,Unassigned,Assigned,System Scheduled
WT2 - Quarterly Review (Q3),JULIUS LAGUNA,Connected Care,Supportive In-Home,1.5,26,Shalette Shaw,DDS 2,Unassigned,Assigned,System Scheduled
WT2 - Quarterly Review (Q4),JULIUS LAGUNA,Connected Care,Supportive In-Home,1.5,39,Shalette Shaw,DDS 2,Unassigned,Assigned,System Scheduled
WT1 - Annual ISP,Laura Busch,Connected Care,Supportive In-Home,3,52,Mohammed,QDDP,Unassigned,Assigned,System Scheduled
WT2 - Quarterly Review (Q1),Laura Busch,Connected Care,Supportive In-Home,1.5,52,Kristin Williams,DDS 2,Unassigned,Assigned,System Scheduled
WT2 - Quarterly Review (Q2),Laura Busch,Connected Care,Supportive In-Home,1.5,13,Mohammed,QDDP,Unassigned,Assigned,System Scheduled
WT2 - Quarterly Review (Q3),Laura Busch,Connected Care,Supportive In-Home,1.5,26,Mohammed,QDDP,Unassigned,Assigned,System Scheduled
WT2 - Quarterly Review (Q4),Laura Busch,Connected Care,Supportive In-Home,1.5,39,Mohammed,QDDP,Unassigned,Assigned,System Scheduled
WT1 - Annual ISP,Muhammad Cheema,Connected Care,Supportive In-Home,3,52,Ondrea Wilson,DDA,Unassigned,Assigned,System Scheduled
WT2 - Quarterly Review (Q1),Muhammad Cheema,Connected Care,Supportive In-Home,1.5,52,Shalette Shaw,DDS 2,Unassigned,Assigned,System Scheduled
WT2 - Quarterly Review (Q2),Muhammad Cheema,Connected Care,Supportive In-Home,1.5,13,Kristin Williams,DDS 2,Unassigned,Assigned,System Scheduled
WT2 - Quarterly Review (Q3),Muhammad Cheema,Connected Care,Supportive In-Home,1.5,26,Kristin Williams,DDS 2,Unassigned,Assigned,System Scheduled
WT2 - Quarterly Review (Q4),Muhammad Cheema,Connected Care,Supportive In-Home,1.5,39,Kristin Williams,DDS 2,Unassigned,Assigned,System Scheduled
WT1 - Annual ISP,Nathan Loving,Connected Care,Supportive In-Home,3,52,Kristin Williams,DDS 2,Unassigned,Assigned,System Scheduled
WT2 - Quarterly Review (Q1),Nathan Loving,Connected Care,Supportive In-Home,1.5,52,Ashley Shilo,DDA,Unassigned,Assigned,System Scheduled
WT2 - Quarterly Review (Q2),Nathan Loving,Connected Care,Supportive In-Home,1.5,13,Ashley Shilo,DDA,Unassigned,Assigned,System Scheduled
WT2 - Quarterly Review (Q3),Nathan Loving,Connected Care,Supportive In-Home,1.5,26,Ashley Shilo,DDA,Unassigned,Assigned,System Scheduled
WT2 - Quarterly Review (Q4),Nathan Loving,Connected Care,Supportive In-Home,1.5,39,Ashley Shilo,DDA,Unassigned,Assigned,System Scheduled
WT1 - Annual ISP,Nihaal Yerram,Connected Care,Supportive In-Home,3,52,Shalette Shaw,DDS 2,Unassigned,Assigned,System Scheduled
WT2 - Quarterly Review (Q1),Nihaal Yerram,Connected Care,Supportive In-Home,1.5,52,Jerry Burton,DDS 1,Unassigned,Assigned,System Scheduled
WT2 - Quarterly Review (Q2),Nihaal Yerram,Connected Care,Supportive In-Home,1.5,13,Ondrea Wilson,DDA,Unassigned,Assigned,System Scheduled
WT2 - Quarterly Review (Q3),Nihaal Yerram,Connected Care,Supportive In-Home,1.5,26,Ondrea Wilson,DDA,Unassigned,Assigned,System Scheduled
WT2 - Quarterly Review (Q4),Nihaal Yerram,Connected Care,Supportive In-Home,1.5,39,Ondrea Wilson,DDA,Unassigned,Assigned,System Scheduled
WT1 - Annual ISP,NINA WEI,Connected Care,Supportive In-Home,3,52,Mohammed,QDDP,Unassigned,Assigned,System Scheduled
WT2 - Quarterly Review (Q1),NINA WEI,Connected Care,Supportive In-Home,1.5,52,Kristin Williams,DDS 2,Unassigned,Assigned,System Scheduled
WT2 - Quarterly Review (Q2),NINA WEI,Connected Care,Supportive In-Home,1.5,13,Shalette Shaw,DDS 2,Unassigned,Assigned,System Scheduled
WT2 - Quarterly Review (Q3),NINA WEI,Connected Care,Supportive In-Home,1.5,26,Shalette Shaw,DDS 2,Unassigned,Assigned,System Scheduled
WT2 - Quarterly Review (Q4),NINA WEI,Connected Care,Supportive In-Home,1.5,39,Shalette Shaw,DDS 2,Unassigned,Assigned,System Scheduled
WT1 - Annual ISP,Paul Nowak,Connected Care,Supportive In-Home,3,52,Ashley Shilo,DDA,Unassigned,Assigned,System Scheduled
WT2 - Quarterly Review (Q1),Paul Nowak,Connected Care,Supportive In-Home,1.5,52,Ondrea Wilson,DDA,Unassigned,Assigned,System Scheduled
WT2 - Quarterly Review (Q2),Paul Nowak,Connected Care,Supportive In-Home,1.5,13,Kristin Williams,DDS 2,Unassigned,Assigned,System Scheduled
WT2 - Quarterly Review (Q3),Paul Nowak,Connected Care,Supportive In-Home,1.5,26,Kristin Williams,DDS 2,Unassigned,Assigned,System Scheduled
WT2 - Quarterly Review (Q4),Paul Nowak,Connected Care,Supportive In-Home,1.5,39,Kristin Williams,DDS 2,Unassigned,Assigned,System Scheduled
WT1 - Annual ISP,Portia Ochill-Mensah,Connected Care,Supportive In-Home,3,52,Kristin Williams,DDS 2,Unassigned,Assigned,System Scheduled
WT2 - Quarterly Review (Q1),Portia Ochill-Mensah,Connected Care,Supportive In-Home,1.5,52,Latoya Smith,Clinical Director,Unassigned,Assigned,System Scheduled
WT2 - Quarterly Review (Q2),Portia Ochill-Mensah,Connected Care,Supportive In-Home,1.5,13,Jerry Burton,DDS 1,Unassigned,Assigned,System Scheduled
WT2 - Quarterly Review (Q3),Portia Ochill-Mensah,Connected Care,Supportive In-Home,1.5,26,Jerry Burton,DDS 1,Unassigned,Assigned,System Scheduled
WT2 - Quarterly Review (Q4),Portia Ochill-Mensah,Connected Care,Supportive In-Home,1.5,39,Jerry Burton,DDS 1,Unassigned,Assigned,System Scheduled
WT1 - Annual ISP,Raj Aryan Chinthapatla,Connected Care,Supportive In-Home,3,52,Stephanie Eatton-Johnson,Clinical Director,Unassigned,Assigned,System Scheduled
WT2 - Quarterly Review (Q1),Raj Aryan Chinthapatla,Connected Care,Supportive In-Home,1.5,52,Ayaat Albayati,Clinical Operations Director,Unassigned,Assigned,System Scheduled
WT2 - Quarterly Review (Q2),Raj Aryan Chinthapatla,Connected Care,Supportive In-Home,1.5,13,Mohammed,QDDP,Unassigned,Assigned,System Scheduled
WT2 - Quarterly Review (Q3),Raj Aryan Chinthapatla,Connected Care,Supportive In-Home,1.5,26,Mohammed,QDDP,Unassigned,Assigned,System Scheduled
WT2 - Quarterly Review (Q4),Raj Aryan Chinthapatla,Connected Care,Supportive In-Home,1.5,39,Mohammed,QDDP,Unassigned,Assigned,System Scheduled
WT1 - Annual ISP,Smayan Karri,Connected Care,Supportive In-Home,3,52,Latoya Smith,Clinical Director,Unassigned,Assigned,System Scheduled
WT2 - Quarterly Review (Q1),Smayan Karri,Connected Care,Supportive In-Home,1.5,52,Ayaat Albayati,Clinical Operations Director,Unassigned,Assigned,System Scheduled
WT2 - Quarterly Review (Q2),Smayan Karri,Connected Care,Supportive In-Home,1.5,13,Kristin Williams,DDS 2,Unassigned,Assigned,System Scheduled
WT2 - Quarterly Review (Q3),Smayan Karri,Connected Care,Supportive In-Home,1.5,26,Kristin Williams,DDS 2,Unassigned,Assigned,System Scheduled
WT2 - Quarterly Review (Q4),Smayan Karri,Connected Care,Supportive In-Home,1.5,39,Kristin Williams,DDS 2,Unassigned,Assigned,System Scheduled
WT1 - Annual ISP,Takuma Matsuo,Connected Care,Supportive In-Home,3,52,Stephanie Eatton-Johnson,Clinical Director,Unassigned,Assigned,System Scheduled
WT2 - Quarterly Review (Q1),Takuma Matsuo,Connected Care,Supportive In-Home,1.5,52,Ayaat Albayati,Clinical Operations Director,Unassigned,Assigned,System Scheduled
WT2 - Quarterly Review (Q2),Takuma Matsuo,Connected Care,Supportive In-Home,1.5,13,Ashley Shilo,DDA,Unassigned,Assigned,System Scheduled
WT2 - Quarterly Review (Q3),Takuma Matsuo,Connected Care,Supportive In-Home,1.5,26,Ashley Shilo,DDA,Unassigned,Assigned,System Scheduled
WT2 - Quarterly Review (Q4),Takuma Matsuo,Connected Care,Supportive In-Home,1.5,39,Ashley Shilo,DDA,Unassigned,Assigned,System Scheduled
WT1 - Annual ISP,Takumi Matsuo,Connected Care,Supportive In-Home,3,52,Latoya Smith,Clinical Director,Unassigned,Assigned,System Scheduled
WT2 - Quarterly Review (Q1),Takumi Matsuo,Connected Care,Supportive In-Home,1.5,52,Ayaat Albayati,Clinical Operations Director,Unassigned,Assigned,System Scheduled
WT2 - Quarterly Review (Q2),Takumi Matsuo,Connected Care,Supportive In-Home,1.5,13,Ondrea Wilson,DDA,Unassigned,Assigned,System Scheduled
WT2 - Quarterly Review (Q3),Takumi Matsuo,Connected Care,Supportive In-Home,1.5,26,Ondrea Wilson,DDA,Unassigned,Assigned,System Scheduled
WT2 - Quarterly Review (Q4),Takumi Matsuo,Connected Care,Supportive In-Home,1.5,39,Ondrea Wilson,DDA,Unassigned,Assigned,System Scheduled
WT1 - Annual ISP,Robert Hill,Consolidated Care,Community Engagement,3,52,Stephanie Eatton-Johnson,Clinical Director,Unassigned,Assigned,System Scheduled
WT2 - Quarterly Review (Q1),Robert Hill,Consolidated Care,Community Engagement,1.5,52,Ayaat Albayati,Clinical Operations Director,Unassigned,Assigned,System Scheduled
WT2 - Quarterly Review (Q2),Robert Hill,Consolidated Care,Community Engagement,1.5,13,Shalette Shaw,DDS 2,Unassigned,Assigned,System Scheduled
WT2 - Quarterly Review (Q3),Robert Hill,Consolidated Care,Community Engagement,1.5,26,Shalette Shaw,DDS 2,Unassigned,Assigned,System Scheduled
WT2 - Quarterly Review (Q4),Robert Hill,Consolidated Care,Community Engagement,1.5,39,Shalette Shaw,DDS 2,Unassigned,Assigned,System Scheduled
WT1 - Annual ISP,Brandon Byrum,Consolidated Care,Supported Living,3,43,Jerry Burton,DDS 1,Unassigned,Assigned,System Scheduled
WT2 - Quarterly Review (Q1),Brandon Byrum,Consolidated Care,Supported Living,1.5,43,Mohammed,QDDP,Unassigned,Assigned,System Scheduled
WT2 - Quarterly Review (Q2),Brandon Byrum,Consolidated Care,Supported Living,1.5,4,Shalette Shaw,DDS 2,Unassigned,Assigned,System Scheduled
WT2 - Quarterly Review (Q3),Brandon Byrum,Consolidated Care,Supported Living,1.5,17,Shalette Shaw,DDS 2,Unassigned,Assigned,System Scheduled
WT2 - Quarterly Review (Q4),Brandon Byrum,Consolidated Care,Supported Living,1.5,30,Shalette Shaw,DDS 2,Unassigned,Assigned,System Scheduled
WT1 - Annual ISP,Brent Smith,Consolidated Care,Supported Living,3,52,Latoya Smith,Clinical Director,Unassigned,Assigned,System Scheduled
WT2 - Quarterly Review (Q1),Brent Smith,Consolidated Care,Supported Living,1.5,52,Ayaat Albayati,Clinical Operations Director,Unassigned,Assigned,System Scheduled
WT2 - Quarterly Review (Q2),Brent Smith,Consolidated Care,Supported Living,1.5,13,Mohammed,QDDP,Unassigned,Assigned,System Scheduled
WT2 - Quarterly Review (Q3),Brent Smith,Consolidated Care,Supported Living,1.5,26,Mohammed,QDDP,Unassigned,Assigned,System Scheduled
WT2 - Quarterly Review (Q4),Brent Smith,Consolidated Care,Supported Living,1.5,39,Mohammed,QDDP,Unassigned,Assigned,System Scheduled
WT1 - Annual ISP,Robert Hill,Consolidated Care,Supported Living,3,52,Stephanie Eatton-Johnson,Clinical Director,Unassigned,Assigned,System Scheduled
WT2 - Quarterly Review (Q1),Robert Hill,Consolidated Care,Supported Living,1.5,52,Ayaat Albayati,Clinical Operations Director,Unassigned,Assigned,System Scheduled
WT2 - Quarterly Review (Q2),Robert Hill,Consolidated Care,Supported Living,1.5,13,Kristin Williams,DDS 2,Unassigned,Assigned,System Scheduled
WT2 - Quarterly Review (Q3),Robert Hill,Consolidated Care,Supported Living,1.5,26,Kristin Williams,DDS 2,Unassigned,Assigned,System Scheduled
WT2 - Quarterly Review (Q4),Robert Hill,Consolidated Care,Supported Living,1.5,39,Kristin Williams,DDS 2,Unassigned,Assigned,System Scheduled
WT1 - Annual ISP,Zackary Outlaw,Consolidated Care,Supported Living,3,52,Latoya Smith,Clinical Director,Unassigned,Assigned,System Scheduled
WT2 - Quarterly Review (Q1),Zackary Outlaw,Consolidated Care,Supported Living,1.5,52,Ayaat Albayati,Clinical Operations Director,Unassigned,Assigned,System Scheduled
WT2 - Quarterly Review (Q2),Zackary Outlaw,Consolidated Care,Supported Living,1.5,13,Ashley Shilo,DDA,Unassigned,Assigned,System Scheduled
WT2 - Quarterly Review (Q3),Zackary Outlaw,Consolidated Care,Supported Living,1.5,26,Ashley Shilo,DDA,Unassigned,Assigned,System Scheduled
WT2 - Quarterly Review (Q4),Zackary Outlaw,Consolidated Care,Supported Living,1.5,39,Ashley Shilo,DDA,Unassigned,Assigned,System Scheduled
WT1 - Annual ISP,AUBREON WESTBROOK,CRE8FOR LIFE,Community Engagement,3,52,Stephanie Eatton-Johnson,Clinical Director,Unassigned,Assigned (DBHDS 14-Day Pre-Due Window - Wk 50),
WT2 - Quarterly Review (Q1),AUBREON WESTBROOK,CRE8FOR LIFE,Community Engagement,1.5,52,Ayaat Albayati,Clinical Operations Director,Unassigned,Assigned,System Scheduled
WT2 - Quarterly Review (Q2),AUBREON WESTBROOK,CRE8FOR LIFE,Community Engagement,1.5,13,Ondrea Wilson,DDA,Unassigned,Assigned,System Scheduled
WT2 - Quarterly Review (Q3),AUBREON WESTBROOK,CRE8FOR LIFE,Community Engagement,1.5,26,Ondrea Wilson,DDA,Unassigned,Assigned,System Scheduled
WT2 - Quarterly Review (Q4),AUBREON WESTBROOK,CRE8FOR LIFE,Community Engagement,1.5,39,Ondrea Wilson,DDA,Unassigned,Assigned,System Scheduled
WT1 - Annual ISP,CLAUDETTE BROWN,CRE8FOR LIFE,Community Engagement,3,52,Latoya Smith,Clinical Director,Unassigned,Assigned (DBHDS 14-Day Pre-Due Window - Wk 50),
WT2 - Quarterly Review (Q1),CLAUDETTE BROWN,CRE8FOR LIFE,Community Engagement,1.5,52,Ayaat Albayati,Clinical Operations Director,Unassigned,Assigned,System Scheduled
WT2 - Quarterly Review (Q2),CLAUDETTE BROWN,CRE8FOR LIFE,Community Engagement,1.5,13,Shalette Shaw,DDS 2,Unassigned,Assigned,System Scheduled
WT2 - Quarterly Review (Q3),CLAUDETTE BROWN,CRE8FOR LIFE,Community Engagement,1.5,26,Shalette Shaw,DDS 2,Unassigned,Assigned,System Scheduled
WT2 - Quarterly Review (Q4),CLAUDETTE BROWN,CRE8FOR LIFE,Community Engagement,1.5,39,Shalette Shaw,DDS 2,Unassigned,Assigned,System Scheduled
WT1 - Annual ISP,DEJONG MCNEIL,CRE8FOR LIFE,Community Engagement,3,52,Stephanie Eatton-Johnson,Clinical Director,Unassigned,Assigned (DBHDS 14-Day Pre-Due Window - Wk 50),
WT2 - Quarterly Review (Q1),DEJONG MCNEIL,CRE8FOR LIFE,Community Engagement,1.5,52,Ayaat Albayati,Clinical Operations Director,Unassigned,Assigned,System Scheduled
WT2 - Quarterly Review (Q2),DEJONG MCNEIL,CRE8FOR LIFE,Community Engagement,1.5,13,Mohammed,QDDP,Unassigned,Assigned,System Scheduled
WT2 - Quarterly Review (Q3),DEJONG MCNEIL,CRE8FOR LIFE,Community Engagement,1.5,26,Mohammed,QDDP,Unassigned,Assigned,System Scheduled
WT2 - Quarterly Review (Q4),DEJONG MCNEIL,CRE8FOR LIFE,Community Engagement,1.5,39,Mohammed,QDDP,Unassigned,Assigned,System Scheduled
WT1 - Annual ISP,DOMINIQUE TAYLOR,CRE8FOR LIFE,Community Engagement,3,52,Latoya Smith,Clinical Director,Unassigned,Assigned (DBHDS 14-Day Pre-Due Window - Wk 50),
WT2 - Quarterly Review (Q1),DOMINIQUE TAYLOR,CRE8FOR LIFE,Community Engagement,1.5,52,Ayaat Albayati,Clinical Operations Director,Unassigned,Assigned,System Scheduled
WT2 - Quarterly Review (Q2),DOMINIQUE TAYLOR,CRE8FOR LIFE,Community Engagement,1.5,13,Kristin Williams,DDS 2,Unassigned,Assigned,System Scheduled
WT2 - Quarterly Review (Q3),DOMINIQUE TAYLOR,CRE8FOR LIFE,Community Engagement,1.5,26,Kristin Williams,DDS 2,Unassigned,Assigned,System Scheduled
WT2 - Quarterly Review (Q4),DOMINIQUE TAYLOR,CRE8FOR LIFE,Community Engagement,1.5,39,Kristin Williams,DDS 2,Unassigned,Assigned,System Scheduled
WT1 - Annual ISP,Joy Askew,CRE8FOR LIFE,Community Engagement,3,52,Stephanie Eatton-Johnson,Clinical Director,Unassigned,Assigned (DBHDS 14-Day Pre-Due Window - Wk 50),
WT2 - Quarterly Review (Q1),Joy Askew,CRE8FOR LIFE,Community Engagement,1.5,52,Ayaat Albayati,Clinical Operations Director,Unassigned,Assigned,System Scheduled
WT2 - Quarterly Review (Q2),Joy Askew,CRE8FOR LIFE,Community Engagement,1.5,13,Ashley Shilo,DDA,Unassigned,Assigned,System Scheduled
WT2 - Quarterly Review (Q3),Joy Askew,CRE8FOR LIFE,Community Engagement,1.5,26,Ashley Shilo,DDA,Unassigned,Assigned,System Scheduled
WT2 - Quarterly Review (Q4),Joy Askew,CRE8FOR LIFE,Community Engagement,1.5,39,Ashley Shilo,DDA,Unassigned,Assigned,System Scheduled
WT1 - Annual ISP,KHAILIL POOLE,CRE8FOR LIFE,Community Engagement,3,42,Jerry Burton,DDS 1,Unassigned,Assigned,System Scheduled
WT2 - Quarterly Review (Q1),KHAILIL POOLE,CRE8FOR LIFE,Community Engagement,1.5,42,Mohammed,QDDP,Unassigned,Assigned,System Scheduled
WT2 - Quarterly Review (Q2),KHAILIL POOLE,CRE8FOR LIFE,Community Engagement,1.5,3,Shalette Shaw,DDS 2,Unassigned,Assigned,System Scheduled
WT2 - Quarterly Review (Q3),KHAILIL POOLE,CRE8FOR LIFE,Community Engagement,1.5,16,Shalette Shaw,DDS 2,Unassigned,Assigned,System Scheduled
WT2 - Quarterly Review (Q4),KHAILIL POOLE,CRE8FOR LIFE,Community Engagement,1.5,29,Shalette Shaw,DDS 2,Unassigned,Assigned,System Scheduled
WT1 - Annual ISP,RICHARD HARRELL,CRE8FOR LIFE,Community Engagement,3,52,Latoya Smith,Clinical Director,Unassigned,Assigned - Leadership Cascade,System Scheduled
WT2 - Quarterly Review (Q1),RICHARD HARRELL,CRE8FOR LIFE,Community Engagement,1.5,52,Ayaat Albayati,Clinical Operations Director,Unassigned,Assigned,System Scheduled
WT2 - Quarterly Review (Q2),RICHARD HARRELL,CRE8FOR LIFE,Community Engagement,1.5,13,Ondrea Wilson,DDA,Unassigned,Assigned,System Scheduled
WT2 - Quarterly Review (Q3),RICHARD HARRELL,CRE8FOR LIFE,Community Engagement,1.5,26,Ondrea Wilson,DDA,Unassigned,Assigned,System Scheduled
WT2 - Quarterly Review (Q4),RICHARD HARRELL,CRE8FOR LIFE,Community Engagement,1.5,39,Ondrea Wilson,DDA,Unassigned,Assigned,System Scheduled
WT1 - Annual ISP,Serrell Bright-Ramirez,CRE8FOR LIFE,Community Engagement,3,52,Stephanie Eatton-Johnson,Clinical Director,Unassigned,Assigned - Leadership Cascade,System Scheduled
WT2 - Quarterly Review (Q1),Serrell Bright-Ramirez,CRE8FOR LIFE,Community Engagement,1.5,52,Ayaat Albayati,Clinical Operations Director,Unassigned,Assigned,System Scheduled
WT2 - Quarterly Review (Q2),Serrell Bright-Ramirez,CRE8FOR LIFE,Community Engagement,1.5,13,Shalette Shaw,DDS 2,Unassigned,Assigned,System Scheduled
WT2 - Quarterly Review (Q3),Serrell Bright-Ramirez,CRE8FOR LIFE,Community Engagement,1.5,26,Shalette Shaw,DDS 2,Unassigned,Assigned,System Scheduled
WT2 - Quarterly Review (Q4),Serrell Bright-Ramirez,CRE8FOR LIFE,Community Engagement,1.5,39,Shalette Shaw,DDS 2,Unassigned,Assigned,System Scheduled
WT1 - Annual ISP,Frank Adams,Dynasty Wellness,Supportive In-Home,3,40,Shalette Shaw,DDS 2,Unassigned,Assigned,System Scheduled
WT2 - Quarterly Review (Q1),Frank Adams,Dynasty Wellness,Supportive In-Home,1.5,40,Kristin Williams,DDS 2,Unassigned,Assigned,System Scheduled
WT2 - Quarterly Review (Q2),Frank Adams,Dynasty Wellness,Supportive In-Home,1.5,1,Ondrea Wilson,DDA,Unassigned,Assigned,System Scheduled
WT2 - Quarterly Review (Q3),Frank Adams,Dynasty Wellness,Supportive In-Home,1.5,14,Ondrea Wilson,DDA,Unassigned,Assigned,System Scheduled
WT2 - Quarterly Review (Q4),Frank Adams,Dynasty Wellness,Supportive In-Home,1.5,27,Ondrea Wilson,DDA,Unassigned,Assigned,System Scheduled
WT1 - Annual ISP,AHMAD WALLACE,Extraordinary Changes,Community Engagement,3,52,Latoya Smith,Clinical Director,Unassigned,Assigned - Leadership Cascade,System Scheduled
WT2 - Quarterly Review (Q1),AHMAD WALLACE,Extraordinary Changes,Community Engagement,1.5,52,Ayaat Albayati,Clinical Operations Director,Unassigned,Assigned,System Scheduled
WT2 - Quarterly Review (Q2),AHMAD WALLACE,Extraordinary Changes,Community Engagement,1.5,13,Kristin Williams,DDS 2,Unassigned,Assigned,System Scheduled
WT2 - Quarterly Review (Q3),AHMAD WALLACE,Extraordinary Changes,Community Engagement,1.5,26,Kristin Williams,DDS 2,Unassigned,Assigned,System Scheduled
WT2 - Quarterly Review (Q4),AHMAD WALLACE,Extraordinary Changes,Community Engagement,1.5,39,Kristin Williams,DDS 2,Unassigned,Assigned,System Scheduled
WT1 - Annual ISP,AMANI SHARRY,Extraordinary Changes,Community Engagement,3,44,Ashley Shilo,DDA,Unassigned,Assigned,System Scheduled
WT2 - Quarterly Review (Q1),AMANI SHARRY,Extraordinary Changes,Community Engagement,1.5,44,Ondrea Wilson,DDA,Unassigned,Assigned,System Scheduled
WT2 - Quarterly Review (Q2),AMANI SHARRY,Extraordinary Changes,Community Engagement,1.5,5,Ashley Shilo,DDA,Unassigned,Assigned,System Scheduled
WT2 - Quarterly Review (Q3),AMANI SHARRY,Extraordinary Changes,Community Engagement,1.5,18,Ashley Shilo,DDA,Unassigned,Assigned,System Scheduled
WT2 - Quarterly Review (Q4),AMANI SHARRY,Extraordinary Changes,Community Engagement,1.5,31,Ashley Shilo,DDA,Unassigned,Assigned,System Scheduled
WT1 - Annual ISP,Brandon Ward,Extraordinary Changes,Community Engagement,3,52,Stephanie Eatton-Johnson,Clinical Director,Unassigned,Assigned - Leadership Cascade,System Scheduled
WT2 - Quarterly Review (Q1),Brandon Ward,Extraordinary Changes,Community Engagement,1.5,52,Ayaat Albayati,Clinical Operations Director,Unassigned,Assigned,System Scheduled
WT2 - Quarterly Review (Q2),Brandon Ward,Extraordinary Changes,Community Engagement,1.5,13,Jerry Burton,DDS 1,Unassigned,Assigned,System Scheduled
WT2 - Quarterly Review (Q3),Brandon Ward,Extraordinary Changes,Community Engagement,1.5,26,Jerry Burton,DDS 1,Unassigned,Assigned,System Scheduled
WT2 - Quarterly Review (Q4),Brandon Ward,Extraordinary Changes,Community Engagement,1.5,39,Jerry Burton,DDS 1,Unassigned,Assigned,System Scheduled
WT1 - Annual ISP,CHRISTOPHER SPARKS,Extraordinary Changes,Community Engagement,3,52,Latoya Smith,Clinical Director,Unassigned,Assigned - Leadership Cascade,System Scheduled
WT2 - Quarterly Review (Q1),CHRISTOPHER SPARKS,Extraordinary Changes,Community Engagement,1.5,52,Ayaat Albayati,Clinical Operations Director,Unassigned,Assigned,System Scheduled
WT2 - Quarterly Review (Q2),CHRISTOPHER SPARKS,Extraordinary Changes,Community Engagement,1.5,13,Mohammed,QDDP,Unassigned,Assigned,System Scheduled
WT2 - Quarterly Review (Q3),CHRISTOPHER SPARKS,Extraordinary Changes,Community Engagement,1.5,26,Mohammed,QDDP,Unassigned,Assigned,System Scheduled
WT2 - Quarterly Review (Q4),CHRISTOPHER SPARKS,Extraordinary Changes,Community Engagement,1.5,39,Mohammed,QDDP,Unassigned,Assigned,System Scheduled
WT1 - Annual ISP,DAEKWON SIMS,Extraordinary Changes,Community Engagement,3,39,Kristin Williams,DDS 2,Unassigned,Assigned,System Scheduled
WT2 - Quarterly Review (Q1),DAEKWON SIMS,Extraordinary Changes,Community Engagement,1.5,39,Ashley Shilo,DDA,Unassigned,Assigned,System Scheduled
WT2 - Quarterly Review (Q2),DAEKWON SIMS,Extraordinary Changes,Community Engagement,1.5,52,Stephanie Eatton-Johnson,Clinical Director,Unassigned,Assigned,System Scheduled
WT2 - Quarterly Review (Q3),DAEKWON SIMS,Extraordinary Changes,Community Engagement,1.5,13,Kristin Williams,DDS 2,Unassigned,Assigned,System Scheduled
WT2 - Quarterly Review (Q4),DAEKWON SIMS,Extraordinary Changes,Community Engagement,1.5,26,Kristin Williams,DDS 2,Unassigned,Assigned,System Scheduled
WT1 - Annual ISP,DAMAR LEWIS,Extraordinary Changes,Community Engagement,3,52,Ayaat Albayati,Clinical Operations Director,Unassigned,Assigned,CAPACITY CONFLICT — CRITICAL OVERFLOW
WT2 - Quarterly Review (Q1),DAMAR LEWIS,Extraordinary Changes,Community Engagement,1.5,52,Latoya Smith,Clinical Director,Unassigned,Assigned,CAPACITY CONFLICT — CRITICAL OVERFLOW
WT2 - Quarterly Review (Q2),DAMAR LEWIS,Extraordinary Changes,Community Engagement,1.5,13,Ashley Shilo,DDA,Unassigned,Assigned,System Scheduled
WT2 - Quarterly Review (Q3),DAMAR LEWIS,Extraordinary Changes,Community Engagement,1.5,26,Ashley Shilo,DDA,Unassigned,Assigned,System Scheduled
WT2 - Quarterly Review (Q4),DAMAR LEWIS,Extraordinary Changes,Community Engagement,1.5,39,Ondrea Wilson,DDA,Unassigned,Assigned,System Scheduled
WT1 - Annual ISP,Davieon Barham,Extraordinary Changes,Community Engagement,3,48,Kristin Williams,DDS 2,Unassigned,Assigned,System Scheduled
WT2 - Quarterly Review (Q1),Davieon Barham,Extraordinary Changes,Community Engagement,1.5,48,Jerry Burton,DDS 1,Unassigned,Assigned,System Scheduled
WT2 - Quarterly Review (Q2),Davieon Barham,Extraordinary Changes,Community Engagement,1.5,9,Shalette Shaw,DDS 2,Unassigned,Assigned,System Scheduled
WT2 - Quarterly Review (Q3),Davieon Barham,Extraordinary Changes,Community Engagement,1.5,22,Shalette Shaw,DDS 2,Unassigned,Assigned,System Scheduled
WT2 - Quarterly Review (Q4),Davieon Barham,Extraordinary Changes,Community Engagement,1.5,35,Kristin Williams,DDS 2,Unassigned,Assigned,System Scheduled
WT1 - Annual ISP,DENNIS MILLER,Extraordinary Changes,Community Engagement,3,52,Stephanie Eatton-Johnson,Clinical Director,Unassigned,Assigned,CAPACITY CONFLICT — CRITICAL OVERFLOW
WT2 - Quarterly Review (Q1),DENNIS MILLER,Extraordinary Changes,Community Engagement,1.5,52,Latoya Smith,Clinical Director,Unassigned,Assigned,CAPACITY CONFLICT — CRITICAL OVERFLOW
WT2 - Quarterly Review (Q2),DENNIS MILLER,Extraordinary Changes,Community Engagement,1.5,13,Ondrea Wilson,DDA,Unassigned,Assigned,System Scheduled
WT2 - Quarterly Review (Q3),DENNIS MILLER,Extraordinary Changes,Community Engagement,1.5,26,Ondrea Wilson,DDA,Unassigned,Assigned,System Scheduled
WT2 - Quarterly Review (Q4),DENNIS MILLER,Extraordinary Changes,Community Engagement,1.5,39,Shalette Shaw,DDS 2,Unassigned,Assigned,System Scheduled
WT1 - Annual ISP,Dexter Highland,Extraordinary Changes,Community Engagement,3,52,Ayaat Albayati,Clinical Operations Director,Unassigned,Assigned,CAPACITY CONFLICT — CRITICAL OVERFLOW
WT2 - Quarterly Review (Q1),Dexter Highland,Extraordinary Changes,Community Engagement,1.5,52,Latoya Smith,Clinical Director,Unassigned,Assigned,CAPACITY CONFLICT — CRITICAL OVERFLOW
WT2 - Quarterly Review (Q2),Dexter Highland,Extraordinary Changes,Community Engagement,1.5,13,Shalette Shaw,DDS 2,Unassigned,Assigned,System Scheduled
WT2 - Quarterly Review (Q3),Dexter Highland,Extraordinary Changes,Community Engagement,1.5,26,Shalette Shaw,DDS 2,Unassigned,Assigned,System Scheduled
WT2 - Quarterly Review (Q4),Dexter Highland,Extraordinary Changes,Community Engagement,1.5,39,Mohammed,QDDP,Unassigned,Assigned,System Scheduled
WT1 - Annual ISP,Donte Hendrix,Extraordinary Changes,Community Engagement,3,52,Stephanie Eatton-Johnson,Clinical Director,Unassigned,Assigned,CAPACITY CONFLICT — CRITICAL OVERFLOW
WT2 - Quarterly Review (Q1),Donte Hendrix,Extraordinary Changes,Community Engagement,1.5,52,Latoya Smith,Clinical Director,Unassigned,Assigned,CAPACITY CONFLICT — CRITICAL OVERFLOW
WT2 - Quarterly Review (Q2),Donte Hendrix,Extraordinary Changes,Community Engagement,1.5,13,Mohammed,QDDP,Unassigned,Assigned,System Scheduled
WT2 - Quarterly Review (Q3),Donte Hendrix,Extraordinary Changes,Community Engagement,1.5,26,Mohammed,QDDP,Unassigned,Assigned,System Scheduled
WT2 - Quarterly Review (Q4),Donte Hendrix,Extraordinary Changes,Community Engagement,1.5,39,Ashley Shilo,DDA,Unassigned,Assigned,System Scheduled
WT1 - Annual ISP,FILIP CLEVELAND,Extraordinary Changes,Community Engagement,3,52,Ayaat Albayati,Clinical Operations Director,Unassigned,Assigned,CAPACITY CONFLICT — CRITICAL OVERFLOW
WT2 - Quarterly Review (Q1),FILIP CLEVELAND,Extraordinary Changes,Community Engagement,1.5,52,Latoya Smith,Clinical Director,Unassigned,Assigned,CAPACITY CONFLICT — CRITICAL OVERFLOW
WT2 - Quarterly Review (Q2),FILIP CLEVELAND,Extraordinary Changes,Community Engagement,1.5,13,Kristin Williams,DDS 2,Unassigned,Assigned,System Scheduled
WT2 - Quarterly Review (Q3),FILIP CLEVELAND,Extraordinary Changes,Community Engagement,1.5,26,Kristin Williams,DDS 2,Unassigned,Assigned,System Scheduled
WT2 - Quarterly Review (Q4),FILIP CLEVELAND,Extraordinary Changes,Community Engagement,1.5,39,Ondrea Wilson,DDA,Unassigned,Assigned,System Scheduled
WT1 - Annual ISP,JACK KEY,Extraordinary Changes,Community Engagement,3,39,Shalette Shaw,DDS 2,Unassigned,Assigned,System Scheduled
WT2 - Quarterly Review (Q1),JACK KEY,Extraordinary Changes,Community Engagement,1.5,39,Mohammed,QDDP,Unassigned,Assigned,System Scheduled
WT2 - Quarterly Review (Q2),JACK KEY,Extraordinary Changes,Community Engagement,1.5,52,Stephanie Eatton-Johnson,Clinical Director,Unassigned,Assigned,CAPACITY CONFLICT — CRITICAL OVERFLOW
WT2 - Quarterly Review (Q3),JACK KEY,Extraordinary Changes,Community Engagement,1.5,13,Ashley Shilo,DDA,Unassigned,Assigned,System Scheduled
WT2 - Quarterly Review (Q4),JACK KEY,Extraordinary Changes,Community Engagement,1.5,26,Ashley Shilo,DDA,Unassigned,Assigned,System Scheduled
WT1 - Annual ISP,Jahmonta Butler,Extraordinary Changes,Community Engagement,3,52,Latoya Smith,Clinical Director,Unassigned,Assigned,CAPACITY CONFLICT — CRITICAL OVERFLOW
WT2 - Quarterly Review (Q1),Jahmonta Butler,Extraordinary Changes,Community Engagement,1.5,52,Stephanie Eatton-Johnson,Clinical Director,Unassigned,Assigned,CAPACITY CONFLICT — CRITICAL OVERFLOW
WT2 - Quarterly Review (Q2),Jahmonta Butler,Extraordinary Changes,Community Engagement,1.5,13,Ondrea Wilson,DDA,Unassigned,Assigned,System Scheduled
WT2 - Quarterly Review (Q3),Jahmonta Butler,Extraordinary Changes,Community Engagement,1.5,26,Ondrea Wilson,DDA,Unassigned,Assigned,System Scheduled
WT2 - Quarterly Review (Q4),Jahmonta Butler,Extraordinary Changes,Community Engagement,1.5,39,Kristin Williams,DDS 2,Unassigned,Assigned,System Scheduled
WT1 - Annual ISP,JAYDON MORTON,Extraordinary Changes,Community Engagement,3,30,Kristin Williams,DDS 2,Unassigned,Assigned,System Scheduled
WT2 - Quarterly Review (Q1),JAYDON MORTON,Extraordinary Changes,Community Engagement,1.5,30,Jerry Burton,DDS 1,Unassigned,Assigned,System Scheduled
WT2 - Quarterly Review (Q2),JAYDON MORTON,Extraordinary Changes,Community Engagement,1.5,43,Kristin Williams,DDS 2,Unassigned,Assigned,System Scheduled
WT2 - Quarterly Review (Q3),JAYDON MORTON,Extraordinary Changes,Community Engagement,1.5,4,Kristin Williams,DDS 2,Unassigned,Assigned,System Scheduled
WT2 - Quarterly Review (Q4),JAYDON MORTON,Extraordinary Changes,Community Engagement,1.5,17,Kristin Williams,DDS 2,Unassigned,Assigned,System Scheduled
WT1 - Annual ISP,Jayvon Babb,Extraordinary Changes,Community Engagement,3,52,Ayaat Albayati,Clinical Operations Director,Unassigned,Assigned,CAPACITY CONFLICT — CRITICAL OVERFLOW
WT2 - Quarterly Review (Q1),Jayvon Babb,Extraordinary Changes,Community Engagement,1.5,52,Stephanie Eatton-Johnson,Clinical Director,Unassigned,Assigned,CAPACITY CONFLICT — CRITICAL OVERFLOW
WT2 - Quarterly Review (Q2),Jayvon Babb,Extraordinary Changes,Community Engagement,1.5,13,Shalette Shaw,DDS 2,Unassigned,Assigned,System Scheduled
WT2 - Quarterly Review (Q3),Jayvon Babb,Extraordinary Changes,Community Engagement,1.5,26,Shalette Shaw,DDS 2,Unassigned,Assigned,System Scheduled
WT2 - Quarterly Review (Q4),Jayvon Babb,Extraordinary Changes,Community Engagement,1.5,39,Ashley Shilo,DDA,Unassigned,Assigned,System Scheduled
WT1 - Annual ISP,Kahlil Delk,Extraordinary Changes,Community Engagement,3,52,Latoya Smith,Clinical Director,Unassigned,Assigned,CAPACITY CONFLICT — CRITICAL OVERFLOW
WT2 - Quarterly Review (Q1),Kahlil Delk,Extraordinary Changes,Community Engagement,1.5,52,Stephanie Eatton-Johnson,Clinical Director,Unassigned,Assigned,CAPACITY CONFLICT — CRITICAL OVERFLOW
WT2 - Quarterly Review (Q2),Kahlil Delk,Extraordinary Changes,Community Engagement,1.5,13,Mohammed,QDDP,Unassigned,Assigned,System Scheduled
WT2 - Quarterly Review (Q3),Kahlil Delk,Extraordinary Changes,Community Engagement,1.5,26,Mohammed,QDDP,Unassigned,Assigned,System Scheduled
WT2 - Quarterly Review (Q4),Kahlil Delk,Extraordinary Changes,Community Engagement,1.5,39,Ondrea Wilson,DDA,Unassigned,Assigned,System Scheduled
WT1 - Annual ISP,Kevin Hill,Extraordinary Changes,Community Engagement,3,52,Ayaat Albayati,Clinical Operations Director,Unassigned,Assigned,CAPACITY CONFLICT — CRITICAL OVERFLOW
WT2 - Quarterly Review (Q1),Kevin Hill,Extraordinary Changes,Community Engagement,1.5,52,Stephanie Eatton-Johnson,Clinical Director,Unassigned,Assigned,CAPACITY CONFLICT — CRITICAL OVERFLOW
WT2 - Quarterly Review (Q2),Kevin Hill,Extraordinary Changes,Community Engagement,1.5,13,Kristin Williams,DDS 2,Unassigned,Assigned,System Scheduled
WT2 - Quarterly Review (Q3),Kevin Hill,Extraordinary Changes,Community Engagement,1.5,26,Kristin Williams,DDS 2,Unassigned,Assigned,System Scheduled
WT2 - Quarterly Review (Q4),Kevin Hill,Extraordinary Changes,Community Engagement,1.5,39,Kristin Williams,DDS 2,Unassigned,Assigned,System Scheduled
WT1 - Annual ISP,Langston Grind,Extraordinary Changes,Community Engagement,3,52,Latoya Smith,Clinical Director,Unassigned,Assigned,CAPACITY CONFLICT — CRITICAL OVERFLOW
WT2 - Quarterly Review (Q1),Langston Grind,Extraordinary Changes,Community Engagement,1.5,52,Stephanie Eatton-Johnson,Clinical Director,Unassigned,Assigned,CAPACITY CONFLICT — CRITICAL OVERFLOW
WT2 - Quarterly Review (Q2),Langston Grind,Extraordinary Changes,Community Engagement,1.5,13,Ashley Shilo,DDA,Unassigned,Assigned,System Scheduled
WT2 - Quarterly Review (Q3),Langston Grind,Extraordinary Changes,Community Engagement,1.5,26,Ashley Shilo,DDA,Unassigned,Assigned,System Scheduled
WT2 - Quarterly Review (Q4),Langston Grind,Extraordinary Changes,Community Engagement,1.5,39,Jerry Burton,DDS 1,Unassigned,Assigned,System Scheduled
WT1 - Annual ISP,LARRY WILLIAMS,Extraordinary Changes,Community Engagement,3,52,Ayaat Albayati,Clinical Operations Director,Unassigned,Assigned,CAPACITY CONFLICT — CRITICAL OVERFLOW
WT2 - Quarterly Review (Q1),LARRY WILLIAMS,Extraordinary Changes,Community Engagement,1.5,52,Stephanie Eatton-Johnson,Clinical Director,Unassigned,Assigned,CAPACITY CONFLICT — CRITICAL OVERFLOW
WT2 - Quarterly Review (Q2),LARRY WILLIAMS,Extraordinary Changes,Community Engagement,1.5,13,Ondrea Wilson,DDA,Unassigned,Assigned,System Scheduled
WT2 - Quarterly Review (Q3),LARRY WILLIAMS,Extraordinary Changes,Community Engagement,1.5,26,Ondrea Wilson,DDA,Unassigned,Assigned,System Scheduled
WT2 - Quarterly Review (Q4),LARRY WILLIAMS,Extraordinary Changes,Community Engagement,1.5,39,Mohammed,QDDP,Unassigned,Assigned,System Scheduled
WT1 - Annual ISP,MARK SMITH,Extraordinary Changes,Community Engagement,3,52,Latoya Smith,Clinical Director,Unassigned,Assigned,CAPACITY CONFLICT — CRITICAL OVERFLOW
WT2 - Quarterly Review (Q1),MARK SMITH,Extraordinary Changes,Community Engagement,1.5,52,Stephanie Eatton-Johnson,Clinical Director,Unassigned,Assigned,CAPACITY CONFLICT — CRITICAL OVERFLOW
WT2 - Quarterly Review (Q2),MARK SMITH,Extraordinary Changes,Community Engagement,1.5,13,Shalette Shaw,DDS 2,Unassigned,Assigned,System Scheduled
WT2 - Quarterly Review (Q3),MARK SMITH,Extraordinary Changes,Community Engagement,1.5,26,Shalette Shaw,DDS 2,Unassigned,Assigned,System Scheduled
WT2 - Quarterly Review (Q4),MARK SMITH,Extraordinary Changes,Community Engagement,1.5,39,Kristin Williams,DDS 2,Unassigned,Assigned,System Scheduled
WT1 - Annual ISP,MONTERIO GARRISON,Extraordinary Changes,Community Engagement,3,40,Jerry Burton,DDS 1,Unassigned,Assigned,System Scheduled
WT2 - Quarterly Review (Q1),MONTERIO GARRISON,Extraordinary Changes,Community Engagement,1.5,40,Mohammed,QDDP,Unassigned,Assigned,System Scheduled
WT2 - Quarterly Review (Q2),MONTERIO GARRISON,Extraordinary Changes,Community Engagement,1.5,1,Shalette Shaw,DDS 2,Unassigned,Assigned,System Scheduled
WT2 - Quarterly Review (Q3),MONTERIO GARRISON,Extraordinary Changes,Community Engagement,1.5,14,Shalette Shaw,DDS 2,Unassigned,Assigned,System Scheduled
WT2 - Quarterly Review (Q4),MONTERIO GARRISON,Extraordinary Changes,Community Engagement,1.5,27,Shalette Shaw,DDS 2,Unassigned,Assigned,System Scheduled
WT1 - Annual ISP,Quinntavious Crawford,Extraordinary Changes,Community Engagement,3,43,Ondrea Wilson,DDA,Unassigned,Assigned,System Scheduled
WT2 - Quarterly Review (Q1),Quinntavious Crawford,Extraordinary Changes,Community Engagement,1.5,43,Mohammed,QDDP,Unassigned,Assigned,System Scheduled
WT2 - Quarterly Review (Q2),Quinntavious Crawford,Extraordinary Changes,Community Engagement,1.5,4,Jerry Burton,DDS 1,Unassigned,Assigned,System Scheduled
WT2 - Quarterly Review (Q3),Quinntavious Crawford,Extraordinary Changes,Community Engagement,1.5,17,Jerry Burton,DDS 1,Unassigned,Assigned,System Scheduled
WT2 - Quarterly Review (Q4),Quinntavious Crawford,Extraordinary Changes,Community Engagement,1.5,30,Mohammed,QDDP,Unassigned,Assigned,System Scheduled
WT1 - Annual ISP,ROBERT KEYES,Extraordinary Changes,Community Engagement,3,52,Ayaat Albayati,Clinical Operations Director,Unassigned,Assigned,CAPACITY CONFLICT — CRITICAL OVERFLOW
WT2 - Quarterly Review (Q1),ROBERT KEYES,Extraordinary Changes,Community Engagement,1.5,52,Stephanie Eatton-Johnson,Clinical Director,Unassigned,Assigned,CAPACITY CONFLICT — CRITICAL OVERFLOW
WT2 - Quarterly Review (Q2),ROBERT KEYES,Extraordinary Changes,Community Engagement,1.5,13,Kristin Williams,DDS 2,Unassigned,Assigned,System Scheduled
WT2 - Quarterly Review (Q3),ROBERT KEYES,Extraordinary Changes,Community Engagement,1.5,26,Kristin Williams,DDS 2,Unassigned,Assigned,System Scheduled
WT2 - Quarterly Review (Q4),ROBERT KEYES,Extraordinary Changes,Community Engagement,1.5,39,Ashley Shilo,DDA,Unassigned,Assigned,System Scheduled
WT1 - Annual ISP,SHIRLEY HENDERSON,Extraordinary Changes,Community Engagement,3,52,Latoya Smith,Clinical Director,Unassigned,Assigned,CAPACITY CONFLICT — CRITICAL OVERFLOW
WT2 - Quarterly Review (Q1),SHIRLEY HENDERSON,Extraordinary Changes,Community Engagement,1.5,52,Stephanie Eatton-Johnson,Clinical Director,Unassigned,Assigned,CAPACITY CONFLICT — CRITICAL OVERFLOW
WT2 - Quarterly Review (Q2),SHIRLEY HENDERSON,Extraordinary Changes,Community Engagement,1.5,13,Jerry Burton,DDS 1,Unassigned,Assigned,System Scheduled
WT2 - Quarterly Review (Q3),SHIRLEY HENDERSON,Extraordinary Changes,Community Engagement,1.5,26,Jerry Burton,DDS 1,Unassigned,Assigned,System Scheduled
WT2 - Quarterly Review (Q4),SHIRLEY HENDERSON,Extraordinary Changes,Community Engagement,1.5,39,Ondrea Wilson,DDA,Unassigned,Assigned,System Scheduled
WT1 - Annual ISP,THOMAS PAYNE,Extraordinary Changes,Community Engagement,3,52,Ayaat Albayati,Clinical Operations Director,Unassigned,Assigned,CAPACITY CONFLICT — CRITICAL OVERFLOW
WT2 - Quarterly Review (Q1),THOMAS PAYNE,Extraordinary Changes,Community Engagement,1.5,52,Stephanie Eatton-Johnson,Clinical Director,Unassigned,Assigned,CAPACITY CONFLICT — CRITICAL OVERFLOW
WT2 - Quarterly Review (Q2),THOMAS PAYNE,Extraordinary Changes,Community Engagement,1.5,13,Mohammed,QDDP,Unassigned,Assigned,System Scheduled
WT2 - Quarterly Review (Q3),THOMAS PAYNE,Extraordinary Changes,Community Engagement,1.5,26,Mohammed,QDDP,Unassigned,Assigned,System Scheduled
WT2 - Quarterly Review (Q4),THOMAS PAYNE,Extraordinary Changes,Community Engagement,1.5,39,Shalette Shaw,DDS 2,Unassigned,Assigned,System Scheduled
WT1 - Annual ISP,AHMAD WALLACE,Extraordinary Changes,Group Home,3,52,Latoya Smith,Clinical Director,Unassigned,Assigned,CAPACITY CONFLICT — CRITICAL OVERFLOW
WT2 - Quarterly Review (Q1),AHMAD WALLACE,Extraordinary Changes,Group Home,1.5,52,Stephanie Eatton-Johnson,Clinical Director,Unassigned,Assigned,CAPACITY CONFLICT — CRITICAL OVERFLOW
WT2 - Quarterly Review (Q2),AHMAD WALLACE,Extraordinary Changes,Group Home,1.5,13,Kristin Williams,DDS 2,Unassigned,Assigned,System Scheduled
WT2 - Quarterly Review (Q3),AHMAD WALLACE,Extraordinary Changes,Group Home,1.5,26,Kristin Williams,DDS 2,Unassigned,Assigned,System Scheduled
WT2 - Quarterly Review (Q4),AHMAD WALLACE,Extraordinary Changes,Group Home,1.5,39,Mohammed,QDDP,Unassigned,Assigned,System Scheduled
WT1 - Annual ISP,Brandon Ward,Extraordinary Changes,Group Home,3,52,Ayaat Albayati,Clinical Operations Director,Unassigned,Assigned,CAPACITY CONFLICT — CRITICAL OVERFLOW
WT2 - Quarterly Review (Q1),Brandon Ward,Extraordinary Changes,Group Home,1.5,52,Stephanie Eatton-Johnson,Clinical Director,Unassigned,Assigned,CAPACITY CONFLICT — CRITICAL OVERFLOW
WT2 - Quarterly Review (Q2),Brandon Ward,Extraordinary Changes,Group Home,1.5,13,Ashley Shilo,DDA,Unassigned,Assigned,System Scheduled
WT2 - Quarterly Review (Q3),Brandon Ward,Extraordinary Changes,Group Home,1.5,26,Ashley Shilo,DDA,Unassigned,Assigned,System Scheduled
WT2 - Quarterly Review (Q4),Brandon Ward,Extraordinary Changes,Group Home,1.5,39,Kristin Williams,DDS 2,Unassigned,Assigned,System Scheduled
WT1 - Annual ISP,DAEKWON SIMS,Extraordinary Changes,Group Home,3,39,Ashley Shilo,DDA,Unassigned,Assigned,System Scheduled
WT2 - Quarterly Review (Q1),DAEKWON SIMS,Extraordinary Changes,Group Home,1.5,39,Ondrea Wilson,DDA,Unassigned,Assigned,System Scheduled
WT2 - Quarterly Review (Q2),DAEKWON SIMS,Extraordinary Changes,Group Home,1.5,52,Latoya Smith,Clinical Director,Unassigned,Assigned,CAPACITY CONFLICT — CRITICAL OVERFLOW
WT2 - Quarterly Review (Q3),DAEKWON SIMS,Extraordinary Changes,Group Home,1.5,13,Ondrea Wilson,DDA,Unassigned,Assigned,System Scheduled
WT2 - Quarterly Review (Q4),DAEKWON SIMS,Extraordinary Changes,Group Home,1.5,26,Ondrea Wilson,DDA,Unassigned,Assigned,System Scheduled
WT1 - Annual ISP,Dexter Highland,Extraordinary Changes,Group Home,3,52,Stephanie Eatton-Johnson,Clinical Director,Unassigned,Assigned,CAPACITY CONFLICT — CRITICAL OVERFLOW
WT2 - Quarterly Review (Q1),Dexter Highland,Extraordinary Changes,Group Home,1.5,52,Ayaat Albayati,Clinical Operations Director,Unassigned,Assigned,CAPACITY CONFLICT — CRITICAL OVERFLOW
WT2 - Quarterly Review (Q2),Dexter Highland,Extraordinary Changes,Group Home,1.5,13,Shalette Shaw,DDS 2,Unassigned,Assigned,System Scheduled
WT2 - Quarterly Review (Q3),Dexter Highland,Extraordinary Changes,Group Home,1.5,26,Shalette Shaw,DDS 2,Unassigned,Assigned,System Scheduled
WT2 - Quarterly Review (Q4),Dexter Highland,Extraordinary Changes,Group Home,1.5,39,Shalette Shaw,DDS 2,Unassigned,Assigned,System Scheduled
WT1 - Annual ISP,Donte Hendrix,Extraordinary Changes,Group Home,3,52,Latoya Smith,Clinical Director,Unassigned,Assigned,CAPACITY CONFLICT — CRITICAL OVERFLOW
WT2 - Quarterly Review (Q1),Donte Hendrix,Extraordinary Changes,Group Home,1.5,52,Ayaat Albayati,Clinical Operations Director,Unassigned,Assigned,CAPACITY CONFLICT — CRITICAL OVERFLOW
WT2 - Quarterly Review (Q2),Donte Hendrix,Extraordinary Changes,Group Home,1.5,13,Mohammed,QDDP,Unassigned,Assigned,System Scheduled
WT2 - Quarterly Review (Q3),Donte Hendrix,Extraordinary Changes,Group Home,1.5,26,Mohammed,QDDP,Unassigned,Assigned,System Scheduled
WT2 - Quarterly Review (Q4),Donte Hendrix,Extraordinary Changes,Group Home,1.5,39,Mohammed,QDDP,Unassigned,Assigned,System Scheduled
WT1 - Annual ISP,Duncan Mitchell,Extraordinary Changes,Group Home,3,44,Shalette Shaw,DDS 2,Unassigned,Assigned,System Scheduled
WT2 - Quarterly Review (Q1),Duncan Mitchell,Extraordinary Changes,Group Home,1.5,44,Kristin Williams,DDS 2,Unassigned,Assigned,System Scheduled
WT2 - Quarterly Review (Q2),Duncan Mitchell,Extraordinary Changes,Group Home,1.5,5,Ondrea Wilson,DDA,Unassigned,Assigned,System Scheduled
WT2 - Quarterly Review (Q3),Duncan Mitchell,Extraordinary Changes,Group Home,1.5,18,Ondrea Wilson,DDA,Unassigned,Assigned,System Scheduled
WT2 - Quarterly Review (Q4),Duncan Mitchell,Extraordinary Changes,Group Home,1.5,31,Ondrea Wilson,DDA,Unassigned,Assigned,System Scheduled
WT1 - Annual ISP,Jayvon Babb,Extraordinary Changes,Group Home,3,52,Stephanie Eatton-Johnson,Clinical Director,Unassigned,Assigned,CAPACITY CONFLICT — CRITICAL OVERFLOW
WT2 - Quarterly Review (Q1),Jayvon Babb,Extraordinary Changes,Group Home,1.5,52,Ayaat Albayati,Clinical Operations Director,Unassigned,Assigned,CAPACITY CONFLICT — CRITICAL OVERFLOW
WT2 - Quarterly Review (Q2),Jayvon Babb,Extraordinary Changes,Group Home,1.5,13,Kristin Williams,DDS 2,Unassigned,Assigned,System Scheduled
WT2 - Quarterly Review (Q3),Jayvon Babb,Extraordinary Changes,Group Home,1.5,26,Kristin Williams,DDS 2,Unassigned,Assigned,System Scheduled
WT2 - Quarterly Review (Q4),Jayvon Babb,Extraordinary Changes,Group Home,1.5,39,Kristin Williams,DDS 2,Unassigned,Assigned,System Scheduled
WT1 - Annual ISP,LARRY WILLIAMS,Extraordinary Changes,Group Home,3,52,Latoya Smith,Clinical Director,Unassigned,Assigned,CAPACITY CONFLICT — CRITICAL OVERFLOW
WT2 - Quarterly Review (Q1),LARRY WILLIAMS,Extraordinary Changes,Group Home,1.5,52,Ayaat Albayati,Clinical Operations Director,Unassigned,Assigned,CAPACITY CONFLICT — CRITICAL OVERFLOW
WT2 - Quarterly Review (Q2),LARRY WILLIAMS,Extraordinary Changes,Group Home,1.5,13,Ashley Shilo,DDA,Unassigned,Assigned,System Scheduled
WT2 - Quarterly Review (Q3),LARRY WILLIAMS,Extraordinary Changes,Group Home,1.5,26,Ashley Shilo,DDA,Unassigned,Assigned,System Scheduled
WT2 - Quarterly Review (Q4),LARRY WILLIAMS,Extraordinary Changes,Group Home,1.5,39,Ondrea Wilson,DDA,Unassigned,Assigned,System Scheduled
WT1 - Annual ISP,Ardesse Cooper,Heartfelt In-Home Support Services,Supportive In-Home,3,52,Stephanie Eatton-Johnson,Clinical Director,Unassigned,Assigned,CAPACITY CONFLICT — CRITICAL OVERFLOW
WT2 - Quarterly Review (Q1),Ardesse Cooper,Heartfelt In-Home Support Services,Supportive In-Home,1.5,52,Ayaat Albayati,Clinical Operations Director,Unassigned,Assigned,CAPACITY CONFLICT — CRITICAL OVERFLOW
WT2 - Quarterly Review (Q2),Ardesse Cooper,Heartfelt In-Home Support Services,Supportive In-Home,1.5,13,Ondrea Wilson,DDA,Unassigned,Assigned,System Scheduled
WT2 - Quarterly Review (Q3),Ardesse Cooper,Heartfelt In-Home Support Services,Supportive In-Home,1.5,26,Ondrea Wilson,DDA,Unassigned,Assigned,System Scheduled
WT2 - Quarterly Review (Q4),Ardesse Cooper,Heartfelt In-Home Support Services,Supportive In-Home,1.5,39,Shalette Shaw,DDS 2,Unassigned,Assigned,System Scheduled
WT1 - Annual ISP,Dasha Etheridge,Heartfelt In-Home Support Services,Supportive In-Home,3,40,Kristin Williams,DDS 2,Unassigned,Assigned,System Scheduled
WT2 - Quarterly Review (Q1),Dasha Etheridge,Heartfelt In-Home Support Services,Supportive In-Home,1.5,40,Ondrea Wilson,DDA,Unassigned,Assigned,System Scheduled
WT2 - Quarterly Review (Q2),Dasha Etheridge,Heartfelt In-Home Support Services,Supportive In-Home,1.5,1,Kristin Williams,DDS 2,Unassigned,Assigned,System Scheduled
WT2 - Quarterly Review (Q3),Dasha Etheridge,Heartfelt In-Home Support Services,Supportive In-Home,1.5,14,Kristin Williams,DDS 2,Unassigned,Assigned,System Scheduled
WT2 - Quarterly Review (Q4),Dasha Etheridge,Heartfelt In-Home Support Services,Supportive In-Home,1.5,27,Kristin Williams,DDS 2,Unassigned,Assigned,System Scheduled
WT1 - Annual ISP,DWIGHT REYNOLDS,Heartfelt In-Home Support Services,Supportive In-Home,3,52,Latoya Smith,Clinical Director,Unassigned,Assigned,CAPACITY CONFLICT — CRITICAL OVERFLOW
WT2 - Quarterly Review (Q1),DWIGHT REYNOLDS,Heartfelt In-Home Support Services,Supportive In-Home,1.5,52,Ayaat Albayati,Clinical Operations Director,Unassigned,Assigned,CAPACITY CONFLICT — CRITICAL OVERFLOW
WT2 - Quarterly Review (Q2),DWIGHT REYNOLDS,Heartfelt In-Home Support Services,Supportive In-Home,1.5,13,Shalette Shaw,DDS 2,Unassigned,Assigned,System Scheduled
WT2 - Quarterly Review (Q3),DWIGHT REYNOLDS,Heartfelt In-Home Support Services,Supportive In-Home,1.5,26,Shalette Shaw,DDS 2,Unassigned,Assigned,System Scheduled
WT2 - Quarterly Review (Q4),DWIGHT REYNOLDS,Heartfelt In-Home Support Services,Supportive In-Home,1.5,39,Kristin Williams,DDS 2,Unassigned,Assigned,System Scheduled
WT1 - Annual ISP,JOHAAN FEREBEE,Heartfelt In-Home Support Services,Supportive In-Home,3,52,Stephanie Eatton-Johnson,Clinical Director,Unassigned,Assigned,CAPACITY CONFLICT — CRITICAL OVERFLOW
WT2 - Quarterly Review (Q1),JOHAAN FEREBEE,Heartfelt In-Home Support Services,Supportive In-Home,1.5,52,Ayaat Albayati,Clinical Operations Director,Unassigned,Assigned,CAPACITY CONFLICT — CRITICAL OVERFLOW
WT2 - Quarterly Review (Q2),JOHAAN FEREBEE,Heartfelt In-Home Support Services,Supportive In-Home,1.5,13,Mohammed,QDDP,Unassigned,Assigned,System Scheduled
WT2 - Quarterly Review (Q3),JOHAAN FEREBEE,Heartfelt In-Home Support Services,Supportive In-Home,1.5,26,Mohammed,QDDP,Unassigned,Assigned,System Scheduled
WT2 - Quarterly Review (Q4),JOHAAN FEREBEE,Heartfelt In-Home Support Services,Supportive In-Home,1.5,39,Jerry Burton,DDS 1,Unassigned,Assigned,System Scheduled
WT1 - Annual ISP,KIARA COPELAND,Heartfelt In-Home Support Services,Supportive In-Home,3,52,Latoya Smith,Clinical Director,Unassigned,Assigned,CAPACITY CONFLICT — CRITICAL OVERFLOW
WT2 - Quarterly Review (Q1),KIARA COPELAND,Heartfelt In-Home Support Services,Supportive In-Home,1.5,52,Ayaat Albayati,Clinical Operations Director,Unassigned,Assigned,CAPACITY CONFLICT — CRITICAL OVERFLOW
WT2 - Quarterly Review (Q2),KIARA COPELAND,Heartfelt In-Home Support Services,Supportive In-Home,1.5,13,Kristin Williams,DDS 2,Unassigned,Assigned,System Scheduled
WT2 - Quarterly Review (Q3),KIARA COPELAND,Heartfelt In-Home Support Services,Supportive In-Home,1.5,26,Kristin Williams,DDS 2,Unassigned,Assigned,System Scheduled
WT2 - Quarterly Review (Q4),KIARA COPELAND,Heartfelt In-Home Support Services,Supportive In-Home,1.5,39,Mohammed,QDDP,Unassigned,Assigned,System Scheduled
WT1 - Annual ISP,Walter Alvin,Heartfelt In-Home Support Services,Supportive In-Home,3,52,Stephanie Eatton-Johnson,Clinical Director,Unassigned,Assigned,CAPACITY CONFLICT — CRITICAL OVERFLOW
WT2 - Quarterly Review (Q1),Walter Alvin,Heartfelt In-Home Support Services,Supportive In-Home,1.5,52,Ayaat Albayati,Clinical Operations Director,Unassigned,Assigned,CAPACITY CONFLICT — CRITICAL OVERFLOW
WT2 - Quarterly Review (Q2),Walter Alvin,Heartfelt In-Home Support Services,Supportive In-Home,1.5,13,Ashley Shilo,DDA,Unassigned,Assigned,System Scheduled
WT2 - Quarterly Review (Q3),Walter Alvin,Heartfelt In-Home Support Services,Supportive In-Home,1.5,26,Ashley Shilo,DDA,Unassigned,Assigned,System Scheduled
WT2 - Quarterly Review (Q4),Walter Alvin,Heartfelt In-Home Support Services,Supportive In-Home,1.5,39,Kristin Williams,DDS 2,Unassigned,Assigned,System Scheduled
WT1 - Annual ISP,LA-ANIA GRAVES-WARTHEM,Family Care,Community Engagement,3,52,Latoya Smith,Clinical Director,Unassigned,Assigned,CAPACITY CONFLICT — CRITICAL OVERFLOW
WT2 - Quarterly Review (Q1),LA-ANIA GRAVES-WARTHEM,Family Care,Community Engagement,1.5,52,Ayaat Albayati,Clinical Operations Director,Unassigned,Assigned,CAPACITY CONFLICT — CRITICAL OVERFLOW
WT2 - Quarterly Review (Q2),LA-ANIA GRAVES-WARTHEM,Family Care,Community Engagement,1.5,13,Ondrea Wilson,DDA,Unassigned,Assigned,System Scheduled
WT2 - Quarterly Review (Q3),LA-ANIA GRAVES-WARTHEM,Family Care,Community Engagement,1.5,26,Ondrea Wilson,DDA,Unassigned,Assigned,System Scheduled
WT2 - Quarterly Review (Q4),LA-ANIA GRAVES-WARTHEM,Family Care,Community Engagement,1.5,39,Ashley Shilo,DDA,Unassigned,Assigned,System Scheduled
WT1 - Annual ISP,MARSHA MICHEL,Family Care,Community Engagement,3,52,Stephanie Eatton-Johnson,Clinical Director,Unassigned,Assigned,CAPACITY CONFLICT — CRITICAL OVERFLOW
WT2 - Quarterly Review (Q1),MARSHA MICHEL,Family Care,Community Engagement,1.5,52,Ayaat Albayati,Clinical Operations Director,Unassigned,Assigned,CAPACITY CONFLICT — CRITICAL OVERFLOW
WT2 - Quarterly Review (Q2),MARSHA MICHEL,Family Care,Community Engagement,1.5,13,Shalette Shaw,DDS 2,Unassigned,Assigned,System Scheduled
WT2 - Quarterly Review (Q3),MARSHA MICHEL,Family Care,Community Engagement,1.5,26,Shalette Shaw,DDS 2,Unassigned,Assigned,System Scheduled
WT2 - Quarterly Review (Q4),MARSHA MICHEL,Family Care,Community Engagement,1.5,39,Ondrea Wilson,DDA,Unassigned,Assigned,System Scheduled
WT1 - Annual ISP,SAMANTHA COGAR,Family Care,Community Engagement,3,51,Ashley Shilo,DDA,Unassigned,Assigned,System Scheduled
WT2 - Quarterly Review (Q1),SAMANTHA COGAR,Family Care,Community Engagement,1.5,51,Ondrea Wilson,DDA,Unassigned,Assigned,System Scheduled
WT2 - Quarterly Review (Q2),SAMANTHA COGAR,Family Care,Community Engagement,1.5,12,Ashley Shilo,DDA,Unassigned,Assigned,System Scheduled
WT2 - Quarterly Review (Q3),SAMANTHA COGAR,Family Care,Community Engagement,1.5,25,Ashley Shilo,DDA,Unassigned,Assigned,System Scheduled
WT2 - Quarterly Review (Q4),SAMANTHA COGAR,Family Care,Community Engagement,1.5,38,Ashley Shilo,DDA,Unassigned,Assigned,System Scheduled
WT1 - Annual ISP,SEAN GILLIAM,Family Care,Community Engagement,3,52,Latoya Smith,Clinical Director,Unassigned,Assigned,CAPACITY CONFLICT — CRITICAL OVERFLOW
WT2 - Quarterly Review (Q1),SEAN GILLIAM,Family Care,Community Engagement,1.5,52,Ayaat Albayati,Clinical Operations Director,Unassigned,Assigned,CAPACITY CONFLICT — CRITICAL OVERFLOW
WT2 - Quarterly Review (Q2),SEAN GILLIAM,Family Care,Community Engagement,1.5,13,Kristin Williams,DDS 2,Unassigned,Assigned,System Scheduled
WT2 - Quarterly Review (Q3),SEAN GILLIAM,Family Care,Community Engagement,1.5,26,Kristin Williams,DDS 2,Unassigned,Assigned,System Scheduled
WT2 - Quarterly Review (Q4),SEAN GILLIAM,Family Care,Community Engagement,1.5,39,Shalette Shaw,DDS 2,Unassigned,Assigned,System Scheduled
WT1 - Annual ISP,STEPHANIE JOHNSON,Family Care,Community Engagement,3,52,Stephanie Eatton-Johnson,Clinical Director,Unassigned,Assigned,CAPACITY CONFLICT — CRITICAL OVERFLOW
WT2 - Quarterly Review (Q1),STEPHANIE JOHNSON,Family Care,Community Engagement,1.5,52,Ayaat Albayati,Clinical Operations Director,Unassigned,Assigned,CAPACITY CONFLICT — CRITICAL OVERFLOW
WT2 - Quarterly Review (Q2),STEPHANIE JOHNSON,Family Care,Community Engagement,1.5,13,Jerry Burton,DDS 1,Unassigned,Assigned,System Scheduled
WT2 - Quarterly Review (Q3),STEPHANIE JOHNSON,Family Care,Community Engagement,1.5,26,Jerry Burton,DDS 1,Unassigned,Assigned,System Scheduled
WT2 - Quarterly Review (Q4),STEPHANIE JOHNSON,Family Care,Community Engagement,1.5,39,Mohammed,QDDP,Unassigned,Assigned,System Scheduled
WT1 - Annual ISP,BRANDON CLEMENTS,Family Care,Sponsor Residential,3,52,Latoya Smith,Clinical Director,Unassigned,Assigned,CAPACITY CONFLICT — CRITICAL OVERFLOW
WT2 - Quarterly Review (Q1),BRANDON CLEMENTS,Family Care,Sponsor Residential,1.5,52,Ayaat Albayati,Clinical Operations Director,Unassigned,Assigned,CAPACITY CONFLICT — CRITICAL OVERFLOW
WT2 - Quarterly Review (Q2),BRANDON CLEMENTS,Family Care,Sponsor Residential,1.5,13,Mohammed,QDDP,Unassigned,Assigned,System Scheduled
WT2 - Quarterly Review (Q3),BRANDON CLEMENTS,Family Care,Sponsor Residential,1.5,26,Mohammed,QDDP,Unassigned,Assigned,System Scheduled
WT2 - Quarterly Review (Q4),BRANDON CLEMENTS,Family Care,Sponsor Residential,1.5,39,Kristin Williams,DDS 2,Unassigned,Assigned,System Scheduled
WT1 - Annual ISP,CHARLES BUCHANAN,Family Care,Sponsor Residential,3,52,Stephanie Eatton-Johnson,Clinical Director,Unassigned,Assigned,CAPACITY CONFLICT — CRITICAL OVERFLOW
WT2 - Quarterly Review (Q1),CHARLES BUCHANAN,Family Care,Sponsor Residential,1.5,52,Ayaat Albayati,Clinical Operations Director,Unassigned,Assigned,CAPACITY CONFLICT — CRITICAL OVERFLOW
WT2 - Quarterly Review (Q2),CHARLES BUCHANAN,Family Care,Sponsor Residential,1.5,13,Kristin Williams,DDS 2,Unassigned,Assigned,System Scheduled
WT2 - Quarterly Review (Q3),CHARLES BUCHANAN,Family Care,Sponsor Residential,1.5,26,Kristin Williams,DDS 2,Unassigned,Assigned,System Scheduled
WT2 - Quarterly Review (Q4),CHARLES BUCHANAN,Family Care,Sponsor Residential,1.5,39,Ashley Shilo,DDA,Unassigned,Assigned,System Scheduled
WT1 - Annual ISP,Chase Hailey,Family Care,Sponsor Residential,3,52,Latoya Smith,Clinical Director,Unassigned,Assigned,CAPACITY CONFLICT — CRITICAL OVERFLOW
WT2 - Quarterly Review (Q1),Chase Hailey,Family Care,Sponsor Residential,1.5,52,Ayaat Albayati,Clinical Operations Director,Unassigned,Assigned,CAPACITY CONFLICT — CRITICAL OVERFLOW
WT2 - Quarterly Review (Q2),Chase Hailey,Family Care,Sponsor Residential,1.5,13,Ashley Shilo,DDA,Unassigned,Assigned,System Scheduled
WT2 - Quarterly Review (Q3),Chase Hailey,Family Care,Sponsor Residential,1.5,26,Ashley Shilo,DDA,Unassigned,Assigned,System Scheduled
WT2 - Quarterly Review (Q4),Chase Hailey,Family Care,Sponsor Residential,1.5,39,Ondrea Wilson,DDA,Unassigned,Assigned,System Scheduled
WT1 - Annual ISP,Corey Cherry,Family Care,Sponsor Residential,3,52,Stephanie Eatton-Johnson,Clinical Director,Unassigned,Assigned,CAPACITY CONFLICT — CRITICAL OVERFLOW
WT2 - Quarterly Review (Q1),Corey Cherry,Family Care,Sponsor Residential,1.5,52,Ayaat Albayati,Clinical Operations Director,Unassigned,Assigned,CAPACITY CONFLICT — CRITICAL OVERFLOW
WT2 - Quarterly Review (Q2),Corey Cherry,Family Care,Sponsor Residential,1.5,13,Ondrea Wilson,DDA,Unassigned,Assigned,System Scheduled
WT2 - Quarterly Review (Q3),Corey Cherry,Family Care,Sponsor Residential,1.5,26,Ondrea Wilson,DDA,Unassigned,Assigned,System Scheduled
WT2 - Quarterly Review (Q4),Corey Cherry,Family Care,Sponsor Residential,1.5,39,Shalette Shaw,DDS 2,Unassigned,Assigned,System Scheduled
WT1 - Annual ISP,CRYSTAL DAVIDSON,Family Care,Sponsor Residential,3,52,Latoya Smith,Clinical Director,Unassigned,Assigned,CAPACITY CONFLICT — CRITICAL OVERFLOW
WT2 - Quarterly Review (Q1),CRYSTAL DAVIDSON,Family Care,Sponsor Residential,1.5,52,Ayaat Albayati,Clinical Operations Director,Unassigned,Assigned,CAPACITY CONFLICT — CRITICAL OVERFLOW
WT2 - Quarterly Review (Q2),CRYSTAL DAVIDSON,Family Care,Sponsor Residential,1.5,13,Shalette Shaw,DDS 2,Unassigned,Assigned,System Scheduled
WT2 - Quarterly Review (Q3),CRYSTAL DAVIDSON,Family Care,Sponsor Residential,1.5,26,Shalette Shaw,DDS 2,Unassigned,Assigned,System Scheduled
WT2 - Quarterly Review (Q4),CRYSTAL DAVIDSON,Family Care,Sponsor Residential,1.5,39,Mohammed,QDDP,Unassigned,Assigned,System Scheduled
WT1 - Annual ISP,GAIL BILLUPS,Family Care,Sponsor Residential,3,52,Stephanie Eatton-Johnson,Clinical Director,Unassigned,Assigned,CAPACITY CONFLICT — CRITICAL OVERFLOW
WT2 - Quarterly Review (Q1),GAIL BILLUPS,Family Care,Sponsor Residential,1.5,52,Ayaat Albayati,Clinical Operations Director,Unassigned,Assigned,CAPACITY CONFLICT — CRITICAL OVERFLOW
WT2 - Quarterly Review (Q2),GAIL BILLUPS,Family Care,Sponsor Residential,1.5,13,Mohammed,QDDP,Unassigned,Assigned,System Scheduled
WT2 - Quarterly Review (Q3),GAIL BILLUPS,Family Care,Sponsor Residential,1.5,26,Mohammed,QDDP,Unassigned,Assigned,System Scheduled
WT2 - Quarterly Review (Q4),GAIL BILLUPS,Family Care,Sponsor Residential,1.5,39,Kristin Williams,DDS 2,Unassigned,Assigned,System Scheduled
WT1 - Annual ISP,IVAN GREENE,Family Care,Sponsor Residential,3,52,Latoya Smith,Clinical Director,Unassigned,Assigned,CAPACITY CONFLICT — CRITICAL OVERFLOW
WT2 - Quarterly Review (Q1),IVAN GREENE,Family Care,Sponsor Residential,1.5,52,Ayaat Albayati,Clinical Operations Director,Unassigned,Assigned,CAPACITY CONFLICT — CRITICAL OVERFLOW
WT2 - Quarterly Review (Q2),IVAN GREENE,Family Care,Sponsor Residential,1.5,13,Kristin Williams,DDS 2,Unassigned,Assigned,System Scheduled
WT2 - Quarterly Review (Q3),IVAN GREENE,Family Care,Sponsor Residential,1.5,26,Kristin Williams,DDS 2,Unassigned,Assigned,System Scheduled
WT2 - Quarterly Review (Q4),IVAN GREENE,Family Care,Sponsor Residential,1.5,39,Ashley Shilo,DDA,Unassigned,Assigned,System Scheduled
WT1 - Annual ISP,Jacob Block,Family Care,Sponsor Residential,3,52,Stephanie Eatton-Johnson,Clinical Director,Unassigned,Assigned,CAPACITY CONFLICT — CRITICAL OVERFLOW
WT2 - Quarterly Review (Q1),Jacob Block,Family Care,Sponsor Residential,1.5,52,Ayaat Albayati,Clinical Operations Director,Unassigned,Assigned,CAPACITY CONFLICT — CRITICAL OVERFLOW
WT2 - Quarterly Review (Q2),Jacob Block,Family Care,Sponsor Residential,1.5,13,Ashley Shilo,DDA,Unassigned,Assigned,System Scheduled
WT2 - Quarterly Review (Q3),Jacob Block,Family Care,Sponsor Residential,1.5,26,Ashley Shilo,DDA,Unassigned,Assigned,System Scheduled
WT2 - Quarterly Review (Q4),Jacob Block,Family Care,Sponsor Residential,1.5,39,Ondrea Wilson,DDA,Unassigned,Assigned,System Scheduled
WT1 - Annual ISP,JULIO PEREZ,Family Care,Sponsor Residential,3,52,Latoya Smith,Clinical Director,Unassigned,Assigned,CAPACITY CONFLICT — CRITICAL OVERFLOW
WT2 - Quarterly Review (Q1),JULIO PEREZ,Family Care,Sponsor Residential,1.5,52,Ayaat Albayati,Clinical Operations Director,Unassigned,Assigned,CAPACITY CONFLICT — CRITICAL OVERFLOW
WT2 - Quarterly Review (Q2),JULIO PEREZ,Family Care,Sponsor Residential,1.5,13,Ondrea Wilson,DDA,Unassigned,Assigned,System Scheduled
WT2 - Quarterly Review (Q3),JULIO PEREZ,Family Care,Sponsor Residential,1.5,26,Ondrea Wilson,DDA,Unassigned,Assigned,System Scheduled
WT2 - Quarterly Review (Q4),JULIO PEREZ,Family Care,Sponsor Residential,1.5,39,Shalette Shaw,DDS 2,Unassigned,Assigned,System Scheduled
WT1 - Annual ISP,Kamari Pruitt,Family Care,Sponsor Residential,3,52,Stephanie Eatton-Johnson,Clinical Director,Unassigned,Assigned,CAPACITY CONFLICT — CRITICAL OVERFLOW
WT2 - Quarterly Review (Q1),Kamari Pruitt,Family Care,Sponsor Residential,1.5,52,Ayaat Albayati,Clinical Operations Director,Unassigned,Assigned,CAPACITY CONFLICT — CRITICAL OVERFLOW
WT2 - Quarterly Review (Q2),Kamari Pruitt,Family Care,Sponsor Residential,1.5,13,Shalette Shaw,DDS 2,Unassigned,Assigned,System Scheduled
WT2 - Quarterly Review (Q3),Kamari Pruitt,Family Care,Sponsor Residential,1.5,26,Shalette Shaw,DDS 2,Unassigned,Assigned,System Scheduled
WT2 - Quarterly Review (Q4),Kamari Pruitt,Family Care,Sponsor Residential,1.5,39,Kristin Williams,DDS 2,Unassigned,Assigned,System Scheduled
WT1 - Annual ISP,MARSHA MICHEL,Family Care,Sponsor Residential,3,52,Latoya Smith,Clinical Director,Unassigned,Assigned,CAPACITY CONFLICT — CRITICAL OVERFLOW
WT2 - Quarterly Review (Q1),MARSHA MICHEL,Family Care,Sponsor Residential,1.5,52,Ayaat Albayati,Clinical Operations Director,Unassigned,Assigned,CAPACITY CONFLICT — CRITICAL OVERFLOW
WT2 - Quarterly Review (Q2),MARSHA MICHEL,Family Care,Sponsor Residential,1.5,13,Mohammed,QDDP,Unassigned,Assigned,System Scheduled
WT2 - Quarterly Review (Q3),MARSHA MICHEL,Family Care,Sponsor Residential,1.5,26,Mohammed,QDDP,Unassigned,Assigned,System Scheduled
WT2 - Quarterly Review (Q4),MARSHA MICHEL,Family Care,Sponsor Residential,1.5,39,Jerry Burton,DDS 1,Unassigned,Assigned,System Scheduled
WT1 - Annual ISP,Nedko Coon,Family Care,Sponsor Residential,3,52,Stephanie Eatton-Johnson,Clinical Director,Unassigned,Assigned,CAPACITY CONFLICT — CRITICAL OVERFLOW
WT2 - Quarterly Review (Q1),Nedko Coon,Family Care,Sponsor Residential,1.5,52,Ayaat Albayati,Clinical Operations Director,Unassigned,Assigned,CAPACITY CONFLICT — CRITICAL OVERFLOW
WT2 - Quarterly Review (Q2),Nedko Coon,Family Care,Sponsor Residential,1.5,13,Kristin Williams,DDS 2,Unassigned,Assigned,System Scheduled
WT2 - Quarterly Review (Q3),Nedko Coon,Family Care,Sponsor Residential,1.5,26,Kristin Williams,DDS 2,Unassigned,Assigned,System Scheduled
WT2 - Quarterly Review (Q4),Nedko Coon,Family Care,Sponsor Residential,1.5,39,Mohammed,QDDP,Unassigned,Assigned,System Scheduled
WT1 - Annual ISP,Quadir Hinton,Family Care,Sponsor Residential,3,52,Latoya Smith,Clinical Director,Unassigned,Assigned,CAPACITY CONFLICT — CRITICAL OVERFLOW
WT2 - Quarterly Review (Q1),Quadir Hinton,Family Care,Sponsor Residential,1.5,52,Ayaat Albayati,Clinical Operations Director,Unassigned,Assigned,CAPACITY CONFLICT — CRITICAL OVERFLOW
WT2 - Quarterly Review (Q2),Quadir Hinton,Family Care,Sponsor Residential,1.5,13,Ashley Shilo,DDA,Unassigned,Assigned,System Scheduled
WT2 - Quarterly Review (Q3),Quadir Hinton,Family Care,Sponsor Residential,1.5,26,Ashley Shilo,DDA,Unassigned,Assigned,System Scheduled
WT2 - Quarterly Review (Q4),Quadir Hinton,Family Care,Sponsor Residential,1.5,39,Kristin Williams,DDS 2,Unassigned,Assigned,System Scheduled
WT1 - Annual ISP,SAMANTHA COGAR,Family Care,Sponsor Residential,3,51,Shalette Shaw,DDS 2,Unassigned,Assigned,System Scheduled
WT2 - Quarterly Review (Q1),SAMANTHA COGAR,Family Care,Sponsor Residential,1.5,51,Kristin Williams,DDS 2,Unassigned,Assigned,System Scheduled
WT2 - Quarterly Review (Q2),SAMANTHA COGAR,Family Care,Sponsor Residential,1.5,12,Ondrea Wilson,DDA,Unassigned,Assigned,System Scheduled
WT2 - Quarterly Review (Q3),SAMANTHA COGAR,Family Care,Sponsor Residential,1.5,25,Ondrea Wilson,DDA,Unassigned,Assigned,System Scheduled
WT2 - Quarterly Review (Q4),SAMANTHA COGAR,Family Care,Sponsor Residential,1.5,38,Ondrea Wilson,DDA,Unassigned,Assigned,System Scheduled
WT1 - Annual ISP,SHAWN SUMMERS,Family Care,Sponsor Residential,3,52,Stephanie Eatton-Johnson,Clinical Director,Unassigned,Assigned,CAPACITY CONFLICT — CRITICAL OVERFLOW
WT2 - Quarterly Review (Q1),SHAWN SUMMERS,Family Care,Sponsor Residential,1.5,52,Ayaat Albayati,Clinical Operations Director,Unassigned,Assigned,CAPACITY CONFLICT — CRITICAL OVERFLOW
WT2 - Quarterly Review (Q2),SHAWN SUMMERS,Family Care,Sponsor Residential,1.5,13,Ondrea Wilson,DDA,Unassigned,Assigned,System Scheduled
WT2 - Quarterly Review (Q3),SHAWN SUMMERS,Family Care,Sponsor Residential,1.5,26,Ondrea Wilson,DDA,Unassigned,Assigned,System Scheduled
WT2 - Quarterly Review (Q4),SHAWN SUMMERS,Family Care,Sponsor Residential,1.5,39,Ashley Shilo,DDA,Unassigned,Assigned,System Scheduled
WT1 - Annual ISP,STEPHANIE JOHNSON,Family Care,Sponsor Residential,3,52,Latoya Smith,Clinical Director,Unassigned,Assigned,CAPACITY CONFLICT — CRITICAL OVERFLOW
WT2 - Quarterly Review (Q1),STEPHANIE JOHNSON,Family Care,Sponsor Residential,1.5,52,Ayaat Albayati,Clinical Operations Director,Unassigned,Assigned,CAPACITY CONFLICT — CRITICAL OVERFLOW
WT2 - Quarterly Review (Q2),STEPHANIE JOHNSON,Family Care,Sponsor Residential,1.5,13,Shalette Shaw,DDS 2,Unassigned,Assigned,System Scheduled
WT2 - Quarterly Review (Q3),STEPHANIE JOHNSON,Family Care,Sponsor Residential,1.5,26,Shalette Shaw,DDS 2,Unassigned,Assigned,System Scheduled
WT2 - Quarterly Review (Q4),STEPHANIE JOHNSON,Family Care,Sponsor Residential,1.5,39,Ondrea Wilson,DDA,Unassigned,Assigned,System Scheduled
WT1 - Annual ISP,TATIANNA CROSBY-EDWARDS,Family Care,Sponsor Residential,3,52,Stephanie Eatton-Johnson,Clinical Director,Unassigned,Assigned,CAPACITY CONFLICT — CRITICAL OVERFLOW
WT2 - Quarterly Review (Q1),TATIANNA CROSBY-EDWARDS,Family Care,Sponsor Residential,1.5,52,Ayaat Albayati,Clinical Operations Director,Unassigned,Assigned,CAPACITY CONFLICT — CRITICAL OVERFLOW
WT2 - Quarterly Review (Q2),TATIANNA CROSBY-EDWARDS,Family Care,Sponsor Residential,1.5,13,Kristin Williams,DDS 2,Unassigned,Assigned,System Scheduled
WT2 - Quarterly Review (Q3),TATIANNA CROSBY-EDWARDS,Family Care,Sponsor Residential,1.5,26,Kristin Williams,DDS 2,Unassigned,Assigned,System Scheduled
WT2 - Quarterly Review (Q4),TATIANNA CROSBY-EDWARDS,Family Care,Sponsor Residential,1.5,39,Shalette Shaw,DDS 2,Unassigned,Assigned,System Scheduled
WT1 - Annual ISP,Vivianna Shute,Family Care,Sponsor Residential,3,52,Latoya Smith,Clinical Director,Unassigned,Assigned (Smoothed - Wk 51),CAPACITY CONFLICT — CRITICAL OVERFLOW
WT2 - Quarterly Review (Q1),Vivianna Shute,Family Care,Sponsor Residential,1.5,52,Ayaat Albayati,Clinical Operations Director,Unassigned,Assigned,CAPACITY CONFLICT — CRITICAL OVERFLOW
WT2 - Quarterly Review (Q2),Vivianna Shute,Family Care,Sponsor Residential,1.5,13,Jerry Burton,DDS 1,Unassigned,Assigned,System Scheduled
WT2 - Quarterly Review (Q3),Vivianna Shute,Family Care,Sponsor Residential,1.5,26,Jerry Burton,DDS 1,Unassigned,Assigned,System Scheduled
WT2 - Quarterly Review (Q4),Vivianna Shute,Family Care,Sponsor Residential,1.5,39,Mohammed,QDDP,Unassigned,Assigned,System Scheduled
WT1 - Annual ISP,ALEXANDER SOLOCK,Family Love,Community Engagement,3,52,Stephanie Eatton-Johnson,Clinical Director,Unassigned,Assigned (Smoothed - Wk 51),CAPACITY CONFLICT — CRITICAL OVERFLOW
WT2 - Quarterly Review (Q1),ALEXANDER SOLOCK,Family Love,Community Engagement,1.5,52,Ayaat Albayati,Clinical Operations Director,Unassigned,Assigned,CAPACITY CONFLICT — CRITICAL OVERFLOW
WT2 - Quarterly Review (Q2),ALEXANDER SOLOCK,Family Love,Community Engagement,1.5,13,Mohammed,QDDP,Unassigned,Assigned,System Scheduled
WT2 - Quarterly Review (Q3),ALEXANDER SOLOCK,Family Love,Community Engagement,1.5,26,Mohammed,QDDP,Unassigned,Assigned,System Scheduled
WT2 - Quarterly Review (Q4),ALEXANDER SOLOCK,Family Love,Community Engagement,1.5,39,Kristin Williams,DDS 2,Unassigned,Assigned,System Scheduled
WT1 - Annual ISP,Hope Bress,Family Love,Community Engagement,3,44,Jerry Burton,DDS 1,Unassigned,Assigned,System Scheduled
WT2 - Quarterly Review (Q1),Hope Bress,Family Love,Community Engagement,1.5,44,Mohammed,QDDP,Unassigned,Assigned,System Scheduled
WT2 - Quarterly Review (Q2),Hope Bress,Family Love,Community Engagement,1.5,5,Shalette Shaw,DDS 2,Unassigned,Assigned,System Scheduled
WT2 - Quarterly Review (Q3),Hope Bress,Family Love,Community Engagement,1.5,18,Shalette Shaw,DDS 2,Unassigned,Assigned,System Scheduled
WT2 - Quarterly Review (Q4),Hope Bress,Family Love,Community Engagement,1.5,31,Shalette Shaw,DDS 2,Unassigned,Assigned,System Scheduled
WT1 - Annual ISP,JUSTINE SIMMONS,Family Love,Community Engagement,3,52,Latoya Smith,Clinical Director,Unassigned,Assigned (Smoothed - Wk 51),CAPACITY CONFLICT — CRITICAL OVERFLOW
WT2 - Quarterly Review (Q1),JUSTINE SIMMONS,Family Love,Community Engagement,1.5,52,Ayaat Albayati,Clinical Operations Director,Unassigned,Assigned,CAPACITY CONFLICT — CRITICAL OVERFLOW
WT2 - Quarterly Review (Q2),JUSTINE SIMMONS,Family Love,Community Engagement,1.5,13,Kristin Williams,DDS 2,Unassigned,Assigned,System Scheduled
WT2 - Quarterly Review (Q3),JUSTINE SIMMONS,Family Love,Community Engagement,1.5,26,Kristin Williams,DDS 2,Unassigned,Assigned,System Scheduled
WT2 - Quarterly Review (Q4),JUSTINE SIMMONS,Family Love,Community Engagement,1.5,39,Latoya Smith,Clinical Director,Unassigned,Assigned,System Scheduled
WT1 - Annual ISP,Andre Garnett,Foundation For Care,Community Coaching,3,52,Stephanie Eatton-Johnson,Clinical Director,Unassigned,Assigned (Smoothed - Wk 51),CAPACITY CONFLICT — CRITICAL OVERFLOW
WT2 - Quarterly Review (Q1),Andre Garnett,Foundation For Care,Community Coaching,1.5,52,Ayaat Albayati,Clinical Operations Director,Unassigned,Assigned,CAPACITY CONFLICT — CRITICAL OVERFLOW
WT2 - Quarterly Review (Q2),Andre Garnett,Foundation For Care,Community Coaching,1.5,13,Ashley Shilo,DDA,Unassigned,Assigned,System Scheduled
WT2 - Quarterly Review (Q3),Andre Garnett,Foundation For Care,Community Coaching,1.5,26,Ashley Shilo,DDA,Unassigned,Assigned,System Scheduled
WT2 - Quarterly Review (Q4),Andre Garnett,Foundation For Care,Community Coaching,1.5,39,Stephanie Eatton-Johnson,Clinical Director,Unassigned,Assigned,System Scheduled
WT1 - Annual ISP,CHRISTOPHER MARTIN,Foundation For Care,Community Coaching,3,52,Latoya Smith,Clinical Director,Unassigned,Assigned (Smoothed - Wk 51),CAPACITY CONFLICT — CRITICAL OVERFLOW
WT2 - Quarterly Review (Q1),CHRISTOPHER MARTIN,Foundation For Care,Community Coaching,1.5,52,Ayaat Albayati,Clinical Operations Director,Unassigned,Assigned,CAPACITY CONFLICT — CRITICAL OVERFLOW
WT2 - Quarterly Review (Q2),CHRISTOPHER MARTIN,Foundation For Care,Community Coaching,1.5,13,Ondrea Wilson,DDA,Unassigned,Assigned,System Scheduled
WT2 - Quarterly Review (Q3),CHRISTOPHER MARTIN,Foundation For Care,Community Coaching,1.5,26,Ondrea Wilson,DDA,Unassigned,Assigned,System Scheduled
WT2 - Quarterly Review (Q4),CHRISTOPHER MARTIN,Foundation For Care,Community Coaching,1.5,39,Ayaat Albayati,Clinical Operations Director,Unassigned,Assigned,System Scheduled
WT1 - Annual ISP,FREDERICK SHAW,Foundation For Care,Community Coaching,3,52,Stephanie Eatton-Johnson,Clinical Director,Unassigned,Assigned (Smoothed - Wk 51),CAPACITY CONFLICT — CRITICAL OVERFLOW
WT2 - Quarterly Review (Q1),FREDERICK SHAW,Foundation For Care,Community Coaching,1.5,52,Ayaat Albayati,Clinical Operations Director,Unassigned,Assigned,CAPACITY CONFLICT — CRITICAL OVERFLOW
WT2 - Quarterly Review (Q2),FREDERICK SHAW,Foundation For Care,Community Coaching,1.5,13,Shalette Shaw,DDS 2,Unassigned,Assigned,System Scheduled
WT2 - Quarterly Review (Q3),FREDERICK SHAW,Foundation For Care,Community Coaching,1.5,26,Shalette Shaw,DDS 2,Unassigned,Assigned,System Scheduled
WT2 - Quarterly Review (Q4),FREDERICK SHAW,Foundation For Care,Community Coaching,1.5,39,Latoya Smith,Clinical Director,Unassigned,Assigned,System Scheduled
WT1 - Annual ISP,Jeffrey Montgomery,Foundation For Care,Community Coaching,3,52,Latoya Smith,Clinical Director,Unassigned,Assigned (Smoothed - Wk 51),CAPACITY CONFLICT — CRITICAL OVERFLOW
WT2 - Quarterly Review (Q1),Jeffrey Montgomery,Foundation For Care,Community Coaching,1.5,52,Ayaat Albayati,Clinical Operations Director,Unassigned,Assigned,CAPACITY CONFLICT — CRITICAL OVERFLOW
WT2 - Quarterly Review (Q2),Jeffrey Montgomery,Foundation For Care,Community Coaching,1.5,13,Mohammed,QDDP,Unassigned,Assigned,System Scheduled
WT2 - Quarterly Review (Q3),Jeffrey Montgomery,Foundation For Care,Community Coaching,1.5,26,Mohammed,QDDP,Unassigned,Assigned,System Scheduled
WT2 - Quarterly Review (Q4),Jeffrey Montgomery,Foundation For Care,Community Coaching,1.5,39,Stephanie Eatton-Johnson,Clinical Director,Unassigned,Assigned,System Scheduled
WT1 - Annual ISP,JOHN FINN,Foundation For Care,Community Coaching,3,43,Kristin Williams,DDS 2,Unassigned,Assigned,System Scheduled
WT2 - Quarterly Review (Q1),JOHN FINN,Foundation For Care,Community Coaching,1.5,43,Ashley Shilo,DDA,Unassigned,Assigned,System Scheduled
WT2 - Quarterly Review (Q2),JOHN FINN,Foundation For Care,Community Coaching,1.5,4,Mohammed,QDDP,Unassigned,Assigned,System Scheduled
WT2 - Quarterly Review (Q3),JOHN FINN,Foundation For Care,Community Coaching,1.5,17,Mohammed,QDDP,Unassigned,Assigned,System Scheduled
WT2 - Quarterly Review (Q4),JOHN FINN,Foundation For Care,Community Coaching,1.5,30,Ashley Shilo,DDA,Unassigned,Assigned,System Scheduled
WT1 - Annual ISP,Martie DeLancey,Foundation For Care,Community Coaching,3,1,Jerry Burton,DDS 1,Unassigned,Assigned,System Scheduled
WT2 - Quarterly Review (Q1),Martie DeLancey,Foundation For Care,Community Coaching,1.5,1,Mohammed,QDDP,Unassigned,Assigned,System Scheduled
WT2 - Quarterly Review (Q2),Martie DeLancey,Foundation For Care,Community Coaching,1.5,14,Jerry Burton,DDS 1,Unassigned,Assigned,System Scheduled
WT2 - Quarterly Review (Q3),Martie DeLancey,Foundation For Care,Community Coaching,1.5,27,Jerry Burton,DDS 1,Unassigned,Assigned,System Scheduled
WT2 - Quarterly Review (Q4),Martie DeLancey,Foundation For Care,Community Coaching,1.5,40,Mohammed,QDDP,Unassigned,Assigned,System Scheduled
WT1 - Annual ISP,Patricia Rosenthal,Foundation For Care,Community Coaching,3,43,Shalette Shaw,DDS 2,Unassigned,Assigned,System Scheduled
WT2 - Quarterly Review (Q1),Patricia Rosenthal,Foundation For Care,Community Coaching,1.5,43,Mohammed,QDDP,Unassigned,Assigned,System Scheduled
WT2 - Quarterly Review (Q2),Patricia Rosenthal,Foundation For Care,Community Coaching,1.5,4,Kristin Williams,DDS 2,Unassigned,Assigned,System Scheduled
WT2 - Quarterly Review (Q3),Patricia Rosenthal,Foundation For Care,Community Coaching,1.5,17,Kristin Williams,DDS 2,Unassigned,Assigned,System Scheduled
WT2 - Quarterly Review (Q4),Patricia Rosenthal,Foundation For Care,Community Coaching,1.5,30,Ondrea Wilson,DDA,Unassigned,Assigned,System Scheduled
WT1 - Annual ISP,STEVEN OSBORNE,Foundation For Care,Community Coaching,3,52,Stephanie Eatton-Johnson,Clinical Director,Unassigned,Assigned (Smoothed - Wk 51),CAPACITY CONFLICT — CRITICAL OVERFLOW
WT2 - Quarterly Review (Q1),STEVEN OSBORNE,Foundation For Care,Community Coaching,1.5,52,Ayaat Albayati,Clinical Operations Director,Unassigned,Assigned,CAPACITY CONFLICT — CRITICAL OVERFLOW
WT2 - Quarterly Review (Q2),STEVEN OSBORNE,Foundation For Care,Community Coaching,1.5,13,Kristin Williams,DDS 2,Unassigned,Assigned,System Scheduled
WT2 - Quarterly Review (Q3),STEVEN OSBORNE,Foundation For Care,Community Coaching,1.5,26,Kristin Williams,DDS 2,Unassigned,Assigned,System Scheduled
WT2 - Quarterly Review (Q4),STEVEN OSBORNE,Foundation For Care,Community Coaching,1.5,39,Ayaat Albayati,Clinical Operations Director,Unassigned,Assigned,System Scheduled
WT1 - Annual ISP,Timothy Robison,Foundation For Care,Community Coaching,3,52,Latoya Smith,Clinical Director,Unassigned,Assigned (Smoothed - Wk 51),CAPACITY CONFLICT — CRITICAL OVERFLOW
WT2 - Quarterly Review (Q1),Timothy Robison,Foundation For Care,Community Coaching,1.5,52,Ayaat Albayati,Clinical Operations Director,Unassigned,Assigned,CAPACITY CONFLICT — CRITICAL OVERFLOW
WT2 - Quarterly Review (Q2),Timothy Robison,Foundation For Care,Community Coaching,1.5,13,Latoya Smith,Clinical Director,Unassigned,Assigned,System Scheduled
WT2 - Quarterly Review (Q3),Timothy Robison,Foundation For Care,Community Coaching,1.5,26,Latoya Smith,Clinical Director,Unassigned,Assigned,System Scheduled
WT2 - Quarterly Review (Q4),Timothy Robison,Foundation For Care,Community Coaching,1.5,39,Latoya Smith,Clinical Director,Unassigned,Assigned,System Scheduled
WT1 - Annual ISP,ANDREW ROSENBERG,Foundation For Care,Community Engagement,3,39,Stephanie Eatton-Johnson,Clinical Director,Unassigned,Assigned,System Scheduled
WT2 - Quarterly Review (Q1),ANDREW ROSENBERG,Foundation For Care,Community Engagement,1.5,39,Ayaat Albayati,Clinical Operations Director,Unassigned,Assigned,System Scheduled
WT2 - Quarterly Review (Q2),ANDREW ROSENBERG,Foundation For Care,Community Engagement,1.5,52,Stephanie Eatton-Johnson,Clinical Director,Unassigned,Assigned,CAPACITY CONFLICT — CRITICAL OVERFLOW
WT2 - Quarterly Review (Q3),ANDREW ROSENBERG,Foundation For Care,Community Engagement,1.5,13,Stephanie Eatton-Johnson,Clinical Director,Unassigned,Assigned,System Scheduled
WT2 - Quarterly Review (Q4),ANDREW ROSENBERG,Foundation For Care,Community Engagement,1.5,26,Stephanie Eatton-Johnson,Clinical Director,Unassigned,Assigned,System Scheduled
WT1 - Annual ISP,Antoine Maciel,Foundation For Care,Community Engagement,3,43,Ashley Shilo,DDA,Unassigned,Assigned,System Scheduled
WT2 - Quarterly Review (Q1),Antoine Maciel,Foundation For Care,Community Engagement,1.5,43,Ondrea Wilson,DDA,Unassigned,Assigned,System Scheduled
WT2 - Quarterly Review (Q2),Antoine Maciel,Foundation For Care,Community Engagement,1.5,4,Ashley Shilo,DDA,Unassigned,Assigned,System Scheduled
WT2 - Quarterly Review (Q3),Antoine Maciel,Foundation For Care,Community Engagement,1.5,17,Ashley Shilo,DDA,Unassigned,Assigned,System Scheduled
WT2 - Quarterly Review (Q4),Antoine Maciel,Foundation For Care,Community Engagement,1.5,30,Shalette Shaw,DDS 2,Unassigned,Assigned,System Scheduled
WT1 - Annual ISP,BILAL MUHAMMAD,Foundation For Care,Community Engagement,3,52,Ayaat Albayati,Clinical Operations Director,Unassigned,Assigned (Smoothed - Wk 51),CAPACITY CONFLICT — CRITICAL OVERFLOW
WT2 - Quarterly Review (Q1),BILAL MUHAMMAD,Foundation For Care,Community Engagement,1.5,52,Latoya Smith,Clinical Director,Unassigned,Assigned,CAPACITY CONFLICT — CRITICAL OVERFLOW
WT2 - Quarterly Review (Q2),BILAL MUHAMMAD,Foundation For Care,Community Engagement,1.5,13,Ayaat Albayati,Clinical Operations Director,Unassigned,Assigned,System Scheduled
WT2 - Quarterly Review (Q3),BILAL MUHAMMAD,Foundation For Care,Community Engagement,1.5,26,Ayaat Albayati,Clinical Operations Director,Unassigned,Assigned,System Scheduled
WT2 - Quarterly Review (Q4),BILAL MUHAMMAD,Foundation For Care,Community Engagement,1.5,39,Latoya Smith,Clinical Director,Unassigned,Assigned,System Scheduled
WT1 - Annual ISP,Carson Fish,Foundation For Care,Community Engagement,3,43,Kristin Williams,DDS 2,Unassigned,Assigned,System Scheduled
WT2 - Quarterly Review (Q1),Carson Fish,Foundation For Care,Community Engagement,1.5,43,Mohammed,QDDP,Unassigned,Assigned,System Scheduled
WT2 - Quarterly Review (Q2),Carson Fish,Foundation For Care,Community Engagement,1.5,4,Ondrea Wilson,DDA,Unassigned,Assigned,System Scheduled
WT2 - Quarterly Review (Q3),Carson Fish,Foundation For Care,Community Engagement,1.5,17,Ondrea Wilson,DDA,Unassigned,Assigned,System Scheduled
WT2 - Quarterly Review (Q4),Carson Fish,Foundation For Care,Community Engagement,1.5,30,Mohammed,QDDP,Unassigned,Assigned,System Scheduled
WT1 - Annual ISP,CHRISTOPHER MARTIN,Foundation For Care,Community Engagement,3,52,Stephanie Eatton-Johnson,Clinical Director,Unassigned,Assigned (Smoothed - Wk 51),CAPACITY CONFLICT — CRITICAL OVERFLOW
WT2 - Quarterly Review (Q1),CHRISTOPHER MARTIN,Foundation For Care,Community Engagement,1.5,52,Latoya Smith,Clinical Director,Unassigned,Assigned,CAPACITY CONFLICT — CRITICAL OVERFLOW
WT2 - Quarterly Review (Q2),CHRISTOPHER MARTIN,Foundation For Care,Community Engagement,1.5,13,Latoya Smith,Clinical Director,Unassigned,Assigned,System Scheduled
WT2 - Quarterly Review (Q3),CHRISTOPHER MARTIN,Foundation For Care,Community Engagement,1.5,26,Latoya Smith,Clinical Director,Unassigned,Assigned,System Scheduled
WT2 - Quarterly Review (Q4),CHRISTOPHER MARTIN,Foundation For Care,Community Engagement,1.5,39,Ayaat Albayati,Clinical Operations Director,Unassigned,Assigned,System Scheduled
WT1 - Annual ISP,Donald St Pierre,Foundation For Care,Community Engagement,3,52,Ayaat Albayati,Clinical Operations Director,Unassigned,Assigned (Smoothed - Wk 51),CAPACITY CONFLICT — CRITICAL OVERFLOW
WT2 - Quarterly Review (Q1),Donald St Pierre,Foundation For Care,Community Engagement,1.5,52,Latoya Smith,Clinical Director,Unassigned,Assigned (Smoothed - Wk 51),CAPACITY CONFLICT — CRITICAL OVERFLOW
WT2 - Quarterly Review (Q2),Donald St Pierre,Foundation For Care,Community Engagement,1.5,13,Stephanie Eatton-Johnson,Clinical Director,Unassigned,Assigned,System Scheduled
WT2 - Quarterly Review (Q3),Donald St Pierre,Foundation For Care,Community Engagement,1.5,26,Stephanie Eatton-Johnson,Clinical Director,Unassigned,Assigned,System Scheduled
WT2 - Quarterly Review (Q4),Donald St Pierre,Foundation For Care,Community Engagement,1.5,39,Latoya Smith,Clinical Director,Unassigned,Assigned,System Scheduled
WT1 - Annual ISP,Jamal Everett,Foundation For Care,Community Engagement,3,48,Mohammed,QDDP,Unassigned,Assigned,System Scheduled
WT2 - Quarterly Review (Q1),Jamal Everett,Foundation For Care,Community Engagement,1.5,48,Ashley Shilo,DDA,Unassigned,Assigned,System Scheduled
WT2 - Quarterly Review (Q2),Jamal Everett,Foundation For Care,Community Engagement,1.5,9,Kristin Williams,DDS 2,Unassigned,Assigned,System Scheduled
WT2 - Quarterly Review (Q3),Jamal Everett,Foundation For Care,Community Engagement,1.5,22,Kristin Williams,DDS 2,Unassigned,Assigned,System Scheduled
WT2 - Quarterly Review (Q4),Jamal Everett,Foundation For Care,Community Engagement,1.5,35,Jerry Burton,DDS 1,Unassigned,Assigned,System Scheduled
WT1 - Annual ISP,JEREMIAH BROWN,Foundation For Care,Community Engagement,3,39,Stephanie Eatton-Johnson,Clinical Director,Unassigned,Assigned,System Scheduled
WT2 - Quarterly Review (Q1),JEREMIAH BROWN,Foundation For Care,Community Engagement,1.5,39,Ayaat Albayati,Clinical Operations Director,Unassigned,Assigned,System Scheduled
WT2 - Quarterly Review (Q2),JEREMIAH BROWN,Foundation For Care,Community Engagement,1.5,52,Stephanie Eatton-Johnson,Clinical Director,Unassigned,Assigned (Smoothed - Wk 51),CAPACITY CONFLICT — CRITICAL OVERFLOW
WT2 - Quarterly Review (Q3),JEREMIAH BROWN,Foundation For Care,Community Engagement,1.5,13,Ayaat Albayati,Clinical Operations Director,Unassigned,Assigned,System Scheduled
WT2 - Quarterly Review (Q4),JEREMIAH BROWN,Foundation For Care,Community Engagement,1.5,26,Ayaat Albayati,Clinical Operations Director,Unassigned,Assigned,System Scheduled
WT1 - Annual ISP,KAISAAN VANWYCKE,Foundation For Care,Community Engagement,3,52,Latoya Smith,Clinical Director,Unassigned,Assigned (Smoothed - Wk 51),CAPACITY CONFLICT — CRITICAL OVERFLOW
WT2 - Quarterly Review (Q1),KAISAAN VANWYCKE,Foundation For Care,Community Engagement,1.5,52,Stephanie Eatton-Johnson,Clinical Director,Unassigned,Assigned (Smoothed - Wk 51),CAPACITY CONFLICT — CRITICAL OVERFLOW
WT2 - Quarterly Review (Q2),KAISAAN VANWYCKE,Foundation For Care,Community Engagement,1.5,13,Latoya Smith,Clinical Director,Unassigned,Assigned,System Scheduled
WT2 - Quarterly Review (Q3),KAISAAN VANWYCKE,Foundation For Care,Community Engagement,1.5,26,Latoya Smith,Clinical Director,Unassigned,Assigned,System Scheduled
WT2 - Quarterly Review (Q4),KAISAAN VANWYCKE,Foundation For Care,Community Engagement,1.5,39,Latoya Smith,Clinical Director,Unassigned,Assigned,System Scheduled
WT1 - Annual ISP,LOUIS PERKINS,Foundation For Care,Community Engagement,3,52,Ayaat Albayati,Clinical Operations Director,Unassigned,Assigned (Smoothed - Wk 51),CAPACITY CONFLICT — CRITICAL OVERFLOW
WT2 - Quarterly Review (Q1),LOUIS PERKINS,Foundation For Care,Community Engagement,1.5,52,Stephanie Eatton-Johnson,Clinical Director,Unassigned,Assigned (Smoothed - Wk 51),CAPACITY CONFLICT — CRITICAL OVERFLOW
WT2 - Quarterly Review (Q2),LOUIS PERKINS,Foundation For Care,Community Engagement,1.5,13,Stephanie Eatton-Johnson,Clinical Director,Unassigned,Assigned,System Scheduled
WT2 - Quarterly Review (Q3),LOUIS PERKINS,Foundation For Care,Community Engagement,1.5,26,Stephanie Eatton-Johnson,Clinical Director,Unassigned,Assigned,System Scheduled
WT2 - Quarterly Review (Q4),LOUIS PERKINS,Foundation For Care,Community Engagement,1.5,39,Ayaat Albayati,Clinical Operations Director,Unassigned,Assigned,System Scheduled
WT1 - Annual ISP,MIRANDA HAYNES,Foundation For Care,Community Engagement,3,52,Latoya Smith,Clinical Director,Unassigned,Assigned (Smoothed - Wk 51),CAPACITY CONFLICT — CRITICAL OVERFLOW
WT2 - Quarterly Review (Q1),MIRANDA HAYNES,Foundation For Care,Community Engagement,1.5,52,Stephanie Eatton-Johnson,Clinical Director,Unassigned,Assigned (Smoothed - Wk 51),CAPACITY CONFLICT — CRITICAL OVERFLOW
WT2 - Quarterly Review (Q2),MIRANDA HAYNES,Foundation For Care,Community Engagement,1.5,13,Ayaat Albayati,Clinical Operations Director,Unassigned,Assigned,System Scheduled
WT2 - Quarterly Review (Q3),MIRANDA HAYNES,Foundation For Care,Community Engagement,1.5,26,Ayaat Albayati,Clinical Operations Director,Unassigned,Assigned,System Scheduled
WT2 - Quarterly Review (Q4),MIRANDA HAYNES,Foundation For Care,Community Engagement,1.5,39,Latoya Smith,Clinical Director,Unassigned,Assigned,System Scheduled
WT1 - Annual ISP,TREVOR FURR ABDULLAH,Foundation For Care,Community Engagement,3,43,Ondrea Wilson,DDA,Unassigned,Assigned,System Scheduled
WT2 - Quarterly Review (Q1),TREVOR FURR ABDULLAH,Foundation For Care,Community Engagement,1.5,43,Shalette Shaw,DDS 2,Unassigned,Assigned,System Scheduled
WT2 - Quarterly Review (Q2),TREVOR FURR ABDULLAH,Foundation For Care,Community Engagement,1.5,4,Shalette Shaw,DDS 2,Unassigned,Assigned,System Scheduled
WT2 - Quarterly Review (Q3),TREVOR FURR ABDULLAH,Foundation For Care,Community Engagement,1.5,17,Shalette Shaw,DDS 2,Unassigned,Assigned,System Scheduled
WT2 - Quarterly Review (Q4),TREVOR FURR ABDULLAH,Foundation For Care,Community Engagement,1.5,30,Kristin Williams,DDS 2,Unassigned,Assigned,System Scheduled
WT1 - Annual ISP,Antoine Maciel,Foundation For Care,Day Support,3,43,Mohammed,QDDP,Unassigned,Assigned,System Scheduled
WT2 - Quarterly Review (Q1),Antoine Maciel,Foundation For Care,Day Support,1.5,43,Kristin Williams,DDS 2,Unassigned,Assigned,System Scheduled
WT2 - Quarterly Review (Q2),Antoine Maciel,Foundation For Care,Day Support,1.5,4,Mohammed,QDDP,Unassigned,Assigned,System Scheduled
WT2 - Quarterly Review (Q3),Antoine Maciel,Foundation For Care,Day Support,1.5,17,Mohammed,QDDP,Unassigned,Assigned,System Scheduled
WT2 - Quarterly Review (Q4),Antoine Maciel,Foundation For Care,Day Support,1.5,30,Ashley Shilo,DDA,Unassigned,Assigned,System Scheduled
WT1 - Annual ISP,BILAL MUHAMMAD,Foundation For Care,Day Support,3,52,Ayaat Albayati,Clinical Operations Director,Unassigned,Assigned (Smoothed - Wk 51),CAPACITY CONFLICT — CRITICAL OVERFLOW
WT2 - Quarterly Review (Q1),BILAL MUHAMMAD,Foundation For Care,Day Support,1.5,52,Stephanie Eatton-Johnson,Clinical Director,Unassigned,Assigned (Smoothed - Wk 51),CAPACITY CONFLICT — CRITICAL OVERFLOW
WT2 - Quarterly Review (Q2),BILAL MUHAMMAD,Foundation For Care,Day Support,1.5,13,Latoya Smith,Clinical Director,Unassigned,Assigned,System Scheduled
WT2 - Quarterly Review (Q3),BILAL MUHAMMAD,Foundation For Care,Day Support,1.5,26,Latoya Smith,Clinical Director,Unassigned,Assigned,System Scheduled
WT2 - Quarterly Review (Q4),BILAL MUHAMMAD,Foundation For Care,Day Support,1.5,39,Stephanie Eatton-Johnson,Clinical Director,Unassigned,Assigned,System Scheduled
WT1 - Annual ISP,Camron Robinson,Foundation For Care,Day Support,3,52,Latoya Smith,Clinical Director,Unassigned,Assigned (Smoothed - Wk 51),CAPACITY CONFLICT — CRITICAL OVERFLOW
WT2 - Quarterly Review (Q1),Camron Robinson,Foundation For Care,Day Support,1.5,52,Stephanie Eatton-Johnson,Clinical Director,Unassigned,Assigned (Smoothed - Wk 51),CAPACITY CONFLICT — CRITICAL OVERFLOW
WT2 - Quarterly Review (Q2),Camron Robinson,Foundation For Care,Day Support,1.5,13,Stephanie Eatton-Johnson,Clinical Director,Unassigned,Assigned,System Scheduled
WT2 - Quarterly Review (Q3),Camron Robinson,Foundation For Care,Day Support,1.5,26,Stephanie Eatton-Johnson,Clinical Director,Unassigned,Assigned,System Scheduled
WT2 - Quarterly Review (Q4),Camron Robinson,Foundation For Care,Day Support,1.5,39,Ayaat Albayati,Clinical Operations Director,Unassigned,Assigned,System Scheduled
WT1 - Annual ISP,Carson Fish,Foundation For Care,Day Support,3,43,Ashley Shilo,DDA,Unassigned,Assigned,System Scheduled
WT2 - Quarterly Review (Q1),Carson Fish,Foundation For Care,Day Support,1.5,43,Shalette Shaw,DDS 2,Unassigned,Assigned,System Scheduled
WT2 - Quarterly Review (Q2),Carson Fish,Foundation For Care,Day Support,1.5,4,Kristin Williams,DDS 2,Unassigned,Assigned,System Scheduled
WT2 - Quarterly Review (Q3),Carson Fish,Foundation For Care,Day Support,1.5,17,Kristin Williams,DDS 2,Unassigned,Assigned,System Scheduled
WT2 - Quarterly Review (Q4),Carson Fish,Foundation For Care,Day Support,1.5,30,Ondrea Wilson,DDA,Unassigned,Assigned,System Scheduled
WT1 - Annual ISP,Charlotte Sullivan,Foundation For Care,Day Support,3,50,Jerry Burton,DDS 1,Unassigned,Assigned,System Scheduled
WT2 - Quarterly Review (Q1),Charlotte Sullivan,Foundation For Care,Day Support,1.5,50,Mohammed,QDDP,Unassigned,Assigned,System Scheduled
WT2 - Quarterly Review (Q2),Charlotte Sullivan,Foundation For Care,Day Support,1.5,11,Shalette Shaw,DDS 2,Unassigned,Assigned,System Scheduled
WT2 - Quarterly Review (Q3),Charlotte Sullivan,Foundation For Care,Day Support,1.5,24,Shalette Shaw,DDS 2,Unassigned,Assigned,System Scheduled
WT2 - Quarterly Review (Q4),Charlotte Sullivan,Foundation For Care,Day Support,1.5,37,Shalette Shaw,DDS 2,Unassigned,Assigned,System Scheduled
WT1 - Annual ISP,Deven Dixon,Foundation For Care,Day Support,3,52,Ayaat Albayati,Clinical Operations Director,Unassigned,Assigned (Smoothed - Wk 51),CAPACITY CONFLICT — CRITICAL OVERFLOW
WT2 - Quarterly Review (Q1),Deven Dixon,Foundation For Care,Day Support,1.5,52,Stephanie Eatton-Johnson,Clinical Director,Unassigned,Assigned (Smoothed - Wk 51),CAPACITY CONFLICT — CRITICAL OVERFLOW
WT2 - Quarterly Review (Q2),Deven Dixon,Foundation For Care,Day Support,1.5,13,Ayaat Albayati,Clinical Operations Director,Unassigned,Assigned,System Scheduled
WT2 - Quarterly Review (Q3),Deven Dixon,Foundation For Care,Day Support,1.5,26,Ayaat Albayati,Clinical Operations Director,Unassigned,Assigned,System Scheduled
WT2 - Quarterly Review (Q4),Deven Dixon,Foundation For Care,Day Support,1.5,39,Latoya Smith,Clinical Director,Unassigned,Assigned,System Scheduled
WT1 - Annual ISP,Donald St Pierre,Foundation For Care,Day Support,3,52,Latoya Smith,Clinical Director,Unassigned,Assigned (Smoothed - Wk 51),CAPACITY CONFLICT — CRITICAL OVERFLOW
WT2 - Quarterly Review (Q1),Donald St Pierre,Foundation For Care,Day Support,1.5,52,Stephanie Eatton-Johnson,Clinical Director,Unassigned,Assigned (Smoothed - Wk 51),CAPACITY CONFLICT — CRITICAL OVERFLOW
WT2 - Quarterly Review (Q2),Donald St Pierre,Foundation For Care,Day Support,1.5,13,Latoya Smith,Clinical Director,Unassigned,Assigned,System Scheduled
WT2 - Quarterly Review (Q3),Donald St Pierre,Foundation For Care,Day Support,1.5,26,Latoya Smith,Clinical Director,Unassigned,Assigned,System Scheduled
WT2 - Quarterly Review (Q4),Donald St Pierre,Foundation For Care,Day Support,1.5,39,Stephanie Eatton-Johnson,Clinical Director,Unassigned,Assigned,System Scheduled
WT1 - Annual ISP,GARRIC TYLER,Foundation For Care,Day Support,3,52,Ayaat Albayati,Clinical Operations Director,Unassigned,Assigned (Smoothed - Wk 51),CAPACITY CONFLICT — CRITICAL OVERFLOW
WT2 - Quarterly Review (Q1),GARRIC TYLER,Foundation For Care,Day Support,1.5,52,Stephanie Eatton-Johnson,Clinical Director,Unassigned,Assigned (Smoothed - Wk 51),CAPACITY CONFLICT — CRITICAL OVERFLOW
WT2 - Quarterly Review (Q2),GARRIC TYLER,Foundation For Care,Day Support,1.5,13,Stephanie Eatton-Johnson,Clinical Director,Unassigned,Assigned,System Scheduled
WT2 - Quarterly Review (Q3),GARRIC TYLER,Foundation For Care,Day Support,1.5,26,Stephanie Eatton-Johnson,Clinical Director,Unassigned,Assigned,System Scheduled
WT2 - Quarterly Review (Q4),GARRIC TYLER,Foundation For Care,Day Support,1.5,39,Ayaat Albayati,Clinical Operations Director,Unassigned,Assigned,System Scheduled
WT1 - Annual ISP,GEORGE LEWIS,Foundation For Care,Day Support,3,48,Shalette Shaw,DDS 2,Unassigned,Assigned,System Scheduled
WT2 - Quarterly Review (Q1),GEORGE LEWIS,Foundation For Care,Day Support,1.5,48,Kristin Williams,DDS 2,Unassigned,Assigned,System Scheduled
WT2 - Quarterly Review (Q2),GEORGE LEWIS,Foundation For Care,Day Support,1.5,9,Jerry Burton,DDS 1,Unassigned,Assigned,System Scheduled
WT2 - Quarterly Review (Q3),GEORGE LEWIS,Foundation For Care,Day Support,1.5,22,Jerry Burton,DDS 1,Unassigned,Assigned,System Scheduled
WT2 - Quarterly Review (Q4),GEORGE LEWIS,Foundation For Care,Day Support,1.5,35,Mohammed,QDDP,Unassigned,Assigned,System Scheduled
WT1 - Annual ISP,JOSEPH YOX,Foundation For Care,Day Support,3,43,Kristin Williams,DDS 2,Unassigned,Assigned,System Scheduled
WT2 - Quarterly Review (Q1),JOSEPH YOX,Foundation For Care,Day Support,1.5,43,Ondrea Wilson,DDA,Unassigned,Assigned,System Scheduled
WT2 - Quarterly Review (Q2),JOSEPH YOX,Foundation For Care,Day Support,1.5,4,Ashley Shilo,DDA,Unassigned,Assigned,System Scheduled
WT2 - Quarterly Review (Q3),JOSEPH YOX,Foundation For Care,Day Support,1.5,17,Ashley Shilo,DDA,Unassigned,Assigned,System Scheduled
WT2 - Quarterly Review (Q4),JOSEPH YOX,Foundation For Care,Day Support,1.5,30,Shalette Shaw,DDS 2,Unassigned,Assigned,System Scheduled
WT1 - Annual ISP,Jay King,Foundation For Care,Day Support,3,52,Latoya Smith,Clinical Director,Unassigned,Assigned (Smoothed - Wk 51),CAPACITY CONFLICT — CRITICAL OVERFLOW
WT2 - Quarterly Review (Q1),Jay King,Foundation For Care,Day Support,1.5,52,Stephanie Eatton-Johnson,Clinical Director,Unassigned,Assigned (Smoothed - Wk 51),CAPACITY CONFLICT — CRITICAL OVERFLOW
WT2 - Quarterly Review (Q2),Jay King,Foundation For Care,Day Support,1.5,13,Ayaat Albayati,Clinical Operations Director,Unassigned,Assigned,System Scheduled
WT2 - Quarterly Review (Q3),Jay King,Foundation For Care,Day Support,1.5,26,Ayaat Albayati,Clinical Operations Director,Unassigned,Assigned,System Scheduled
WT2 - Quarterly Review (Q4),Jay King,Foundation For Care,Day Support,1.5,39,Latoya Smith,Clinical Director,Unassigned,Assigned,System Scheduled
WT1 - Annual ISP,LOUIS PERKINS,Foundation For Care,Day Support,3,52,Ayaat Albayati,Clinical Operations Director,Unassigned,Assigned (Smoothed - Wk 51),CAPACITY CONFLICT — CRITICAL OVERFLOW
WT2 - Quarterly Review (Q1),LOUIS PERKINS,Foundation For Care,Day Support,1.5,52,Stephanie Eatton-Johnson,Clinical Director,Unassigned,Assigned (Smoothed - Wk 51),CAPACITY CONFLICT — CRITICAL OVERFLOW
WT2 - Quarterly Review (Q2),LOUIS PERKINS,Foundation For Care,Day Support,1.5,13,Latoya Smith,Clinical Director,Unassigned,Assigned,System Scheduled
WT2 - Quarterly Review (Q3),LOUIS PERKINS,Foundation For Care,Day Support,1.5,26,Latoya Smith,Clinical Director,Unassigned,Assigned,System Scheduled
WT2 - Quarterly Review (Q4),LOUIS PERKINS,Foundation For Care,Day Support,1.5,39,Stephanie Eatton-Johnson,Clinical Director,Unassigned,Assigned,System Scheduled
WT1 - Annual ISP,MIRANDA HAYNES,Foundation For Care,Day Support,3,52,Latoya Smith,Clinical Director,Unassigned,Assigned (Smoothed - Wk 51),CAPACITY CONFLICT — CRITICAL OVERFLOW
WT2 - Quarterly Review (Q1),MIRANDA HAYNES,Foundation For Care,Day Support,1.5,52,Stephanie Eatton-Johnson,Clinical Director,Unassigned,Assigned (Smoothed - Wk 51),CAPACITY CONFLICT — CRITICAL OVERFLOW
WT2 - Quarterly Review (Q2),MIRANDA HAYNES,Foundation For Care,Day Support,1.5,13,Stephanie Eatton-Johnson,Clinical Director,Unassigned,Assigned,System Scheduled
WT2 - Quarterly Review (Q3),MIRANDA HAYNES,Foundation For Care,Day Support,1.5,26,Stephanie Eatton-Johnson,Clinical Director,Unassigned,Assigned,System Scheduled
WT2 - Quarterly Review (Q4),MIRANDA HAYNES,Foundation For Care,Day Support,1.5,39,Ayaat Albayati,Clinical Operations Director,Unassigned,Assigned,System Scheduled
WT1 - Annual ISP,Paul Ferguson,Foundation For Care,Day Support,3,52,Ayaat Albayati,Clinical Operations Director,Unassigned,Assigned (Smoothed - Wk 51),CAPACITY CONFLICT — CRITICAL OVERFLOW
WT2 - Quarterly Review (Q1),Paul Ferguson,Foundation For Care,Day Support,1.5,52,Stephanie Eatton-Johnson,Clinical Director,Unassigned,Assigned (Smoothed - Wk 51),CAPACITY CONFLICT — CRITICAL OVERFLOW
WT2 - Quarterly Review (Q2),Paul Ferguson,Foundation For Care,Day Support,1.5,13,Ayaat Albayati,Clinical Operations Director,Unassigned,Assigned,System Scheduled
WT2 - Quarterly Review (Q3),Paul Ferguson,Foundation For Care,Day Support,1.5,26,Ayaat Albayati,Clinical Operations Director,Unassigned,Assigned,System Scheduled
WT2 - Quarterly Review (Q4),Paul Ferguson,Foundation For Care,Day Support,1.5,39,Latoya Smith,Clinical Director,Unassigned,Assigned,System Scheduled
WT1 - Annual ISP,Quinten Wells,Foundation For Care,Day Support,3,52,Latoya Smith,Clinical Director,Unassigned,Assigned (Smoothed - Wk 51),CAPACITY CONFLICT — CRITICAL OVERFLOW
WT2 - Quarterly Review (Q1),Quinten Wells,Foundation For Care,Day Support,1.5,52,Stephanie Eatton-Johnson,Clinical Director,Unassigned,Assigned (Smoothed - Wk 51),CAPACITY CONFLICT — CRITICAL OVERFLOW
WT2 - Quarterly Review (Q2),Quinten Wells,Foundation For Care,Day Support,1.5,13,Latoya Smith,Clinical Director,Unassigned,Assigned,System Scheduled
WT2 - Quarterly Review (Q3),Quinten Wells,Foundation For Care,Day Support,1.5,26,Latoya Smith,Clinical Director,Unassigned,Assigned,System Scheduled
WT2 - Quarterly Review (Q4),Quinten Wells,Foundation For Care,Day Support,1.5,39,Stephanie Eatton-Johnson,Clinical Director,Unassigned,Assigned,System Scheduled
WT1 - Annual ISP,RANDY MILLER,Foundation For Care,Day Support,3,39,Ayaat Albayati,Clinical Operations Director,Unassigned,Assigned (DBHDS 14-Day Pre-Due Window - Wk 37),
WT2 - Quarterly Review (Q1),RANDY MILLER,Foundation For Care,Day Support,1.5,39,Latoya Smith,Clinical Director,Unassigned,Assigned,System Scheduled
WT2 - Quarterly Review (Q2),RANDY MILLER,Foundation For Care,Day Support,1.5,52,Ayaat Albayati,Clinical Operations Director,Unassigned,Assigned (Smoothed - Wk 51),CAPACITY CONFLICT — CRITICAL OVERFLOW
WT2 - Quarterly Review (Q3),RANDY MILLER,Foundation For Care,Day Support,1.5,13,Stephanie Eatton-Johnson,Clinical Director,Unassigned,Assigned,System Scheduled
WT2 - Quarterly Review (Q4),RANDY MILLER,Foundation For Care,Day Support,1.5,26,Stephanie Eatton-Johnson,Clinical Director,Unassigned,Assigned,System Scheduled
WT1 - Annual ISP,ROBERT LEWIS,Foundation For Care,Day Support,3,52,Stephanie Eatton-Johnson,Clinical Director,Unassigned,Assigned (Smoothed - Wk 51),CAPACITY CONFLICT — CRITICAL OVERFLOW
WT2 - Quarterly Review (Q1),ROBERT LEWIS,Foundation For Care,Day Support,1.5,52,Ayaat Albayati,Clinical Operations Director,Unassigned,Assigned (Smoothed - Wk 51),CAPACITY CONFLICT — CRITICAL OVERFLOW
WT2 - Quarterly Review (Q2),ROBERT LEWIS,Foundation For Care,Day Support,1.5,13,Ayaat Albayati,Clinical Operations Director,Unassigned,Assigned,System Scheduled
WT2 - Quarterly Review (Q3),ROBERT LEWIS,Foundation For Care,Day Support,1.5,26,Ayaat Albayati,Clinical Operations Director,Unassigned,Assigned,System Scheduled
WT2 - Quarterly Review (Q4),ROBERT LEWIS,Foundation For Care,Day Support,1.5,39,Stephanie Eatton-Johnson,Clinical Director,Unassigned,Assigned,System Scheduled
WT1 - Annual ISP,Sincere Graham,Foundation For Care,Day Support,3,33,Ashley Shilo,DDA,Unassigned,Assigned,System Scheduled
WT2 - Quarterly Review (Q1),Sincere Graham,Foundation For Care,Day Support,1.5,33,Ondrea Wilson,DDA,Unassigned,Assigned,System Scheduled
WT2 - Quarterly Review (Q2),Sincere Graham,Foundation For Care,Day Support,1.5,46,Ashley Shilo,DDA,Unassigned,Assigned,System Scheduled
WT2 - Quarterly Review (Q3),Sincere Graham,Foundation For Care,Day Support,1.5,7,Ashley Shilo,DDA,Unassigned,Assigned,System Scheduled
WT2 - Quarterly Review (Q4),Sincere Graham,Foundation For Care,Day Support,1.5,20,Ashley Shilo,DDA,Unassigned,Assigned,System Scheduled
WT1 - Annual ISP,Stephanie Sullivan,Foundation For Care,Day Support,3,48,Ashley Shilo,DDA,Unassigned,Assigned,System Scheduled
WT2 - Quarterly Review (Q1),Stephanie Sullivan,Foundation For Care,Day Support,1.5,48,Ondrea Wilson,DDA,Unassigned,Assigned,System Scheduled
WT2 - Quarterly Review (Q2),Stephanie Sullivan,Foundation For Care,Day Support,1.5,9,Mohammed,QDDP,Unassigned,Assigned,System Scheduled
WT2 - Quarterly Review (Q3),Stephanie Sullivan,Foundation For Care,Day Support,1.5,22,Mohammed,QDDP,Unassigned,Assigned,System Scheduled
WT2 - Quarterly Review (Q4),Stephanie Sullivan,Foundation For Care,Day Support,1.5,35,Kristin Williams,DDS 2,Unassigned,Assigned,System Scheduled
WT1 - Annual ISP,TRAVIS TURNER,Foundation For Care,Day Support,3,52,Latoya Smith,Clinical Director,Unassigned,Assigned (Smoothed - Wk 51),CAPACITY CONFLICT — CRITICAL OVERFLOW
WT2 - Quarterly Review (Q1),TRAVIS TURNER,Foundation For Care,Day Support,1.5,52,Ayaat Albayati,Clinical Operations Director,Unassigned,Assigned (Smoothed - Wk 51),CAPACITY CONFLICT — CRITICAL OVERFLOW
WT2 - Quarterly Review (Q2),TRAVIS TURNER,Foundation For Care,Day Support,1.5,13,Latoya Smith,Clinical Director,Unassigned,Assigned,System Scheduled
WT2 - Quarterly Review (Q3),TRAVIS TURNER,Foundation For Care,Day Support,1.5,26,Latoya Smith,Clinical Director,Unassigned,Assigned,System Scheduled
WT2 - Quarterly Review (Q4),TRAVIS TURNER,Foundation For Care,Day Support,1.5,39,Latoya Smith,Clinical Director,Unassigned,Assigned,System Scheduled
WT1 - Annual ISP,TREVOR FURR ABDULLAH,Foundation For Care,Day Support,3,43,Shalette Shaw,DDS 2,Unassigned,Assigned,System Scheduled
WT2 - Quarterly Review (Q1),TREVOR FURR ABDULLAH,Foundation For Care,Day Support,1.5,43,Jerry Burton,DDS 1,Unassigned,Assigned,System Scheduled
WT2 - Quarterly Review (Q2),TREVOR FURR ABDULLAH,Foundation For Care,Day Support,1.5,4,Ondrea Wilson,DDA,Unassigned,Assigned,System Scheduled
WT2 - Quarterly Review (Q3),TREVOR FURR ABDULLAH,Foundation For Care,Day Support,1.5,17,Ondrea Wilson,DDA,Unassigned,Assigned,System Scheduled
WT2 - Quarterly Review (Q4),TREVOR FURR ABDULLAH,Foundation For Care,Day Support,1.5,30,Mohammed,QDDP,Unassigned,Assigned,System Scheduled
WT1 - Annual ISP,Tyquasia Clanton,Foundation For Care,Day Support,3,13,Stephanie Eatton-Johnson,Clinical Director,Unassigned,Assigned,System Scheduled
WT2 - Quarterly Review (Q1),Tyquasia Clanton,Foundation For Care,Day Support,1.5,13,Ayaat Albayati,Clinical Operations Director,Unassigned,Assigned,System Scheduled
WT2 - Quarterly Review (Q2),Tyquasia Clanton,Foundation For Care,Day Support,1.5,26,Stephanie Eatton-Johnson,Clinical Director,Unassigned,Assigned,System Scheduled
WT2 - Quarterly Review (Q3),Tyquasia Clanton,Foundation For Care,Day Support,1.5,39,Stephanie Eatton-Johnson,Clinical Director,Unassigned,Assigned,System Scheduled
WT2 - Quarterly Review (Q4),Tyquasia Clanton,Foundation For Care,Day Support,1.5,52,Stephanie Eatton-Johnson,Clinical Director,Unassigned,Assigned (Smoothed - Wk 51),CAPACITY CONFLICT — CRITICAL OVERFLOW
WT1 - Annual ISP,William Taffyn,Foundation For Care,Day Support,3,43,Mohammed,QDDP,Unassigned,Assigned,System Scheduled
WT2 - Quarterly Review (Q1),William Taffyn,Foundation For Care,Day Support,1.5,43,Kristin Williams,DDS 2,Unassigned,Assigned,System Scheduled
WT2 - Quarterly Review (Q2),William Taffyn,Foundation For Care,Day Support,1.5,4,Shalette Shaw,DDS 2,Unassigned,Assigned,System Scheduled
WT2 - Quarterly Review (Q3),William Taffyn,Foundation For Care,Day Support,1.5,17,Shalette Shaw,DDS 2,Unassigned,Assigned,System Scheduled
WT2 - Quarterly Review (Q4),William Taffyn,Foundation For Care,Day Support,1.5,30,Kristin Williams,DDS 2,Unassigned,Assigned,System Scheduled
WT1 - Annual ISP,Angel Hackett,Foundation For Care,Group Home,3,52,Ayaat Albayati,Clinical Operations Director,Unassigned,Assigned (Smoothed - Wk 51),CAPACITY CONFLICT — CRITICAL OVERFLOW
WT2 - Quarterly Review (Q1),Angel Hackett,Foundation For Care,Group Home,1.5,52,Latoya Smith,Clinical Director,Unassigned,Assigned (Smoothed - Wk 51),CAPACITY CONFLICT — CRITICAL OVERFLOW
WT2 - Quarterly Review (Q2),Angel Hackett,Foundation For Care,Group Home,1.5,13,Latoya Smith,Clinical Director,Unassigned,Assigned,System Scheduled
WT2 - Quarterly Review (Q3),Angel Hackett,Foundation For Care,Group Home,1.5,26,Ayaat Albayati,Clinical Operations Director,Unassigned,Assigned,System Scheduled
WT2 - Quarterly Review (Q4),Angel Hackett,Foundation For Care,Group Home,1.5,39,Ayaat Albayati,Clinical Operations Director,Unassigned,Assigned,System Scheduled
WT1 - Annual ISP,ANDREW ROSENBERG,Foundation For Care,Group Home,3,39,Latoya Smith,Clinical Director,Unassigned,Assigned (DBHDS 14-Day Pre-Due Window - Wk 37),
WT2 - Quarterly Review (Q1),ANDREW ROSENBERG,Foundation For Care,Group Home,1.5,39,Stephanie Eatton-Johnson,Clinical Director,Unassigned,Assigned,System Scheduled
WT2 - Quarterly Review (Q2),ANDREW ROSENBERG,Foundation For Care,Group Home,1.5,52,Stephanie Eatton-Johnson,Clinical Director,Unassigned,Assigned (Smoothed - Wk 51),CAPACITY CONFLICT — CRITICAL OVERFLOW
WT2 - Quarterly Review (Q3),ANDREW ROSENBERG,Foundation For Care,Group Home,1.5,13,Ayaat Albayati,Clinical Operations Director,Unassigned,Assigned,System Scheduled
WT2 - Quarterly Review (Q4),ANDREW ROSENBERG,Foundation For Care,Group Home,1.5,26,Latoya Smith,Clinical Director,Unassigned,Assigned,System Scheduled
WT1 - Annual ISP,Andre Garnett,Foundation For Care,Group Home,3,52,Latoya Smith,Clinical Director,Unassigned,Assigned (Smoothed - Wk 51),CAPACITY CONFLICT — CRITICAL OVERFLOW
WT2 - Quarterly Review (Q1),Andre Garnett,Foundation For Care,Group Home,1.5,52,Stephanie Eatton-Johnson,Clinical Director,Unassigned,Assigned (Smoothed - Wk 51),CAPACITY CONFLICT — CRITICAL OVERFLOW
WT2 - Quarterly Review (Q2),Andre Garnett,Foundation For Care,Group Home,1.5,13,Latoya Smith,Clinical Director,Unassigned,Assigned,System Scheduled
WT2 - Quarterly Review (Q3),Andre Garnett,Foundation For Care,Group Home,1.5,26,Stephanie Eatton-Johnson,Clinical Director,Unassigned,Assigned,System Scheduled
WT2 - Quarterly Review (Q4),Andre Garnett,Foundation For Care,Group Home,1.5,39,Ayaat Albayati,Clinical Operations Director,Unassigned,Assigned,System Scheduled
WT1 - Annual ISP,Antoine Maciel,Foundation For Care,Group Home,3,43,Ashley Shilo,DDA,Unassigned,Assigned,System Scheduled
WT2 - Quarterly Review (Q1),Antoine Maciel,Foundation For Care,Group Home,1.5,43,Ondrea Wilson,DDA,Unassigned,Assigned,System Scheduled
WT2 - Quarterly Review (Q2),Antoine Maciel,Foundation For Care,Group Home,1.5,4,Mohammed,QDDP,Unassigned,Assigned,System Scheduled
WT2 - Quarterly Review (Q3),Antoine Maciel,Foundation For Care,Group Home,1.5,17,Mohammed,QDDP,Unassigned,Assigned,System Scheduled
WT2 - Quarterly Review (Q4),Antoine Maciel,Foundation For Care,Group Home,1.5,30,Ashley Shilo,DDA,Unassigned,Assigned,System Scheduled
WT1 - Annual ISP,Camron Robinson,Foundation For Care,Group Home,3,52,Ayaat Albayati,Clinical Operations Director,Unassigned,Assigned (Smoothed - Wk 51),CAPACITY CONFLICT — CRITICAL OVERFLOW
WT2 - Quarterly Review (Q1),Camron Robinson,Foundation For Care,Group Home,1.5,52,Stephanie Eatton-Johnson,Clinical Director,Unassigned,Assigned (Smoothed - Wk 51),CAPACITY CONFLICT — CRITICAL OVERFLOW
WT2 - Quarterly Review (Q2),Camron Robinson,Foundation For Care,Group Home,1.5,13,Stephanie Eatton-Johnson,Clinical Director,Unassigned,Assigned,System Scheduled
WT2 - Quarterly Review (Q3),Camron Robinson,Foundation For Care,Group Home,1.5,26,Ayaat Albayati,Clinical Operations Director,Unassigned,Assigned,System Scheduled
WT2 - Quarterly Review (Q4),Camron Robinson,Foundation For Care,Group Home,1.5,39,Stephanie Eatton-Johnson,Clinical Director,Unassigned,Assigned,System Scheduled
WT1 - Annual ISP,Deven Dixon,Foundation For Care,Group Home,3,52,Latoya Smith,Clinical Director,Unassigned,Assigned (Smoothed - Wk 51),CAPACITY CONFLICT — CRITICAL OVERFLOW
WT2 - Quarterly Review (Q1),Deven Dixon,Foundation For Care,Group Home,1.5,52,Stephanie Eatton-Johnson,Clinical Director,Unassigned,Assigned (Smoothed - Wk 51),CAPACITY CONFLICT — CRITICAL OVERFLOW
WT2 - Quarterly Review (Q2),Deven Dixon,Foundation For Care,Group Home,1.5,13,Ayaat Albayati,Clinical Operations Director,Unassigned,Assigned,System Scheduled
WT2 - Quarterly Review (Q3),Deven Dixon,Foundation For Care,Group Home,1.5,26,Latoya Smith,Clinical Director,Unassigned,Assigned,System Scheduled
WT2 - Quarterly Review (Q4),Deven Dixon,Foundation For Care,Group Home,1.5,39,Ayaat Albayati,Clinical Operations Director,Unassigned,Assigned,System Scheduled
WT1 - Annual ISP,Donald St Pierre,Foundation For Care,Group Home,3,52,Ayaat Albayati,Clinical Operations Director,Unassigned,Assigned (Smoothed - Wk 51),CAPACITY CONFLICT — CRITICAL OVERFLOW
WT2 - Quarterly Review (Q1),Donald St Pierre,Foundation For Care,Group Home,1.5,52,Stephanie Eatton-Johnson,Clinical Director,Unassigned,Assigned (Smoothed - Wk 51),CAPACITY CONFLICT — CRITICAL OVERFLOW
WT2 - Quarterly Review (Q2),Donald St Pierre,Foundation For Care,Group Home,1.5,13,Latoya Smith,Clinical Director,Unassigned,Assigned,System Scheduled
WT2 - Quarterly Review (Q3),Donald St Pierre,Foundation For Care,Group Home,1.5,26,Stephanie Eatton-Johnson,Clinical Director,Unassigned,Assigned,System Scheduled
WT2 - Quarterly Review (Q4),Donald St Pierre,Foundation For Care,Group Home,1.5,39,Latoya Smith,Clinical Director,Unassigned,Assigned,
WT1 - Annual ISP,FREDERICK SHAW,Foundation For Care,Group Home,3,52,Latoya Smith,Clinical Director,Unassigned,Assigned (Smoothed - Wk 51),CAPACITY CONFLICT — CRITICAL OVERFLOW
WT2 - Quarterly Review (Q1),FREDERICK SHAW,Foundation For Care,Group Home,1.5,52,Stephanie Eatton-Johnson,Clinical Director,Unassigned,Assigned (Smoothed - Wk 51),CAPACITY CONFLICT — CRITICAL OVERFLOW
WT2 - Quarterly Review (Q2),FREDERICK SHAW,Foundation For Care,Group Home,1.5,13,Stephanie Eatton-Johnson,Clinical Director,Unassigned,Assigned,System Scheduled
WT2 - Quarterly Review (Q3),FREDERICK SHAW,Foundation For Care,Group Home,1.5,26,Ayaat Albayati,Clinical Operations Director,Unassigned,Assigned,System Scheduled
WT2 - Quarterly Review (Q4),FREDERICK SHAW,Foundation For Care,Group Home,1.5,39,Stephanie Eatton-Johnson,Clinical Director,Unassigned,Assigned,
WT1 - Annual ISP,JOHN FINN,Foundation For Care,Group Home,3,43,Kristin Williams,DDS 2,Unassigned,Assigned,System Scheduled
WT2 - Quarterly Review (Q1),JOHN FINN,Foundation For Care,Group Home,1.5,43,Ondrea Wilson,DDA,Unassigned,Assigned,System Scheduled
WT2 - Quarterly Review (Q2),JOHN FINN,Foundation For Care,Group Home,1.5,4,Kristin Williams,DDS 2,Unassigned,Assigned,System Scheduled
WT2 - Quarterly Review (Q3),JOHN FINN,Foundation For Care,Group Home,1.5,17,Kristin Williams,DDS 2,Unassigned,Assigned,System Scheduled
WT2 - Quarterly Review (Q4),JOHN FINN,Foundation For Care,Group Home,1.5,30,Ondrea Wilson,DDA,Unassigned,Assigned,System Scheduled
WT1 - Annual ISP,Jeffrey Montgomery,Foundation For Care,Group Home,3,52,Ayaat Albayati,Clinical Operations Director,Unassigned,Assigned (Smoothed - Wk 51),CAPACITY CONFLICT — CRITICAL OVERFLOW
WT2 - Quarterly Review (Q1),Jeffrey Montgomery,Foundation For Care,Group Home,1.5,52,Stephanie Eatton-Johnson,Clinical Director,Unassigned,Assigned (Smoothed - Wk 51),CAPACITY CONFLICT — CRITICAL OVERFLOW
WT2 - Quarterly Review (Q2),Jeffrey Montgomery,Foundation For Care,Group Home,1.5,13,Ayaat Albayati,Clinical Operations Director,Unassigned,Assigned,System Scheduled
WT2 - Quarterly Review (Q3),Jeffrey Montgomery,Foundation For Care,Group Home,1.5,26,Latoya Smith,Clinical Director,Unassigned,Assigned,System Scheduled
WT2 - Quarterly Review (Q4),Jeffrey Montgomery,Foundation For Care,Group Home,1.5,39,Ayaat Albayati,Clinical Operations Director,Unassigned,Assigned,
WT1 - Annual ISP,MARY HEWITT,Foundation For Care,Group Home,3,52,Latoya Smith,Clinical Director,Unassigned,Assigned (Smoothed - Wk 51),CAPACITY CONFLICT — CRITICAL OVERFLOW
WT2 - Quarterly Review (Q1),MARY HEWITT,Foundation For Care,Group Home,1.5,52,Stephanie Eatton-Johnson,Clinical Director,Unassigned,Assigned (Smoothed - Wk 51),CAPACITY CONFLICT — CRITICAL OVERFLOW
WT2 - Quarterly Review (Q2),MARY HEWITT,Foundation For Care,Group Home,1.5,13,Latoya Smith,Clinical Director,Unassigned,Assigned,System Scheduled
WT2 - Quarterly Review (Q3),MARY HEWITT,Foundation For Care,Group Home,1.5,26,Stephanie Eatton-Johnson,Clinical Director,Unassigned,Assigned,System Scheduled
WT2 - Quarterly Review (Q4),MARY HEWITT,Foundation For Care,Group Home,1.5,39,Latoya Smith,Clinical Director,Unassigned,Assigned,
WT1 - Annual ISP,MICHAEL SMITH,Foundation For Care,Group Home,3,52,Ayaat Albayati,Clinical Operations Director,Unassigned,Assigned (Smoothed - Wk 51),CAPACITY CONFLICT — CRITICAL OVERFLOW
WT2 - Quarterly Review (Q1),MICHAEL SMITH,Foundation For Care,Group Home,1.5,52,Stephanie Eatton-Johnson,Clinical Director,Unassigned,Assigned (Smoothed - Wk 51),CAPACITY CONFLICT — CRITICAL OVERFLOW
WT2 - Quarterly Review (Q2),MICHAEL SMITH,Foundation For Care,Group Home,1.5,13,Stephanie Eatton-Johnson,Clinical Director,Unassigned,Assigned,System Scheduled
WT2 - Quarterly Review (Q3),MICHAEL SMITH,Foundation For Care,Group Home,1.5,26,Ayaat Albayati,Clinical Operations Director,Unassigned,Assigned,System Scheduled
WT2 - Quarterly Review (Q4),MICHAEL SMITH,Foundation For Care,Group Home,1.5,39,Stephanie Eatton-Johnson,Clinical Director,Unassigned,Assigned,
WT1 - Annual ISP,MICHAEL WHITTEN,Foundation For Care,Group Home,3,52,Latoya Smith,Clinical Director,Unassigned,Assigned (Smoothed - Wk 51),CAPACITY CONFLICT — CRITICAL OVERFLOW
WT2 - Quarterly Review (Q1),MICHAEL WHITTEN,Foundation For Care,Group Home,1.5,52,Stephanie Eatton-Johnson,Clinical Director,Unassigned,Assigned (Smoothed - Wk 51),CAPACITY CONFLICT — CRITICAL OVERFLOW
WT2 - Quarterly Review (Q2),MICHAEL WHITTEN,Foundation For Care,Group Home,1.5,13,Ayaat Albayati,Clinical Operations Director,Unassigned,Assigned,System Scheduled
WT2 - Quarterly Review (Q3),MICHAEL WHITTEN,Foundation For Care,Group Home,1.5,26,Latoya Smith,Clinical Director,Unassigned,Assigned,System Scheduled
WT2 - Quarterly Review (Q4),MICHAEL WHITTEN,Foundation For Care,Group Home,1.5,39,Ayaat Albayati,Clinical Operations Director,Unassigned,Assigned,
WT1 - Annual ISP,Patricia Rosenthal,Foundation For Care,Group Home,3,43,Shalette Shaw,DDS 2,Unassigned,Assigned,System Scheduled
WT2 - Quarterly Review (Q1),Patricia Rosenthal,Foundation For Care,Group Home,1.5,43,Mohammed,QDDP,Unassigned,Assigned,System Scheduled
WT2 - Quarterly Review (Q2),Patricia Rosenthal,Foundation For Care,Group Home,1.5,4,Ashley Shilo,DDA,Unassigned,Assigned,System Scheduled
WT2 - Quarterly Review (Q3),Patricia Rosenthal,Foundation For Care,Group Home,1.5,17,Ashley Shilo,DDA,Unassigned,Assigned,System Scheduled
WT2 - Quarterly Review (Q4),Patricia Rosenthal,Foundation For Care,Group Home,1.5,30,Shalette Shaw,DDS 2,Unassigned,Assigned,System Scheduled
WT1 - Annual ISP,Paul Ferguson,Foundation For Care,Group Home,3,52,Ayaat Albayati,Clinical Operations Director,Unassigned,Assigned (Smoothed - Wk 51),CAPACITY CONFLICT — CRITICAL OVERFLOW
WT2 - Quarterly Review (Q1),Paul Ferguson,Foundation For Care,Group Home,1.5,52,Stephanie Eatton-Johnson,Clinical Director,Unassigned,Assigned (Smoothed - Wk 51),CAPACITY CONFLICT — CRITICAL OVERFLOW
WT2 - Quarterly Review (Q2),Paul Ferguson,Foundation For Care,Group Home,1.5,13,Latoya Smith,Clinical Director,Unassigned,Assigned,System Scheduled
WT2 - Quarterly Review (Q3),Paul Ferguson,Foundation For Care,Group Home,1.5,26,Stephanie Eatton-Johnson,Clinical Director,Unassigned,Assigned,System Scheduled
WT2 - Quarterly Review (Q4),Paul Ferguson,Foundation For Care,Group Home,1.5,39,Latoya Smith,Clinical Director,Unassigned,Assigned - Leadership Cascade,System Scheduled
WT1 - Annual ISP,Quinten Wells,Foundation For Care,Group Home,3,52,Latoya Smith,Clinical Director,Unassigned,Assigned (Smoothed - Wk 51),CAPACITY CONFLICT — CRITICAL OVERFLOW
WT2 - Quarterly Review (Q1),Quinten Wells,Foundation For Care,Group Home,1.5,52,Stephanie Eatton-Johnson,Clinical Director,Unassigned,Assigned (Smoothed - Wk 51),CAPACITY CONFLICT — CRITICAL OVERFLOW
WT2 - Quarterly Review (Q2),Quinten Wells,Foundation For Care,Group Home,1.5,13,Stephanie Eatton-Johnson,Clinical Director,Unassigned,Assigned,System Scheduled
WT2 - Quarterly Review (Q3),Quinten Wells,Foundation For Care,Group Home,1.5,26,Ayaat Albayati,Clinical Operations Director,Unassigned,Assigned,System Scheduled
WT2 - Quarterly Review (Q4),Quinten Wells,Foundation For Care,Group Home,1.5,39,Stephanie Eatton-Johnson,Clinical Director,Unassigned,Assigned - Leadership Cascade,System Scheduled
WT1 - Annual ISP,ROBERT LEWIS,Foundation For Care,Group Home,3,52,Ayaat Albayati,Clinical Operations Director,Unassigned,Assigned (Smoothed - Wk 51),CAPACITY CONFLICT — CRITICAL OVERFLOW
WT2 - Quarterly Review (Q1),ROBERT LEWIS,Foundation For Care,Group Home,1.5,52,Stephanie Eatton-Johnson,Clinical Director,Unassigned,Assigned (Smoothed - Wk 51),CAPACITY CONFLICT — CRITICAL OVERFLOW
WT2 - Quarterly Review (Q2),ROBERT LEWIS,Foundation For Care,Group Home,1.5,13,Ayaat Albayati,Clinical Operations Director,Unassigned,Assigned,
WT2 - Quarterly Review (Q3),ROBERT LEWIS,Foundation For Care,Group Home,1.5,26,Latoya Smith,Clinical Director,Unassigned,Assigned,System Scheduled
WT2 - Quarterly Review (Q4),ROBERT LEWIS,Foundation For Care,Group Home,1.5,39,Ayaat Albayati,Clinical Operations Director,Unassigned,Assigned - Leadership Cascade,System Scheduled
WT1 - Annual ISP,Rory Nofsinger,Foundation For Care,Group Home,3,48,Mohammed,QDDP,Unassigned,Assigned,System Scheduled
WT2 - Quarterly Review (Q1),Rory Nofsinger,Foundation For Care,Group Home,1.5,48,Kristin Williams,DDS 2,Unassigned,Assigned,System Scheduled
WT2 - Quarterly Review (Q2),Rory Nofsinger,Foundation For Care,Group Home,1.5,9,Kristin Williams,DDS 2,Unassigned,Assigned,System Scheduled
WT2 - Quarterly Review (Q3),Rory Nofsinger,Foundation For Care,Group Home,1.5,22,Kristin Williams,DDS 2,Unassigned,Assigned,System Scheduled
WT2 - Quarterly Review (Q4),Rory Nofsinger,Foundation For Care,Group Home,1.5,35,Ondrea Wilson,DDA,Unassigned,Assigned,System Scheduled
WT1 - Annual ISP,SHANNON DREW,Foundation For Care,Group Home,3,43,Ashley Shilo,DDA,Unassigned,Assigned,System Scheduled
WT2 - Quarterly Review (Q1),SHANNON DREW,Foundation For Care,Group Home,1.5,43,Ondrea Wilson,DDA,Unassigned,Assigned,System Scheduled
WT2 - Quarterly Review (Q2),SHANNON DREW,Foundation For Care,Group Home,1.5,4,Ondrea Wilson,DDA,Unassigned,Assigned,System Scheduled
WT2 - Quarterly Review (Q3),SHANNON DREW,Foundation For Care,Group Home,1.5,17,Ondrea Wilson,DDA,Unassigned,Assigned,System Scheduled
WT2 - Quarterly Review (Q4),SHANNON DREW,Foundation For Care,Group Home,1.5,30,Kristin Williams,DDS 2,Unassigned,Assigned,System Scheduled
WT1 - Annual ISP,Stephanie Sullivan,Foundation For Care,Group Home,3,48,Ondrea Wilson,DDA,Unassigned,Assigned,System Scheduled
WT2 - Quarterly Review (Q1),Stephanie Sullivan,Foundation For Care,Group Home,1.5,48,Shalette Shaw,DDS 2,Unassigned,Assigned,System Scheduled
WT2 - Quarterly Review (Q2),Stephanie Sullivan,Foundation For Care,Group Home,1.5,9,Ashley Shilo,DDA,Unassigned,Assigned,System Scheduled
WT2 - Quarterly Review (Q3),Stephanie Sullivan,Foundation For Care,Group Home,1.5,22,Ashley Shilo,DDA,Unassigned,Assigned,System Scheduled
WT2 - Quarterly Review (Q4),Stephanie Sullivan,Foundation For Care,Group Home,1.5,35,Shalette Shaw,DDS 2,Unassigned,Assigned,System Scheduled
WT1 - Annual ISP,STEVEN OSBORNE,Foundation For Care,Group Home,3,52,Latoya Smith,Clinical Director,Unassigned,Assigned (Smoothed - Wk 51),CAPACITY CONFLICT — CRITICAL OVERFLOW
WT2 - Quarterly Review (Q1),STEVEN OSBORNE,Foundation For Care,Group Home,1.5,52,Stephanie Eatton-Johnson,Clinical Director,Unassigned,Assigned (Smoothed - Wk 51),CAPACITY CONFLICT — CRITICAL OVERFLOW
WT2 - Quarterly Review (Q2),STEVEN OSBORNE,Foundation For Care,Group Home,1.5,13,Latoya Smith,Clinical Director,Unassigned,Assigned,
WT2 - Quarterly Review (Q3),STEVEN OSBORNE,Foundation For Care,Group Home,1.5,26,Stephanie Eatton-Johnson,Clinical Director,Unassigned,Assigned,System Scheduled
WT2 - Quarterly Review (Q4),STEVEN OSBORNE,Foundation For Care,Group Home,1.5,39,Latoya Smith,Clinical Director,Unassigned,Assigned - Leadership Cascade,System Scheduled
WT1 - Annual ISP,Timothy Robison,Foundation For Care,Group Home,3,52,Ayaat Albayati,Clinical Operations Director,Unassigned,Assigned (Smoothed - Wk 51),CAPACITY CONFLICT — CRITICAL OVERFLOW
WT2 - Quarterly Review (Q1),Timothy Robison,Foundation For Care,Group Home,1.5,52,Stephanie Eatton-Johnson,Clinical Director,Unassigned,Assigned (Smoothed - Wk 51),CAPACITY CONFLICT — CRITICAL OVERFLOW
WT2 - Quarterly Review (Q2),Timothy Robison,Foundation For Care,Group Home,1.5,13,Stephanie Eatton-Johnson,Clinical Director,Unassigned,Assigned,
WT2 - Quarterly Review (Q3),Timothy Robison,Foundation For Care,Group Home,1.5,26,Ayaat Albayati,Clinical Operations Director,Unassigned,Assigned,
WT2 - Quarterly Review (Q4),Timothy Robison,Foundation For Care,Group Home,1.5,39,Stephanie Eatton-Johnson,Clinical Director,Unassigned,Assigned - Leadership Cascade,System Scheduled
WT1 - Annual ISP,William Taffyn,Foundation For Care,Group Home,3,43,Kristin Williams,DDS 2,Unassigned,Assigned,System Scheduled
WT2 - Quarterly Review (Q1),William Taffyn,Foundation For Care,Group Home,1.5,43,Jerry Burton,DDS 1,Unassigned,Assigned,System Scheduled
WT2 - Quarterly Review (Q2),William Taffyn,Foundation For Care,Group Home,1.5,4,Shalette Shaw,DDS 2,Unassigned,Assigned,System Scheduled
WT2 - Quarterly Review (Q3),William Taffyn,Foundation For Care,Group Home,1.5,17,Shalette Shaw,DDS 2,Unassigned,Assigned,System Scheduled
WT2 - Quarterly Review (Q4),William Taffyn,Foundation For Care,Group Home,1.5,30,Jerry Burton,DDS 1,Unassigned,Assigned,System Scheduled
WT1 - Annual ISP,CARLTON MCCLELLAN,FOUNDATION OF LIFE,Group Home,3,52,Latoya Smith,Clinical Director,Unassigned,Assigned (Smoothed - Wk 51),CAPACITY CONFLICT — CRITICAL OVERFLOW
WT2 - Quarterly Review (Q1),CARLTON MCCLELLAN,FOUNDATION OF LIFE,Group Home,1.5,52,Stephanie Eatton-Johnson,Clinical Director,Unassigned,Assigned (Smoothed - Wk 51),CAPACITY CONFLICT — CRITICAL OVERFLOW
WT2 - Quarterly Review (Q2),CARLTON MCCLELLAN,FOUNDATION OF LIFE,Group Home,1.5,13,Ayaat Albayati,Clinical Operations Director,Unassigned,Assigned,
WT2 - Quarterly Review (Q3),CARLTON MCCLELLAN,FOUNDATION OF LIFE,Group Home,1.5,26,Latoya Smith,Clinical Director,Unassigned,Assigned,
WT2 - Quarterly Review (Q4),CARLTON MCCLELLAN,FOUNDATION OF LIFE,Group Home,1.5,39,Ayaat Albayati,Clinical Operations Director,Unassigned,Assigned - Leadership Cascade,System Scheduled
WT1 - Annual ISP,Markus Key,FOUNDATION OF LIFE,Group Home,3,52,Ayaat Albayati,Clinical Operations Director,Unassigned,Assigned (Smoothed - Wk 51),CAPACITY CONFLICT — CRITICAL OVERFLOW
WT2 - Quarterly Review (Q1),Markus Key,FOUNDATION OF LIFE,Group Home,1.5,52,Stephanie Eatton-Johnson,Clinical Director,Unassigned,Assigned (Smoothed - Wk 51),CAPACITY CONFLICT — CRITICAL OVERFLOW
WT2 - Quarterly Review (Q2),Markus Key,FOUNDATION OF LIFE,Group Home,1.5,13,Latoya Smith,Clinical Director,Unassigned,Assigned,
WT2 - Quarterly Review (Q3),Markus Key,FOUNDATION OF LIFE,Group Home,1.5,26,Stephanie Eatton-Johnson,Clinical Director,Unassigned,Assigned,
WT2 - Quarterly Review (Q4),Markus Key,FOUNDATION OF LIFE,Group Home,1.5,39,Latoya Smith,Clinical Director,Unassigned,Assigned - Leadership Cascade,System Scheduled
WT1 - Annual ISP,PHILLIP THOMPSON,FOUNDATION OF LIFE,Group Home,3,52,Latoya Smith,Clinical Director,Unassigned,Assigned (Smoothed - Wk 51),CAPACITY CONFLICT — CRITICAL OVERFLOW
WT2 - Quarterly Review (Q1),PHILLIP THOMPSON,FOUNDATION OF LIFE,Group Home,1.5,52,Stephanie Eatton-Johnson,Clinical Director,Unassigned,Assigned (Smoothed - Wk 51),CAPACITY CONFLICT — CRITICAL OVERFLOW
WT2 - Quarterly Review (Q2),PHILLIP THOMPSON,FOUNDATION OF LIFE,Group Home,1.5,13,Stephanie Eatton-Johnson,Clinical Director,Unassigned,Assigned,
WT2 - Quarterly Review (Q3),PHILLIP THOMPSON,FOUNDATION OF LIFE,Group Home,1.5,26,Ayaat Albayati,Clinical Operations Director,Unassigned,Assigned,
WT2 - Quarterly Review (Q4),PHILLIP THOMPSON,FOUNDATION OF LIFE,Group Home,1.5,39,Stephanie Eatton-Johnson,Clinical Director,Unassigned,Assigned - Leadership Cascade,System Scheduled
WT1 - Annual ISP,BRANDON HOWE,FOUNDATION OF LIFE,Personal Assistance,3,52,Ayaat Albayati,Clinical Operations Director,Unassigned,Assigned (Smoothed - Wk 51),CAPACITY CONFLICT — CRITICAL OVERFLOW
WT2 - Quarterly Review (Q1),BRANDON HOWE,FOUNDATION OF LIFE,Personal Assistance,1.5,52,Stephanie Eatton-Johnson,Clinical Director,Unassigned,Assigned (Smoothed - Wk 51),CAPACITY CONFLICT — CRITICAL OVERFLOW
WT2 - Quarterly Review (Q2),BRANDON HOWE,FOUNDATION OF LIFE,Personal Assistance,1.5,13,Ayaat Albayati,Clinical Operations Director,Unassigned,Assigned,
WT2 - Quarterly Review (Q3),BRANDON HOWE,FOUNDATION OF LIFE,Personal Assistance,1.5,26,Latoya Smith,Clinical Director,Unassigned,Assigned,
WT2 - Quarterly Review (Q4),BRANDON HOWE,FOUNDATION OF LIFE,Personal Assistance,1.5,39,Ayaat Albayati,Clinical Operations Director,Unassigned,Assigned - Leadership Cascade,System Scheduled
WT1 - Annual ISP,Dionte Anderson,FOUNDATION OF LIFE,Personal Assistance,3,48,Kristin Williams,DDS 2,Unassigned,Assigned,System Scheduled
WT2 - Quarterly Review (Q1),Dionte Anderson,FOUNDATION OF LIFE,Personal Assistance,1.5,48,Jerry Burton,DDS 1,Unassigned,Assigned,System Scheduled
WT2 - Quarterly Review (Q2),Dionte Anderson,FOUNDATION OF LIFE,Personal Assistance,1.5,9,Ondrea Wilson,DDA,Unassigned,Assigned,System Scheduled
WT2 - Quarterly Review (Q3),Dionte Anderson,FOUNDATION OF LIFE,Personal Assistance,1.5,22,Ondrea Wilson,DDA,Unassigned,Assigned,System Scheduled
WT2 - Quarterly Review (Q4),Dionte Anderson,FOUNDATION OF LIFE,Personal Assistance,1.5,35,Mohammed,QDDP,Unassigned,Assigned,System Scheduled
WT1 - Annual ISP,Dionte Anderson,FOUNDATION OF LIFE,Supportive In-Home,3,48,Ashley Shilo,DDA,Unassigned,Assigned,System Scheduled
WT2 - Quarterly Review (Q1),Dionte Anderson,FOUNDATION OF LIFE,Supportive In-Home,1.5,48,Shalette Shaw,DDS 2,Unassigned,Assigned,System Scheduled
WT2 - Quarterly Review (Q2),Dionte Anderson,FOUNDATION OF LIFE,Supportive In-Home,1.5,9,Shalette Shaw,DDS 2,Unassigned,Assigned,System Scheduled
WT2 - Quarterly Review (Q3),Dionte Anderson,FOUNDATION OF LIFE,Supportive In-Home,1.5,22,Shalette Shaw,DDS 2,Unassigned,Assigned,System Scheduled
WT2 - Quarterly Review (Q4),Dionte Anderson,FOUNDATION OF LIFE,Supportive In-Home,1.5,35,Kristin Williams,DDS 2,Unassigned,Assigned,System Scheduled
WT1 - Annual ISP,LASHYRA BROWN,FOUNDATION OF LIFE,Supportive In-Home,3,52,Latoya Smith,Clinical Director,Unassigned,Assigned (Smoothed - Wk 51),CAPACITY CONFLICT — CRITICAL OVERFLOW
WT2 - Quarterly Review (Q1),LASHYRA BROWN,FOUNDATION OF LIFE,Supportive In-Home,1.5,52,Stephanie Eatton-Johnson,Clinical Director,Unassigned,Assigned (Smoothed - Wk 51),CAPACITY CONFLICT — CRITICAL OVERFLOW
WT2 - Quarterly Review (Q2),LASHYRA BROWN,FOUNDATION OF LIFE,Supportive In-Home,1.5,13,Latoya Smith,Clinical Director,Unassigned,Assigned,
WT2 - Quarterly Review (Q3),LASHYRA BROWN,FOUNDATION OF LIFE,Supportive In-Home,1.5,26,Stephanie Eatton-Johnson,Clinical Director,Unassigned,Assigned,
WT2 - Quarterly Review (Q4),LASHYRA BROWN,FOUNDATION OF LIFE,Supportive In-Home,1.5,39,Latoya Smith,Clinical Director,Unassigned,Assigned - Leadership Cascade,System Scheduled
WT1 - Annual ISP,DAVID SCOTT MCCULLOUGH,Healthkeepers Services,Supportive In-Home,3,52,Ayaat Albayati,Clinical Operations Director,Unassigned,Assigned (Smoothed - Wk 51),CAPACITY CONFLICT — CRITICAL OVERFLOW
WT2 - Quarterly Review (Q1),DAVID SCOTT MCCULLOUGH,Healthkeepers Services,Supportive In-Home,1.5,52,Stephanie Eatton-Johnson,Clinical Director,Unassigned,Assigned (Smoothed - Wk 51),CAPACITY CONFLICT — CRITICAL OVERFLOW
WT2 - Quarterly Review (Q2),DAVID SCOTT MCCULLOUGH,Healthkeepers Services,Supportive In-Home,1.5,13,Stephanie Eatton-Johnson,Clinical Director,Unassigned,Assigned,
WT2 - Quarterly Review (Q3),DAVID SCOTT MCCULLOUGH,Healthkeepers Services,Supportive In-Home,1.5,26,Ayaat Albayati,Clinical Operations Director,Unassigned,Assigned,
WT2 - Quarterly Review (Q4),DAVID SCOTT MCCULLOUGH,Healthkeepers Services,Supportive In-Home,1.5,39,Stephanie Eatton-Johnson,Clinical Director,Unassigned,Assigned,CAPACITY CONFLICT — CRITICAL OVERFLOW
WT1 - Annual ISP,Denise Hudson,Healthkeepers Services,Supportive In-Home,3,52,Latoya Smith,Clinical Director,Unassigned,Assigned (Smoothed - Wk 51),CAPACITY CONFLICT — CRITICAL OVERFLOW
WT2 - Quarterly Review (Q1),Denise Hudson,Healthkeepers Services,Supportive In-Home,1.5,52,Stephanie Eatton-Johnson,Clinical Director,Unassigned,Assigned (Smoothed - Wk 51),CAPACITY CONFLICT — CRITICAL OVERFLOW
WT2 - Quarterly Review (Q2),Denise Hudson,Healthkeepers Services,Supportive In-Home,1.5,13,Ayaat Albayati,Clinical Operations Director,Unassigned,Assigned,
WT2 - Quarterly Review (Q3),Denise Hudson,Healthkeepers Services,Supportive In-Home,1.5,26,Latoya Smith,Clinical Director,Unassigned,Assigned,
WT2 - Quarterly Review (Q4),Denise Hudson,Healthkeepers Services,Supportive In-Home,1.5,39,Ayaat Albayati,Clinical Operations Director,Unassigned,Assigned,CAPACITY CONFLICT — CRITICAL OVERFLOW
WT1 - Annual ISP,DERRICK COPELAND,Healthkeepers Services,Supportive In-Home,3,35,Ashley Shilo,DDA,Unassigned,Assigned,System Scheduled
WT2 - Quarterly Review (Q1),DERRICK COPELAND,Healthkeepers Services,Supportive In-Home,1.5,35,Ondrea Wilson,DDA,Unassigned,Assigned,System Scheduled
WT2 - Quarterly Review (Q2),DERRICK COPELAND,Healthkeepers Services,Supportive In-Home,1.5,48,Mohammed,QDDP,Unassigned,Assigned,System Scheduled
WT2 - Quarterly Review (Q3),DERRICK COPELAND,Healthkeepers Services,Supportive In-Home,1.5,9,Mohammed,QDDP,Unassigned,Assigned,System Scheduled
WT2 - Quarterly Review (Q4),DERRICK COPELAND,Healthkeepers Services,Supportive In-Home,1.5,22,Mohammed,QDDP,Unassigned,Assigned,System Scheduled
WT1 - Annual ISP,Flor Pichardo-Jimenez,Healthkeepers Services,Supportive In-Home,3,52,Ayaat Albayati,Clinical Operations Director,Unassigned,Assigned (Smoothed - Wk 50),CAPACITY CONFLICT — CRITICAL OVERFLOW
WT2 - Quarterly Review (Q1),Flor Pichardo-Jimenez,Healthkeepers Services,Supportive In-Home,1.5,52,Stephanie Eatton-Johnson,Clinical Director,Unassigned,Assigned (Smoothed - Wk 51),CAPACITY CONFLICT — CRITICAL OVERFLOW
WT2 - Quarterly Review (Q2),Flor Pichardo-Jimenez,Healthkeepers Services,Supportive In-Home,1.5,13,Latoya Smith,Clinical Director,Unassigned,Assigned - Leadership Cascade,System Scheduled
WT2 - Quarterly Review (Q3),Flor Pichardo-Jimenez,Healthkeepers Services,Supportive In-Home,1.5,26,Stephanie Eatton-Johnson,Clinical Director,Unassigned,Assigned,
WT2 - Quarterly Review (Q4),Flor Pichardo-Jimenez,Healthkeepers Services,Supportive In-Home,1.5,39,Latoya Smith,Clinical Director,Unassigned,Assigned,CAPACITY CONFLICT — CRITICAL OVERFLOW
WT1 - Annual ISP,MARIYA FINCH,Healthkeepers Services,Supportive In-Home,3,52,Latoya Smith,Clinical Director,Unassigned,Assigned (Smoothed - Wk 50),CAPACITY CONFLICT — CRITICAL OVERFLOW
WT2 - Quarterly Review (Q1),MARIYA FINCH,Healthkeepers Services,Supportive In-Home,1.5,52,Stephanie Eatton-Johnson,Clinical Director,Unassigned,Assigned (Smoothed - Wk 51),CAPACITY CONFLICT — CRITICAL OVERFLOW
WT2 - Quarterly Review (Q2),MARIYA FINCH,Healthkeepers Services,Supportive In-Home,1.5,13,Stephanie Eatton-Johnson,Clinical Director,Unassigned,Assigned - Leadership Cascade,System Scheduled
WT2 - Quarterly Review (Q3),MARIYA FINCH,Healthkeepers Services,Supportive In-Home,1.5,26,Ayaat Albayati,Clinical Operations Director,Unassigned,Assigned,
WT2 - Quarterly Review (Q4),MARIYA FINCH,Healthkeepers Services,Supportive In-Home,1.5,39,Stephanie Eatton-Johnson,Clinical Director,Unassigned,Assigned,CAPACITY CONFLICT — CRITICAL OVERFLOW
WT1 - Annual ISP,PRINCE SEAY,Healthkeepers Services,Supportive In-Home,3,42,Kristin Williams,DDS 2,Unassigned,Assigned,System Scheduled
WT2 - Quarterly Review (Q1),PRINCE SEAY,Healthkeepers Services,Supportive In-Home,1.5,42,Ondrea Wilson,DDA,Unassigned,Assigned,System Scheduled
WT2 - Quarterly Review (Q2),PRINCE SEAY,Healthkeepers Services,Supportive In-Home,1.5,3,Kristin Williams,DDS 2,Unassigned,Assigned,System Scheduled
WT2 - Quarterly Review (Q3),PRINCE SEAY,Healthkeepers Services,Supportive In-Home,1.5,16,Kristin Williams,DDS 2,Unassigned,Assigned,System Scheduled
WT2 - Quarterly Review (Q4),PRINCE SEAY,Healthkeepers Services,Supportive In-Home,1.5,29,Kristin Williams,DDS 2,Unassigned,Assigned,System Scheduled
WT1 - Annual ISP,SUNCI DRIEDRIC,Healthkeepers Services,Supportive In-Home,3,52,Ayaat Albayati,Clinical Operations Director,Unassigned,Assigned (Smoothed - Wk 50),CAPACITY CONFLICT — CRITICAL OVERFLOW
WT2 - Quarterly Review (Q1),SUNCI DRIEDRIC,Healthkeepers Services,Supportive In-Home,1.5,52,Stephanie Eatton-Johnson,Clinical Director,Unassigned,Assigned (Smoothed - Wk 51),CAPACITY CONFLICT — CRITICAL OVERFLOW
WT2 - Quarterly Review (Q2),SUNCI DRIEDRIC,Healthkeepers Services,Supportive In-Home,1.5,13,Ayaat Albayati,Clinical Operations Director,Unassigned,Assigned - Leadership Cascade,System Scheduled
WT2 - Quarterly Review (Q3),SUNCI DRIEDRIC,Healthkeepers Services,Supportive In-Home,1.5,26,Latoya Smith,Clinical Director,Unassigned,Assigned - Leadership Cascade,System Scheduled
WT2 - Quarterly Review (Q4),SUNCI DRIEDRIC,Healthkeepers Services,Supportive In-Home,1.5,39,Ayaat Albayati,Clinical Operations Director,Unassigned,Assigned,CAPACITY CONFLICT — CRITICAL OVERFLOW
WT1 - Annual ISP,WARREN WATKINS,Healthkeepers Services,Supportive In-Home,3,52,Latoya Smith,Clinical Director,Unassigned,Assigned (Smoothed - Wk 50),CAPACITY CONFLICT — CRITICAL OVERFLOW
WT2 - Quarterly Review (Q1),WARREN WATKINS,Healthkeepers Services,Supportive In-Home,1.5,52,Stephanie Eatton-Johnson,Clinical Director,Unassigned,Assigned (Smoothed - Wk 51),CAPACITY CONFLICT — CRITICAL OVERFLOW
WT2 - Quarterly Review (Q2),WARREN WATKINS,Healthkeepers Services,Supportive In-Home,1.5,13,Latoya Smith,Clinical Director,Unassigned,Assigned - Leadership Cascade,System Scheduled
WT2 - Quarterly Review (Q3),WARREN WATKINS,Healthkeepers Services,Supportive In-Home,1.5,26,Stephanie Eatton-Johnson,Clinical Director,Unassigned,Assigned - Leadership Cascade,System Scheduled
WT2 - Quarterly Review (Q4),WARREN WATKINS,Healthkeepers Services,Supportive In-Home,1.5,39,Latoya Smith,Clinical Director,Unassigned,Assigned,CAPACITY CONFLICT — CRITICAL OVERFLOW
WT1 - Annual ISP,Maxwell Miller,Heartfelt Care Services,Supportive In-Home,3,52,Ayaat Albayati,Clinical Operations Director,Unassigned,Assigned (Smoothed - Wk 50),CAPACITY CONFLICT — CRITICAL OVERFLOW
WT2 - Quarterly Review (Q1),Maxwell Miller,Heartfelt Care Services,Supportive In-Home,1.5,52,Stephanie Eatton-Johnson,Clinical Director,Unassigned,Assigned (Smoothed - Wk 51),CAPACITY CONFLICT — CRITICAL OVERFLOW
WT2 - Quarterly Review (Q2),Maxwell Miller,Heartfelt Care Services,Supportive In-Home,1.5,13,Stephanie Eatton-Johnson,Clinical Director,Unassigned,Assigned - Leadership Cascade,System Scheduled
WT2 - Quarterly Review (Q3),Maxwell Miller,Heartfelt Care Services,Supportive In-Home,1.5,26,Ayaat Albayati,Clinical Operations Director,Unassigned,Assigned - Leadership Cascade,System Scheduled
WT2 - Quarterly Review (Q4),Maxwell Miller,Heartfelt Care Services,Supportive In-Home,1.5,39,Stephanie Eatton-Johnson,Clinical Director,Unassigned,Assigned,CAPACITY CONFLICT — CRITICAL OVERFLOW
WT1 - Annual ISP,BRUCE GARRETT,Homecare Attendants,Sponsor Residential,3,52,Latoya Smith,Clinical Director,Unassigned,Assigned (Smoothed - Wk 50),CAPACITY CONFLICT — CRITICAL OVERFLOW
WT2 - Quarterly Review (Q1),BRUCE GARRETT,Homecare Attendants,Sponsor Residential,1.5,52,Stephanie Eatton-Johnson,Clinical Director,Unassigned,Assigned (Smoothed - Wk 51),CAPACITY CONFLICT — CRITICAL OVERFLOW
WT2 - Quarterly Review (Q2),BRUCE GARRETT,Homecare Attendants,Sponsor Residential,1.5,13,Ayaat Albayati,Clinical Operations Director,Unassigned,Assigned - Leadership Cascade,System Scheduled
WT2 - Quarterly Review (Q3),BRUCE GARRETT,Homecare Attendants,Sponsor Residential,1.5,26,Latoya Smith,Clinical Director,Unassigned,Assigned - Leadership Cascade,System Scheduled
WT2 - Quarterly Review (Q4),BRUCE GARRETT,Homecare Attendants,Sponsor Residential,1.5,39,Ayaat Albayati,Clinical Operations Director,Unassigned,Assigned,CAPACITY CONFLICT — CRITICAL OVERFLOW
WT1 - Annual ISP,ASIA MARSH,House of Angels,Community Engagement,3,39,Latoya Smith,Clinical Director,Unassigned,Assigned,CAPACITY CONFLICT — CRITICAL OVERFLOW
WT2 - Quarterly Review (Q1),ASIA MARSH,House of Angels,Community Engagement,1.5,39,Stephanie Eatton-Johnson,Clinical Director,Unassigned,Assigned,CAPACITY CONFLICT — CRITICAL OVERFLOW
WT2 - Quarterly Review (Q2),ASIA MARSH,House of Angels,Community Engagement,1.5,52,Ayaat Albayati,Clinical Operations Director,Unassigned,Assigned (Smoothed - Wk 51),CAPACITY CONFLICT — CRITICAL OVERFLOW
WT2 - Quarterly Review (Q3),ASIA MARSH,House of Angels,Community Engagement,1.5,13,Latoya Smith,Clinical Director,Unassigned,Assigned - Leadership Cascade,System Scheduled
WT2 - Quarterly Review (Q4),ASIA MARSH,House of Angels,Community Engagement,1.5,26,Stephanie Eatton-Johnson,Clinical Director,Unassigned,Assigned - Leadership Cascade,System Scheduled
WT1 - Annual ISP,Charlie Rollins,House of Angels,Community Engagement,3,52,Stephanie Eatton-Johnson,Clinical Director,Unassigned,Assigned (Smoothed - Wk 50),CAPACITY CONFLICT — CRITICAL OVERFLOW
WT2 - Quarterly Review (Q1),Charlie Rollins,House of Angels,Community Engagement,1.5,52,Ayaat Albayati,Clinical Operations Director,Unassigned,Assigned (Smoothed - Wk 51),CAPACITY CONFLICT — CRITICAL OVERFLOW
WT2 - Quarterly Review (Q2),Charlie Rollins,House of Angels,Community Engagement,1.5,13,Stephanie Eatton-Johnson,Clinical Director,Unassigned,Assigned - Leadership Cascade,System Scheduled
WT2 - Quarterly Review (Q3),Charlie Rollins,House of Angels,Community Engagement,1.5,26,Ayaat Albayati,Clinical Operations Director,Unassigned,Assigned - Leadership Cascade,System Scheduled
WT2 - Quarterly Review (Q4),Charlie Rollins,House of Angels,Community Engagement,1.5,39,Ayaat Albayati,Clinical Operations Director,Unassigned,Assigned,CAPACITY CONFLICT — CRITICAL OVERFLOW
WT1 - Annual ISP,Christopher DeAngelo,House of Angels,Community Engagement,3,52,Latoya Smith,Clinical Director,Unassigned,Assigned (Smoothed - Wk 50),CAPACITY CONFLICT — CRITICAL OVERFLOW
WT2 - Quarterly Review (Q1),Christopher DeAngelo,House of Angels,Community Engagement,1.5,52,Ayaat Albayati,Clinical Operations Director,Unassigned,Assigned (Smoothed - Wk 51),CAPACITY CONFLICT — CRITICAL OVERFLOW
WT2 - Quarterly Review (Q2),Christopher DeAngelo,House of Angels,Community Engagement,1.5,13,Ayaat Albayati,Clinical Operations Director,Unassigned,Assigned - Leadership Cascade,System Scheduled
WT2 - Quarterly Review (Q3),Christopher DeAngelo,House of Angels,Community Engagement,1.5,26,Latoya Smith,Clinical Director,Unassigned,Assigned - Leadership Cascade,System Scheduled
WT2 - Quarterly Review (Q4),Christopher DeAngelo,House of Angels,Community Engagement,1.5,39,Stephanie Eatton-Johnson,Clinical Director,Unassigned,Assigned,CAPACITY CONFLICT — CRITICAL OVERFLOW
WT1 - Annual ISP,Christopher Donlan,House of Angels,Community Engagement,3,52,Stephanie Eatton-Johnson,Clinical Director,Unassigned,Assigned (Smoothed - Wk 50),CAPACITY CONFLICT — CRITICAL OVERFLOW
WT2 - Quarterly Review (Q1),Christopher Donlan,House of Angels,Community Engagement,1.5,52,Ayaat Albayati,Clinical Operations Director,Unassigned,Assigned (Smoothed - Wk 51),CAPACITY CONFLICT — CRITICAL OVERFLOW
WT2 - Quarterly Review (Q2),Christopher Donlan,House of Angels,Community Engagement,1.5,13,Latoya Smith,Clinical Director,Unassigned,Assigned - Leadership Cascade,System Scheduled
WT2 - Quarterly Review (Q3),Christopher Donlan,House of Angels,Community Engagement,1.5,26,Stephanie Eatton-Johnson,Clinical Director,Unassigned,Assigned - Leadership Cascade,System Scheduled
WT2 - Quarterly Review (Q4),Christopher Donlan,House of Angels,Community Engagement,1.5,39,Ayaat Albayati,Clinical Operations Director,Unassigned,Assigned,CAPACITY CONFLICT — CRITICAL OVERFLOW
WT1 - Annual ISP,Colon Rawls,House of Angels,Community Engagement,3,52,Latoya Smith,Clinical Director,Unassigned,Assigned (Smoothed - Wk 50),CAPACITY CONFLICT — CRITICAL OVERFLOW
WT2 - Quarterly Review (Q1),Colon Rawls,House of Angels,Community Engagement,1.5,52,Ayaat Albayati,Clinical Operations Director,Unassigned,Assigned (Smoothed - Wk 51),CAPACITY CONFLICT — CRITICAL OVERFLOW
WT2 - Quarterly Review (Q2),Colon Rawls,House of Angels,Community Engagement,1.5,13,Stephanie Eatton-Johnson,Clinical Director,Unassigned,Assigned,CAPACITY CONFLICT — CRITICAL OVERFLOW
WT2 - Quarterly Review (Q3),Colon Rawls,House of Angels,Community Engagement,1.5,26,Ayaat Albayati,Clinical Operations Director,Unassigned,Assigned - Leadership Cascade,System Scheduled
WT2 - Quarterly Review (Q4),Colon Rawls,House of Angels,Community Engagement,1.5,39,Latoya Smith,Clinical Director,Unassigned,Assigned,CAPACITY CONFLICT — CRITICAL OVERFLOW
WT1 - Annual ISP,DANIEL COLEMAN,House of Angels,Community Engagement,3,52,Stephanie Eatton-Johnson,Clinical Director,Unassigned,Assigned (Smoothed - Wk 50),CAPACITY CONFLICT — CRITICAL OVERFLOW
WT2 - Quarterly Review (Q1),DANIEL COLEMAN,House of Angels,Community Engagement,1.5,52,Ayaat Albayati,Clinical Operations Director,Unassigned,Assigned (Smoothed - Wk 51),CAPACITY CONFLICT — CRITICAL OVERFLOW
WT2 - Quarterly Review (Q2),DANIEL COLEMAN,House of Angels,Community Engagement,1.5,13,Ayaat Albayati,Clinical Operations Director,Unassigned,Assigned,CAPACITY CONFLICT — CRITICAL OVERFLOW
WT2 - Quarterly Review (Q3),DANIEL COLEMAN,House of Angels,Community Engagement,1.5,26,Latoya Smith,Clinical Director,Unassigned,Assigned - Leadership Cascade,System Scheduled
WT2 - Quarterly Review (Q4),DANIEL COLEMAN,House of Angels,Community Engagement,1.5,39,Stephanie Eatton-Johnson,Clinical Director,Unassigned,Assigned,CAPACITY CONFLICT — CRITICAL OVERFLOW
WT1 - Annual ISP,Darian Perkins,House of Angels,Community Engagement,3,39,Ayaat Albayati,Clinical Operations Director,Unassigned,Assigned,CAPACITY CONFLICT — CRITICAL OVERFLOW
WT2 - Quarterly Review (Q1),Darian Perkins,House of Angels,Community Engagement,1.5,39,Latoya Smith,Clinical Director,Unassigned,Assigned,CAPACITY CONFLICT — CRITICAL OVERFLOW
WT2 - Quarterly Review (Q2),Darian Perkins,House of Angels,Community Engagement,1.5,52,Latoya Smith,Clinical Director,Unassigned,Assigned (Smoothed - Wk 50),CAPACITY CONFLICT — CRITICAL OVERFLOW
WT2 - Quarterly Review (Q3),Darian Perkins,House of Angels,Community Engagement,1.5,13,Latoya Smith,Clinical Director,Unassigned,Assigned,CAPACITY CONFLICT — CRITICAL OVERFLOW
WT2 - Quarterly Review (Q4),Darian Perkins,House of Angels,Community Engagement,1.5,26,Stephanie Eatton-Johnson,Clinical Director,Unassigned,Assigned,CAPACITY CONFLICT — CRITICAL OVERFLOW
WT1 - Annual ISP,Darrin Rhodes,House of Angels,Community Engagement,3,52,Ayaat Albayati,Clinical Operations Director,Unassigned,Assigned (Smoothed - Wk 50),CAPACITY CONFLICT — CRITICAL OVERFLOW
WT2 - Quarterly Review (Q1),Darrin Rhodes,House of Angels,Community Engagement,1.5,52,Latoya Smith,Clinical Director,Unassigned,Assigned (Smoothed - Wk 50),CAPACITY CONFLICT — CRITICAL OVERFLOW
WT2 - Quarterly Review (Q2),Darrin Rhodes,House of Angels,Community Engagement,1.5,13,Stephanie Eatton-Johnson,Clinical Director,Unassigned,Assigned,CAPACITY CONFLICT — CRITICAL OVERFLOW
WT2 - Quarterly Review (Q3),Darrin Rhodes,House of Angels,Community Engagement,1.5,26,Ayaat Albayati,Clinical Operations Director,Unassigned,Assigned,CAPACITY CONFLICT — CRITICAL OVERFLOW
WT2 - Quarterly Review (Q4),Darrin Rhodes,House of Angels,Community Engagement,1.5,39,Stephanie Eatton-Johnson,Clinical Director,Unassigned,Assigned,CAPACITY CONFLICT — CRITICAL OVERFLOW
WT1 - Annual ISP,Denise Little,House of Angels,Community Engagement,3,52,Stephanie Eatton-Johnson,Clinical Director,Unassigned,Assigned (Smoothed - Wk 50),CAPACITY CONFLICT — CRITICAL OVERFLOW
WT2 - Quarterly Review (Q1),Denise Little,House of Angels,Community Engagement,1.5,52,Latoya Smith,Clinical Director,Unassigned,Assigned (Smoothed - Wk 50),CAPACITY CONFLICT — CRITICAL OVERFLOW
WT2 - Quarterly Review (Q2),Denise Little,House of Angels,Community Engagement,1.5,13,Ayaat Albayati,Clinical Operations Director,Unassigned,Assigned,CAPACITY CONFLICT — CRITICAL OVERFLOW
WT2 - Quarterly Review (Q3),Denise Little,House of Angels,Community Engagement,1.5,26,Latoya Smith,Clinical Director,Unassigned,Assigned,CAPACITY CONFLICT — CRITICAL OVERFLOW
WT2 - Quarterly Review (Q4),Denise Little,House of Angels,Community Engagement,1.5,39,Latoya Smith,Clinical Director,Unassigned,Assigned,CAPACITY CONFLICT — CRITICAL OVERFLOW
WT1 - Annual ISP,Elizabeth Douglas,House of Angels,Community Engagement,3,52,Ayaat Albayati,Clinical Operations Director,Unassigned,Assigned (Smoothed - Wk 50),CAPACITY CONFLICT — CRITICAL OVERFLOW
WT2 - Quarterly Review (Q1),Elizabeth Douglas,House of Angels,Community Engagement,1.5,52,Latoya Smith,Clinical Director,Unassigned,Assigned (Smoothed - Wk 50),CAPACITY CONFLICT — CRITICAL OVERFLOW
WT2 - Quarterly Review (Q2),Elizabeth Douglas,House of Angels,Community Engagement,1.5,13,Latoya Smith,Clinical Director,Unassigned,Assigned,CAPACITY CONFLICT — CRITICAL OVERFLOW
WT2 - Quarterly Review (Q3),Elizabeth Douglas,House of Angels,Community Engagement,1.5,26,Stephanie Eatton-Johnson,Clinical Director,Unassigned,Assigned,CAPACITY CONFLICT — CRITICAL OVERFLOW
WT2 - Quarterly Review (Q4),Elizabeth Douglas,House of Angels,Community Engagement,1.5,39,Stephanie Eatton-Johnson,Clinical Director,Unassigned,Assigned,CAPACITY CONFLICT — CRITICAL OVERFLOW
WT1 - Annual ISP,Gloria Woodard,House of Angels,Community Engagement,3,52,Stephanie Eatton-Johnson,Clinical Director,Unassigned,Assigned (Smoothed - Wk 50),CAPACITY CONFLICT — CRITICAL OVERFLOW
WT2 - Quarterly Review (Q1),Gloria Woodard,House of Angels,Community Engagement,1.5,52,Latoya Smith,Clinical Director,Unassigned,Assigned (Smoothed - Wk 50),CAPACITY CONFLICT — CRITICAL OVERFLOW
WT2 - Quarterly Review (Q2),Gloria Woodard,House of Angels,Community Engagement,1.5,13,Stephanie Eatton-Johnson,Clinical Director,Unassigned,Assigned,CAPACITY CONFLICT — CRITICAL OVERFLOW
WT2 - Quarterly Review (Q3),Gloria Woodard,House of Angels,Community Engagement,1.5,26,Ayaat Albayati,Clinical Operations Director,Unassigned,Assigned,CAPACITY CONFLICT — CRITICAL OVERFLOW
WT2 - Quarterly Review (Q4),Gloria Woodard,House of Angels,Community Engagement,1.5,39,Ayaat Albayati,Clinical Operations Director,Unassigned,Assigned,CAPACITY CONFLICT — CRITICAL OVERFLOW
WT1 - Annual ISP,IYONNA LINDSEY,House of Angels,Community Engagement,3,44,Kristin Williams,DDS 2,Unassigned,Assigned,System Scheduled
WT2 - Quarterly Review (Q1),IYONNA LINDSEY,House of Angels,Community Engagement,1.5,44,Ondrea Wilson,DDA,Unassigned,Assigned,System Scheduled
WT2 - Quarterly Review (Q2),IYONNA LINDSEY,House of Angels,Community Engagement,1.5,5,Kristin Williams,DDS 2,Unassigned,Assigned,System Scheduled
WT2 - Quarterly Review (Q3),IYONNA LINDSEY,House of Angels,Community Engagement,1.5,18,Kristin Williams,DDS 2,Unassigned,Assigned,System Scheduled
WT2 - Quarterly Review (Q4),IYONNA LINDSEY,House of Angels,Community Engagement,1.5,31,Kristin Williams,DDS 2,Unassigned,Assigned,System Scheduled
WT1 - Annual ISP,James Smith,House of Angels,Community Engagement,3,50,Kristin Williams,DDS 2,Unassigned,Assigned,System Scheduled
WT2 - Quarterly Review (Q1),James Smith,House of Angels,Community Engagement,1.5,50,Ondrea Wilson,DDA,Unassigned,Assigned,System Scheduled
WT2 - Quarterly Review (Q2),James Smith,House of Angels,Community Engagement,1.5,11,Kristin Williams,DDS 2,Unassigned,Assigned,System Scheduled
WT2 - Quarterly Review (Q3),James Smith,House of Angels,Community Engagement,1.5,24,Kristin Williams,DDS 2,Unassigned,Assigned,System Scheduled
WT2 - Quarterly Review (Q4),James Smith,House of Angels,Community Engagement,1.5,37,Kristin Williams,DDS 2,Unassigned,Assigned,System Scheduled
WT1 - Annual ISP,JAYDON MORTON,House of Angels,Community Engagement,3,52,Ayaat Albayati,Clinical Operations Director,Unassigned,Assigned (Smoothed - Wk 50),CAPACITY CONFLICT — CRITICAL OVERFLOW
WT2 - Quarterly Review (Q1),JAYDON MORTON,House of Angels,Community Engagement,1.5,52,Latoya Smith,Clinical Director,Unassigned,Assigned (Smoothed - Wk 50),CAPACITY CONFLICT — CRITICAL OVERFLOW
WT2 - Quarterly Review (Q2),JAYDON MORTON,House of Angels,Community Engagement,1.5,13,Ayaat Albayati,Clinical Operations Director,Unassigned,Assigned,CAPACITY CONFLICT — CRITICAL OVERFLOW
WT2 - Quarterly Review (Q3),JAYDON MORTON,House of Angels,Community Engagement,1.5,26,Latoya Smith,Clinical Director,Unassigned,Assigned,CAPACITY CONFLICT — CRITICAL OVERFLOW
WT2 - Quarterly Review (Q4),JAYDON MORTON,House of Angels,Community Engagement,1.5,39,Latoya Smith,Clinical Director,Unassigned,Assigned,CAPACITY CONFLICT — CRITICAL OVERFLOW
WT1 - Annual ISP,Jennifer Glawe,House of Angels,Community Engagement,3,52,Stephanie Eatton-Johnson,Clinical Director,Unassigned,Assigned (Smoothed - Wk 50),CAPACITY CONFLICT — CRITICAL OVERFLOW
WT2 - Quarterly Review (Q1),Jennifer Glawe,House of Angels,Community Engagement,1.5,52,Latoya Smith,Clinical Director,Unassigned,Assigned (Smoothed - Wk 50),CAPACITY CONFLICT — CRITICAL OVERFLOW
WT2 - Quarterly Review (Q2),Jennifer Glawe,House of Angels,Community Engagement,1.5,13,Latoya Smith,Clinical Director,Unassigned,Assigned,CAPACITY CONFLICT — CRITICAL OVERFLOW
WT2 - Quarterly Review (Q3),Jennifer Glawe,House of Angels,Community Engagement,1.5,26,Stephanie Eatton-Johnson,Clinical Director,Unassigned,Assigned,CAPACITY CONFLICT — CRITICAL OVERFLOW
WT2 - Quarterly Review (Q4),Jennifer Glawe,House of Angels,Community Engagement,1.5,39,Stephanie Eatton-Johnson,Clinical Director,Unassigned,Assigned,CAPACITY CONFLICT — CRITICAL OVERFLOW
WT1 - Annual ISP,JERICHO WIMBROUGH,House of Angels,Community Engagement,3,52,Ayaat Albayati,Clinical Operations Director,Unassigned,Assigned (Smoothed - Wk 50),CAPACITY CONFLICT — CRITICAL OVERFLOW
WT2 - Quarterly Review (Q1),JERICHO WIMBROUGH,House of Angels,Community Engagement,1.5,52,Latoya Smith,Clinical Director,Unassigned,Assigned (Smoothed - Wk 50),CAPACITY CONFLICT — CRITICAL OVERFLOW
WT2 - Quarterly Review (Q2),JERICHO WIMBROUGH,House of Angels,Community Engagement,1.5,13,Stephanie Eatton-Johnson,Clinical Director,Unassigned,Assigned,CAPACITY CONFLICT — CRITICAL OVERFLOW
WT2 - Quarterly Review (Q3),JERICHO WIMBROUGH,House of Angels,Community Engagement,1.5,26,Ayaat Albayati,Clinical Operations Director,Unassigned,Assigned,CAPACITY CONFLICT — CRITICAL OVERFLOW
WT2 - Quarterly Review (Q4),JERICHO WIMBROUGH,House of Angels,Community Engagement,1.5,39,Ayaat Albayati,Clinical Operations Director,Unassigned,Assigned,CAPACITY CONFLICT — CRITICAL OVERFLOW
WT1 - Annual ISP,JOHN RAMSAY,House of Angels,Community Engagement,3,43,Mohammed,QDDP,Unassigned,Assigned,System Scheduled
WT2 - Quarterly Review (Q1),JOHN RAMSAY,House of Angels,Community Engagement,1.5,43,Ondrea Wilson,DDA,Unassigned,Assigned,System Scheduled
WT2 - Quarterly Review (Q2),JOHN RAMSAY,House of Angels,Community Engagement,1.5,4,Kristin Williams,DDS 2,Unassigned,Assigned,System Scheduled
WT2 - Quarterly Review (Q3),JOHN RAMSAY,House of Angels,Community Engagement,1.5,17,Kristin Williams,DDS 2,Unassigned,Assigned,System Scheduled
WT2 - Quarterly Review (Q4),JOHN RAMSAY,House of Angels,Community Engagement,1.5,30,Mohammed,QDDP,Unassigned,Assigned,System Scheduled
WT1 - Annual ISP,Joshua Rout,House of Angels,Community Engagement,3,44,Mohammed,QDDP,Unassigned,Assigned,System Scheduled
WT2 - Quarterly Review (Q1),Joshua Rout,House of Angels,Community Engagement,1.5,44,Ashley Shilo,DDA,Unassigned,Assigned,System Scheduled
WT2 - Quarterly Review (Q2),Joshua Rout,House of Angels,Community Engagement,1.5,5,Jerry Burton,DDS 1,Unassigned,Assigned,System Scheduled
WT2 - Quarterly Review (Q3),Joshua Rout,House of Angels,Community Engagement,1.5,18,Jerry Burton,DDS 1,Unassigned,Assigned,System Scheduled
WT2 - Quarterly Review (Q4),Joshua Rout,House of Angels,Community Engagement,1.5,31,Jerry Burton,DDS 1,Unassigned,Assigned,System Scheduled
WT1 - Annual ISP,Kayla Speller,House of Angels,Community Engagement,3,52,Stephanie Eatton-Johnson,Clinical Director,Unassigned,Assigned (Smoothed - Wk 50),CAPACITY CONFLICT — CRITICAL OVERFLOW
WT2 - Quarterly Review (Q1),Kayla Speller,House of Angels,Community Engagement,1.5,52,Latoya Smith,Clinical Director,Unassigned,Assigned (Smoothed - Wk 50),CAPACITY CONFLICT — CRITICAL OVERFLOW
WT2 - Quarterly Review (Q2),Kayla Speller,House of Angels,Community Engagement,1.5,13,Ayaat Albayati,Clinical Operations Director,Unassigned,Assigned,CAPACITY CONFLICT — CRITICAL OVERFLOW
WT2 - Quarterly Review (Q3),Kayla Speller,House of Angels,Community Engagement,1.5,26,Latoya Smith,Clinical Director,Unassigned,Assigned,CAPACITY CONFLICT — CRITICAL OVERFLOW
WT2 - Quarterly Review (Q4),Kayla Speller,House of Angels,Community Engagement,1.5,39,Latoya Smith,Clinical Director,Unassigned,Assigned,CAPACITY CONFLICT — CRITICAL OVERFLOW
WT1 - Annual ISP,KELVIN CHERRY,House of Angels,Community Engagement,3,52,Ayaat Albayati,Clinical Operations Director,Unassigned,Assigned (Smoothed - Wk 50),CAPACITY CONFLICT — CRITICAL OVERFLOW
WT2 - Quarterly Review (Q1),KELVIN CHERRY,House of Angels,Community Engagement,1.5,52,Latoya Smith,Clinical Director,Unassigned,Assigned (Smoothed - Wk 50),CAPACITY CONFLICT — CRITICAL OVERFLOW
WT2 - Quarterly Review (Q2),KELVIN CHERRY,House of Angels,Community Engagement,1.5,13,Latoya Smith,Clinical Director,Unassigned,Assigned,CAPACITY CONFLICT — CRITICAL OVERFLOW
WT2 - Quarterly Review (Q3),KELVIN CHERRY,House of Angels,Community Engagement,1.5,26,Stephanie Eatton-Johnson,Clinical Director,Unassigned,Assigned,CAPACITY CONFLICT — CRITICAL OVERFLOW
WT2 - Quarterly Review (Q4),KELVIN CHERRY,House of Angels,Community Engagement,1.5,39,Stephanie Eatton-Johnson,Clinical Director,Unassigned,Assigned,CAPACITY CONFLICT — CRITICAL OVERFLOW
WT1 - Annual ISP,Key'Asia Evans,House of Angels,Community Engagement,3,52,Stephanie Eatton-Johnson,Clinical Director,Unassigned,Assigned (Smoothed - Wk 50),CAPACITY CONFLICT — CRITICAL OVERFLOW
WT2 - Quarterly Review (Q1),Key'Asia Evans,House of Angels,Community Engagement,1.5,52,Latoya Smith,Clinical Director,Unassigned,Assigned (Smoothed - Wk 50),CAPACITY CONFLICT — CRITICAL OVERFLOW
WT2 - Quarterly Review (Q2),Key'Asia Evans,House of Angels,Community Engagement,1.5,13,Stephanie Eatton-Johnson,Clinical Director,Unassigned,Assigned,CAPACITY CONFLICT — CRITICAL OVERFLOW
WT2 - Quarterly Review (Q3),Key'Asia Evans,House of Angels,Community Engagement,1.5,26,Ayaat Albayati,Clinical Operations Director,Unassigned,Assigned,CAPACITY CONFLICT — CRITICAL OVERFLOW
WT2 - Quarterly Review (Q4),Key'Asia Evans,House of Angels,Community Engagement,1.5,39,Ayaat Albayati,Clinical Operations Director,Unassigned,Assigned,CAPACITY CONFLICT — CRITICAL OVERFLOW
WT1 - Annual ISP,Ki-Jana James,House of Angels,Community Engagement,3,50,Mohammed,QDDP,Unassigned,Assigned,System Scheduled
WT2 - Quarterly Review (Q1),Ki-Jana James,House of Angels,Community Engagement,1.5,50,Ashley Shilo,DDA,Unassigned,Assigned,System Scheduled
WT2 - Quarterly Review (Q2),Ki-Jana James,House of Angels,Community Engagement,1.5,11,Jerry Burton,DDS 1,Unassigned,Assigned,System Scheduled
WT2 - Quarterly Review (Q3),Ki-Jana James,House of Angels,Community Engagement,1.5,24,Jerry Burton,DDS 1,Unassigned,Assigned,System Scheduled
WT2 - Quarterly Review (Q4),Ki-Jana James,House of Angels,Community Engagement,1.5,37,Jerry Burton,DDS 1,Unassigned,Assigned,System Scheduled
WT1 - Annual ISP,LARRY HOPKINS,House of Angels,Community Engagement,3,52,Ayaat Albayati,Clinical Operations Director,Unassigned,Assigned (Smoothed - Wk 50),CAPACITY CONFLICT — CRITICAL OVERFLOW
WT2 - Quarterly Review (Q1),LARRY HOPKINS,House of Angels,Community Engagement,1.5,52,Latoya Smith,Clinical Director,Unassigned,Assigned (Smoothed - Wk 50),CAPACITY CONFLICT — CRITICAL OVERFLOW
WT2 - Quarterly Review (Q2),LARRY HOPKINS,House of Angels,Community Engagement,1.5,13,Ayaat Albayati,Clinical Operations Director,Unassigned,Assigned,CAPACITY CONFLICT — CRITICAL OVERFLOW
WT2 - Quarterly Review (Q3),LARRY HOPKINS,House of Angels,Community Engagement,1.5,26,Latoya Smith,Clinical Director,Unassigned,Assigned,CAPACITY CONFLICT — CRITICAL OVERFLOW
WT2 - Quarterly Review (Q4),LARRY HOPKINS,House of Angels,Community Engagement,1.5,39,Latoya Smith,Clinical Director,Unassigned,Assigned,CAPACITY CONFLICT — CRITICAL OVERFLOW
WT1 - Annual ISP,MACKENZIE MELBOURNE,House of Angels,Community Engagement,3,35,Shalette Shaw,DDS 2,Unassigned,Assigned,System Scheduled
WT2 - Quarterly Review (Q1),MACKENZIE MELBOURNE,House of Angels,Community Engagement,1.5,35,Mohammed,QDDP,Unassigned,Assigned,System Scheduled
WT2 - Quarterly Review (Q2),MACKENZIE MELBOURNE,House of Angels,Community Engagement,1.5,48,Kristin Williams,DDS 2,Unassigned,Assigned,System Scheduled
WT2 - Quarterly Review (Q3),MACKENZIE MELBOURNE,House of Angels,Community Engagement,1.5,9,Kristin Williams,DDS 2,Unassigned,Assigned,System Scheduled
WT2 - Quarterly Review (Q4),MACKENZIE MELBOURNE,House of Angels,Community Engagement,1.5,22,Kristin Williams,DDS 2,Unassigned,Assigned,System Scheduled
WT1 - Annual ISP,MILES PERKINS,House of Angels,Community Engagement,3,52,Stephanie Eatton-Johnson,Clinical Director,Unassigned,Assigned (Smoothed - Wk 50),CAPACITY CONFLICT — CRITICAL OVERFLOW
WT2 - Quarterly Review (Q1),MILES PERKINS,House of Angels,Community Engagement,1.5,52,Latoya Smith,Clinical Director,Unassigned,Assigned (Smoothed - Wk 50),CAPACITY CONFLICT — CRITICAL OVERFLOW
WT2 - Quarterly Review (Q2),MILES PERKINS,House of Angels,Community Engagement,1.5,13,Latoya Smith,Clinical Director,Unassigned,Assigned,CAPACITY CONFLICT — CRITICAL OVERFLOW
WT2 - Quarterly Review (Q3),MILES PERKINS,House of Angels,Community Engagement,1.5,26,Stephanie Eatton-Johnson,Clinical Director,Unassigned,Assigned,CAPACITY CONFLICT — CRITICAL OVERFLOW
WT2 - Quarterly Review (Q4),MILES PERKINS,House of Angels,Community Engagement,1.5,39,Stephanie Eatton-Johnson,Clinical Director,Unassigned,Assigned,CAPACITY CONFLICT — CRITICAL OVERFLOW
WT1 - Annual ISP,ALAN PERRY,House of Angels,Day Support,3,52,Ayaat Albayati,Clinical Operations Director,Unassigned,Assigned (Smoothed - Wk 50),CAPACITY CONFLICT — CRITICAL OVERFLOW
WT2 - Quarterly Review (Q1),ALAN PERRY,House of Angels,Day Support,1.5,52,Latoya Smith,Clinical Director,Unassigned,Assigned (Smoothed - Wk 50),CAPACITY CONFLICT — CRITICAL OVERFLOW
WT2 - Quarterly Review (Q2),ALAN PERRY,House of Angels,Day Support,1.5,13,Stephanie Eatton-Johnson,Clinical Director,Unassigned,Assigned,CAPACITY CONFLICT — CRITICAL OVERFLOW
WT2 - Quarterly Review (Q3),ALAN PERRY,House of Angels,Day Support,1.5,26,Ayaat Albayati,Clinical Operations Director,Unassigned,Assigned,CAPACITY CONFLICT — CRITICAL OVERFLOW
WT2 - Quarterly Review (Q4),ALAN PERRY,House of Angels,Day Support,1.5,39,Ayaat Albayati,Clinical Operations Director,Unassigned,Assigned,CAPACITY CONFLICT — CRITICAL OVERFLOW
WT1 - Annual ISP,APRIL MILTEER,House of Angels,Day Support,3,52,Stephanie Eatton-Johnson,Clinical Director,Unassigned,Assigned (Smoothed - Wk 50),CAPACITY CONFLICT — CRITICAL OVERFLOW
WT2 - Quarterly Review (Q1),APRIL MILTEER,House of Angels,Day Support,1.5,52,Latoya Smith,Clinical Director,Unassigned,Assigned (Smoothed - Wk 50),CAPACITY CONFLICT — CRITICAL OVERFLOW
WT2 - Quarterly Review (Q2),APRIL MILTEER,House of Angels,Day Support,1.5,13,Ayaat Albayati,Clinical Operations Director,Unassigned,Assigned,CAPACITY CONFLICT — CRITICAL OVERFLOW
WT2 - Quarterly Review (Q3),APRIL MILTEER,House of Angels,Day Support,1.5,26,Latoya Smith,Clinical Director,Unassigned,Assigned,CAPACITY CONFLICT — CRITICAL OVERFLOW
WT2 - Quarterly Review (Q4),APRIL MILTEER,House of Angels,Day Support,1.5,39,Latoya Smith,Clinical Director,Unassigned,Assigned,CAPACITY CONFLICT — CRITICAL OVERFLOW
WT1 - Annual ISP,BENJAMIN ZIMMER,House of Angels,Day Support,3,48,Ondrea Wilson,DDA,Unassigned,Assigned,System Scheduled
WT2 - Quarterly Review (Q1),BENJAMIN ZIMMER,House of Angels,Day Support,1.5,48,Shalette Shaw,DDS 2,Unassigned,Assigned,System Scheduled
WT2 - Quarterly Review (Q2),BENJAMIN ZIMMER,House of Angels,Day Support,1.5,9,Ashley Shilo,DDA,Unassigned,Assigned,System Scheduled
WT2 - Quarterly Review (Q3),BENJAMIN ZIMMER,House of Angels,Day Support,1.5,22,Ashley Shilo,DDA,Unassigned,Assigned,System Scheduled
WT2 - Quarterly Review (Q4),BENJAMIN ZIMMER,House of Angels,Day Support,1.5,35,Kristin Williams,DDS 2,Unassigned,Assigned,System Scheduled
WT1 - Annual ISP,BIANCA REMALEY,House of Angels,Day Support,3,43,Shalette Shaw,DDS 2,Unassigned,Assigned,System Scheduled
WT2 - Quarterly Review (Q1),BIANCA REMALEY,House of Angels,Day Support,1.5,43,Kristin Williams,DDS 2,Unassigned,Assigned,System Scheduled
WT2 - Quarterly Review (Q2),BIANCA REMALEY,House of Angels,Day Support,1.5,4,Jerry Burton,DDS 1,Unassigned,Assigned,System Scheduled
WT2 - Quarterly Review (Q3),BIANCA REMALEY,House of Angels,Day Support,1.5,17,Jerry Burton,DDS 1,Unassigned,Assigned,System Scheduled
WT2 - Quarterly Review (Q4),BIANCA REMALEY,House of Angels,Day Support,1.5,30,Kristin Williams,DDS 2,Unassigned,Assigned,System Scheduled
WT1 - Annual ISP,Bilal Mbonisi,House of Angels,Day Support,3,52,Ayaat Albayati,Clinical Operations Director,Unassigned,Assigned (Smoothed - Wk 50),CAPACITY CONFLICT — CRITICAL OVERFLOW
WT2 - Quarterly Review (Q1),Bilal Mbonisi,House of Angels,Day Support,1.5,52,Latoya Smith,Clinical Director,Unassigned,Assigned (Smoothed - Wk 50),CAPACITY CONFLICT — CRITICAL OVERFLOW
WT2 - Quarterly Review (Q2),Bilal Mbonisi,House of Angels,Day Support,1.5,13,Latoya Smith,Clinical Director,Unassigned,Assigned,CAPACITY CONFLICT — CRITICAL OVERFLOW
WT2 - Quarterly Review (Q3),Bilal Mbonisi,House of Angels,Day Support,1.5,26,Stephanie Eatton-Johnson,Clinical Director,Unassigned,Assigned,CAPACITY CONFLICT — CRITICAL OVERFLOW
WT2 - Quarterly Review (Q4),Bilal Mbonisi,House of Angels,Day Support,1.5,39,Stephanie Eatton-Johnson,Clinical Director,Unassigned,Assigned,CAPACITY CONFLICT — CRITICAL OVERFLOW
WT1 - Annual ISP,Carmella Buonsanto,House of Angels,Day Support,3,52,Stephanie Eatton-Johnson,Clinical Director,Unassigned,Assigned (Smoothed - Wk 50),CAPACITY CONFLICT — CRITICAL OVERFLOW
WT2 - Quarterly Review (Q1),Carmella Buonsanto,House of Angels,Day Support,1.5,52,Latoya Smith,Clinical Director,Unassigned,Assigned (Smoothed - Wk 50),CAPACITY CONFLICT — CRITICAL OVERFLOW
WT2 - Quarterly Review (Q2),Carmella Buonsanto,House of Angels,Day Support,1.5,13,Stephanie Eatton-Johnson,Clinical Director,Unassigned,Assigned,CAPACITY CONFLICT — CRITICAL OVERFLOW
WT2 - Quarterly Review (Q3),Carmella Buonsanto,House of Angels,Day Support,1.5,26,Ayaat Albayati,Clinical Operations Director,Unassigned,Assigned,CAPACITY CONFLICT — CRITICAL OVERFLOW
WT2 - Quarterly Review (Q4),Carmella Buonsanto,House of Angels,Day Support,1.5,39,Ayaat Albayati,Clinical Operations Director,Unassigned,Assigned,CAPACITY CONFLICT — CRITICAL OVERFLOW
WT1 - Annual ISP,CAROL HILL,House of Angels,Day Support,3,52,Ayaat Albayati,Clinical Operations Director,Unassigned,Assigned (Smoothed - Wk 50),CAPACITY CONFLICT — CRITICAL OVERFLOW
WT2 - Quarterly Review (Q1),CAROL HILL,House of Angels,Day Support,1.5,52,Latoya Smith,Clinical Director,Unassigned,Assigned (Smoothed - Wk 50),CAPACITY CONFLICT — CRITICAL OVERFLOW
WT2 - Quarterly Review (Q2),CAROL HILL,House of Angels,Day Support,1.5,13,Ayaat Albayati,Clinical Operations Director,Unassigned,Assigned,CAPACITY CONFLICT — CRITICAL OVERFLOW
WT2 - Quarterly Review (Q3),CAROL HILL,House of Angels,Day Support,1.5,26,Latoya Smith,Clinical Director,Unassigned,Assigned,CAPACITY CONFLICT — CRITICAL OVERFLOW
WT2 - Quarterly Review (Q4),CAROL HILL,House of Angels,Day Support,1.5,39,Latoya Smith,Clinical Director,Unassigned,Assigned,CAPACITY CONFLICT — CRITICAL OVERFLOW
WT1 - Annual ISP,Christopher Donlan,House of Angels,Day Support,3,52,Stephanie Eatton-Johnson,Clinical Director,Unassigned,Assigned (Smoothed - Wk 50),CAPACITY CONFLICT — CRITICAL OVERFLOW
WT2 - Quarterly Review (Q1),Christopher Donlan,House of Angels,Day Support,1.5,52,Latoya Smith,Clinical Director,Unassigned,Assigned (Smoothed - Wk 50),CAPACITY CONFLICT — CRITICAL OVERFLOW
WT2 - Quarterly Review (Q2),Christopher Donlan,House of Angels,Day Support,1.5,13,Latoya Smith,Clinical Director,Unassigned,Assigned,CAPACITY CONFLICT — CRITICAL OVERFLOW
WT2 - Quarterly Review (Q3),Christopher Donlan,House of Angels,Day Support,1.5,26,Stephanie Eatton-Johnson,Clinical Director,Unassigned,Assigned,CAPACITY CONFLICT — CRITICAL OVERFLOW
WT2 - Quarterly Review (Q4),Christopher Donlan,House of Angels,Day Support,1.5,39,Stephanie Eatton-Johnson,Clinical Director,Unassigned,Assigned,CAPACITY CONFLICT — CRITICAL OVERFLOW
WT1 - Annual ISP,Elizabeth Douglas,House of Angels,Day Support,3,52,Ayaat Albayati,Clinical Operations Director,Unassigned,Assigned (Smoothed - Wk 50),CAPACITY CONFLICT — CRITICAL OVERFLOW
WT2 - Quarterly Review (Q1),Elizabeth Douglas,House of Angels,Day Support,1.5,52,Latoya Smith,Clinical Director,Unassigned,Assigned (Smoothed - Wk 50),CAPACITY CONFLICT — CRITICAL OVERFLOW
WT2 - Quarterly Review (Q2),Elizabeth Douglas,House of Angels,Day Support,1.5,13,Stephanie Eatton-Johnson,Clinical Director,Unassigned,Assigned,CAPACITY CONFLICT — CRITICAL OVERFLOW
WT2 - Quarterly Review (Q3),Elizabeth Douglas,House of Angels,Day Support,1.5,26,Ayaat Albayati,Clinical Operations Director,Unassigned,Assigned,CAPACITY CONFLICT — CRITICAL OVERFLOW
WT2 - Quarterly Review (Q4),Elizabeth Douglas,House of Angels,Day Support,1.5,39,Ayaat Albayati,Clinical Operations Director,Unassigned,Assigned,CAPACITY CONFLICT — CRITICAL OVERFLOW
WT1 - Annual ISP,James Smith,House of Angels,Day Support,3,50,Ondrea Wilson,DDA,Unassigned,Assigned,System Scheduled
WT2 - Quarterly Review (Q1),James Smith,House of Angels,Day Support,1.5,50,Shalette Shaw,DDS 2,Unassigned,Assigned,System Scheduled
WT2 - Quarterly Review (Q2),James Smith,House of Angels,Day Support,1.5,11,Mohammed,QDDP,Unassigned,Assigned,System Scheduled
WT2 - Quarterly Review (Q3),James Smith,House of Angels,Day Support,1.5,24,Mohammed,QDDP,Unassigned,Assigned,System Scheduled
WT2 - Quarterly Review (Q4),James Smith,House of Angels,Day Support,1.5,37,Mohammed,QDDP,Unassigned,Assigned,System Scheduled
WT1 - Annual ISP,James Spratley,House of Angels,Day Support,3,52,Stephanie Eatton-Johnson,Clinical Director,Unassigned,Assigned (Smoothed - Wk 50),CAPACITY CONFLICT — CRITICAL OVERFLOW
WT2 - Quarterly Review (Q1),James Spratley,House of Angels,Day Support,1.5,52,Latoya Smith,Clinical Director,Unassigned,Assigned (Smoothed - Wk 50),CAPACITY CONFLICT — CRITICAL OVERFLOW
WT2 - Quarterly Review (Q2),James Spratley,House of Angels,Day Support,1.5,13,Ayaat Albayati,Clinical Operations Director,Unassigned,Assigned,CAPACITY CONFLICT — CRITICAL OVERFLOW
WT2 - Quarterly Review (Q3),James Spratley,House of Angels,Day Support,1.5,26,Latoya Smith,Clinical Director,Unassigned,Assigned,CAPACITY CONFLICT — CRITICAL OVERFLOW
WT2 - Quarterly Review (Q4),James Spratley,House of Angels,Day Support,1.5,39,Latoya Smith,Clinical Director,Unassigned,Assigned,CAPACITY CONFLICT — CRITICAL OVERFLOW
WT1 - Annual ISP,JOHN NELSON,House of Angels,Day Support,3,52,Ayaat Albayati,Clinical Operations Director,Unassigned,Assigned (Smoothed - Wk 50),CAPACITY CONFLICT — CRITICAL OVERFLOW
WT2 - Quarterly Review (Q1),JOHN NELSON,House of Angels,Day Support,1.5,52,Latoya Smith,Clinical Director,Unassigned,Assigned (Smoothed - Wk 50),CAPACITY CONFLICT — CRITICAL OVERFLOW
WT2 - Quarterly Review (Q2),JOHN NELSON,House of Angels,Day Support,1.5,13,Latoya Smith,Clinical Director,Unassigned,Assigned,CAPACITY CONFLICT — CRITICAL OVERFLOW
WT2 - Quarterly Review (Q3),JOHN NELSON,House of Angels,Day Support,1.5,26,Stephanie Eatton-Johnson,Clinical Director,Unassigned,Assigned,CAPACITY CONFLICT — CRITICAL OVERFLOW
WT2 - Quarterly Review (Q4),JOHN NELSON,House of Angels,Day Support,1.5,39,Stephanie Eatton-Johnson,Clinical Director,Unassigned,Assigned,CAPACITY CONFLICT — CRITICAL OVERFLOW
WT1 - Annual ISP,Kayla Speller,House of Angels,Day Support,3,52,Stephanie Eatton-Johnson,Clinical Director,Unassigned,Assigned (Smoothed - Wk 50),CAPACITY CONFLICT — CRITICAL OVERFLOW
WT2 - Quarterly Review (Q1),Kayla Speller,House of Angels,Day Support,1.5,52,Latoya Smith,Clinical Director,Unassigned,Assigned (Smoothed - Wk 50),CAPACITY CONFLICT — CRITICAL OVERFLOW
WT2 - Quarterly Review (Q2),Kayla Speller,House of Angels,Day Support,1.5,13,Stephanie Eatton-Johnson,Clinical Director,Unassigned,Assigned,CAPACITY CONFLICT — CRITICAL OVERFLOW
WT2 - Quarterly Review (Q3),Kayla Speller,House of Angels,Day Support,1.5,26,Ayaat Albayati,Clinical Operations Director,Unassigned,Assigned,CAPACITY CONFLICT — CRITICAL OVERFLOW
WT2 - Quarterly Review (Q4),Kayla Speller,House of Angels,Day Support,1.5,39,Ayaat Albayati,Clinical Operations Director,Unassigned,Assigned,CAPACITY CONFLICT — CRITICAL OVERFLOW
WT1 - Annual ISP,KELLY JONES,House of Angels,Day Support,3,52,Ayaat Albayati,Clinical Operations Director,Unassigned,Assigned (Smoothed - Wk 50),CAPACITY CONFLICT — CRITICAL OVERFLOW
WT2 - Quarterly Review (Q1),KELLY JONES,House of Angels,Day Support,1.5,52,Latoya Smith,Clinical Director,Unassigned,Assigned (Smoothed - Wk 50),CAPACITY CONFLICT — CRITICAL OVERFLOW
WT2 - Quarterly Review (Q2),KELLY JONES,House of Angels,Day Support,1.5,13,Ayaat Albayati,Clinical Operations Director,Unassigned,Assigned,CAPACITY CONFLICT — CRITICAL OVERFLOW
WT2 - Quarterly Review (Q3),KELLY JONES,House of Angels,Day Support,1.5,26,Latoya Smith,Clinical Director,Unassigned,Assigned,CAPACITY CONFLICT — CRITICAL OVERFLOW
WT2 - Quarterly Review (Q4),KELLY JONES,House of Angels,Day Support,1.5,39,Latoya Smith,Clinical Director,Unassigned,Assigned,CAPACITY CONFLICT — CRITICAL OVERFLOW
WT1 - Annual ISP,Matthew Sears,House of Angels,Day Support,3,52,Stephanie Eatton-Johnson,Clinical Director,Unassigned,Assigned (Smoothed - Wk 50),CAPACITY CONFLICT — CRITICAL OVERFLOW
WT2 - Quarterly Review (Q1),Matthew Sears,House of Angels,Day Support,1.5,52,Latoya Smith,Clinical Director,Unassigned,Assigned (Smoothed - Wk 50),CAPACITY CONFLICT — CRITICAL OVERFLOW
WT2 - Quarterly Review (Q2),Matthew Sears,House of Angels,Day Support,1.5,13,Latoya Smith,Clinical Director,Unassigned,Assigned,CAPACITY CONFLICT — CRITICAL OVERFLOW
WT2 - Quarterly Review (Q3),Matthew Sears,House of Angels,Day Support,1.5,26,Stephanie Eatton-Johnson,Clinical Director,Unassigned,Assigned,CAPACITY CONFLICT — CRITICAL OVERFLOW
WT2 - Quarterly Review (Q4),Matthew Sears,House of Angels,Day Support,1.5,39,Stephanie Eatton-Johnson,Clinical Director,Unassigned,Assigned,CAPACITY CONFLICT — CRITICAL OVERFLOW
WT1 - Annual ISP,Preston Johnson,House of Angels,Day Support,3,52,Ayaat Albayati,Clinical Operations Director,Unassigned,Assigned (Smoothed - Wk 50),CAPACITY CONFLICT — CRITICAL OVERFLOW
WT2 - Quarterly Review (Q1),Preston Johnson,House of Angels,Day Support,1.5,52,Latoya Smith,Clinical Director,Unassigned,Assigned (Smoothed - Wk 50),CAPACITY CONFLICT — CRITICAL OVERFLOW
WT2 - Quarterly Review (Q2),Preston Johnson,House of Angels,Day Support,1.5,13,Stephanie Eatton-Johnson,Clinical Director,Unassigned,Assigned,CAPACITY CONFLICT — CRITICAL OVERFLOW
WT2 - Quarterly Review (Q3),Preston Johnson,House of Angels,Day Support,1.5,26,Ayaat Albayati,Clinical Operations Director,Unassigned,Assigned,CAPACITY CONFLICT — CRITICAL OVERFLOW
WT2 - Quarterly Review (Q4),Preston Johnson,House of Angels,Day Support,1.5,39,Ayaat Albayati,Clinical Operations Director,Unassigned,Assigned,CAPACITY CONFLICT — CRITICAL OVERFLOW
WT1 - Annual ISP,Sarah Styron,House of Angels,Day Support,3,52,Stephanie Eatton-Johnson,Clinical Director,Unassigned,Assigned (Smoothed - Wk 50),CAPACITY CONFLICT — CRITICAL OVERFLOW
WT2 - Quarterly Review (Q1),Sarah Styron,House of Angels,Day Support,1.5,52,Latoya Smith,Clinical Director,Unassigned,Assigned (Smoothed - Wk 50),CAPACITY CONFLICT — CRITICAL OVERFLOW
WT2 - Quarterly Review (Q2),Sarah Styron,House of Angels,Day Support,1.5,13,Ayaat Albayati,Clinical Operations Director,Unassigned,Assigned,CAPACITY CONFLICT — CRITICAL OVERFLOW
WT2 - Quarterly Review (Q3),Sarah Styron,House of Angels,Day Support,1.5,26,Latoya Smith,Clinical Director,Unassigned,Assigned,CAPACITY CONFLICT — CRITICAL OVERFLOW
WT2 - Quarterly Review (Q4),Sarah Styron,House of Angels,Day Support,1.5,39,Latoya Smith,Clinical Director,Unassigned,Assigned,CAPACITY CONFLICT — CRITICAL OVERFLOW
WT1 - Annual ISP,Stephen Cottrell,House of Angels,Day Support,3,52,Ayaat Albayati,Clinical Operations Director,Unassigned,Assigned (Smoothed - Wk 50),CAPACITY CONFLICT — CRITICAL OVERFLOW
WT2 - Quarterly Review (Q1),Stephen Cottrell,House of Angels,Day Support,1.5,52,Latoya Smith,Clinical Director,Unassigned,Assigned (Smoothed - Wk 50),CAPACITY CONFLICT — CRITICAL OVERFLOW
WT2 - Quarterly Review (Q2),Stephen Cottrell,House of Angels,Day Support,1.5,13,Latoya Smith,Clinical Director,Unassigned,Assigned,CAPACITY CONFLICT — CRITICAL OVERFLOW
WT2 - Quarterly Review (Q3),Stephen Cottrell,House of Angels,Day Support,1.5,26,Stephanie Eatton-Johnson,Clinical Director,Unassigned,Assigned,CAPACITY CONFLICT — CRITICAL OVERFLOW
WT2 - Quarterly Review (Q4),Stephen Cottrell,House of Angels,Day Support,1.5,39,Stephanie Eatton-Johnson,Clinical Director,Unassigned,Assigned,CAPACITY CONFLICT — CRITICAL OVERFLOW
WT1 - Annual ISP,STORM TAYLOR,House of Angels,Day Support,3,52,Stephanie Eatton-Johnson,Clinical Director,Unassigned,Assigned (Smoothed - Wk 50),CAPACITY CONFLICT — CRITICAL OVERFLOW
WT2 - Quarterly Review (Q1),STORM TAYLOR,House of Angels,Day Support,1.5,52,Latoya Smith,Clinical Director,Unassigned,Assigned (Smoothed - Wk 50),CAPACITY CONFLICT — CRITICAL OVERFLOW
WT2 - Quarterly Review (Q2),STORM TAYLOR,House of Angels,Day Support,1.5,13,Stephanie Eatton-Johnson,Clinical Director,Unassigned,Assigned,CAPACITY CONFLICT — CRITICAL OVERFLOW
WT2 - Quarterly Review (Q3),STORM TAYLOR,House of Angels,Day Support,1.5,26,Ayaat Albayati,Clinical Operations Director,Unassigned,Assigned,CAPACITY CONFLICT — CRITICAL OVERFLOW
WT2 - Quarterly Review (Q4),STORM TAYLOR,House of Angels,Day Support,1.5,39,Ayaat Albayati,Clinical Operations Director,Unassigned,Assigned,CAPACITY CONFLICT — CRITICAL OVERFLOW
WT1 - Annual ISP,TENNESA HAMMONDS,House of Angels,Day Support,3,52,Ayaat Albayati,Clinical Operations Director,Unassigned,Assigned (Smoothed - Wk 50),CAPACITY CONFLICT — CRITICAL OVERFLOW
WT2 - Quarterly Review (Q1),TENNESA HAMMONDS,House of Angels,Day Support,1.5,52,Latoya Smith,Clinical Director,Unassigned,Assigned (Smoothed - Wk 50),CAPACITY CONFLICT — CRITICAL OVERFLOW
WT2 - Quarterly Review (Q2),TENNESA HAMMONDS,House of Angels,Day Support,1.5,13,Ayaat Albayati,Clinical Operations Director,Unassigned,Assigned,CAPACITY CONFLICT — CRITICAL OVERFLOW
WT2 - Quarterly Review (Q3),TENNESA HAMMONDS,House of Angels,Day Support,1.5,26,Latoya Smith,Clinical Director,Unassigned,Assigned,CAPACITY CONFLICT — CRITICAL OVERFLOW
WT2 - Quarterly Review (Q4),TENNESA HAMMONDS,House of Angels,Day Support,1.5,39,Latoya Smith,Clinical Director,Unassigned,Assigned,CAPACITY CONFLICT — CRITICAL OVERFLOW
WT1 - Annual ISP,Christopher DeAngelo,House of Angels,Group Home,3,52,Stephanie Eatton-Johnson,Clinical Director,Unassigned,Assigned (Smoothed - Wk 50),CAPACITY CONFLICT — CRITICAL OVERFLOW
WT2 - Quarterly Review (Q1),Christopher DeAngelo,House of Angels,Group Home,1.5,52,Latoya Smith,Clinical Director,Unassigned,Assigned (Smoothed - Wk 50),CAPACITY CONFLICT — CRITICAL OVERFLOW
WT2 - Quarterly Review (Q2),Christopher DeAngelo,House of Angels,Group Home,1.5,13,Latoya Smith,Clinical Director,Unassigned,Assigned,CAPACITY CONFLICT — CRITICAL OVERFLOW
WT2 - Quarterly Review (Q3),Christopher DeAngelo,House of Angels,Group Home,1.5,26,Stephanie Eatton-Johnson,Clinical Director,Unassigned,Assigned,CAPACITY CONFLICT — CRITICAL OVERFLOW
WT2 - Quarterly Review (Q4),Christopher DeAngelo,House of Angels,Group Home,1.5,39,Stephanie Eatton-Johnson,Clinical Director,Unassigned,Assigned,CAPACITY CONFLICT — CRITICAL OVERFLOW
WT1 - Annual ISP,Darrin Rhodes,House of Angels,Group Home,3,52,Ayaat Albayati,Clinical Operations Director,Unassigned,Assigned (Smoothed - Wk 50),CAPACITY CONFLICT — CRITICAL OVERFLOW
WT2 - Quarterly Review (Q1),Darrin Rhodes,House of Angels,Group Home,1.5,52,Latoya Smith,Clinical Director,Unassigned,Assigned (Smoothed - Wk 50),CAPACITY CONFLICT — CRITICAL OVERFLOW
WT2 - Quarterly Review (Q2),Darrin Rhodes,House of Angels,Group Home,1.5,13,Stephanie Eatton-Johnson,Clinical Director,Unassigned,Assigned,CAPACITY CONFLICT — CRITICAL OVERFLOW
WT2 - Quarterly Review (Q3),Darrin Rhodes,House of Angels,Group Home,1.5,26,Ayaat Albayati,Clinical Operations Director,Unassigned,Assigned,CAPACITY CONFLICT — CRITICAL OVERFLOW
WT2 - Quarterly Review (Q4),Darrin Rhodes,House of Angels,Group Home,1.5,39,Ayaat Albayati,Clinical Operations Director,Unassigned,Assigned,CAPACITY CONFLICT — CRITICAL OVERFLOW
WT1 - Annual ISP,James Smith,House of Angels,Group Home,3,50,Kristin Williams,DDS 2,Unassigned,Assigned,System Scheduled
WT2 - Quarterly Review (Q1),James Smith,House of Angels,Group Home,1.5,50,Ashley Shilo,DDA,Unassigned,Assigned,System Scheduled
WT2 - Quarterly Review (Q2),James Smith,House of Angels,Group Home,1.5,11,Kristin Williams,DDS 2,Unassigned,Assigned,System Scheduled
WT2 - Quarterly Review (Q3),James Smith,House of Angels,Group Home,1.5,24,Kristin Williams,DDS 2,Unassigned,Assigned,System Scheduled
WT2 - Quarterly Review (Q4),James Smith,House of Angels,Group Home,1.5,37,Kristin Williams,DDS 2,Unassigned,Assigned,System Scheduled
WT1 - Annual ISP,Preston Johnson,House of Angels,Group Home,3,52,Stephanie Eatton-Johnson,Clinical Director,Unassigned,Assigned (Smoothed - Wk 50),CAPACITY CONFLICT — CRITICAL OVERFLOW
WT2 - Quarterly Review (Q1),Preston Johnson,House of Angels,Group Home,1.5,52,Latoya Smith,Clinical Director,Unassigned,Assigned (Smoothed - Wk 50),CAPACITY CONFLICT — CRITICAL OVERFLOW
WT2 - Quarterly Review (Q2),Preston Johnson,House of Angels,Group Home,1.5,13,Ayaat Albayati,Clinical Operations Director,Unassigned,Assigned,CAPACITY CONFLICT — CRITICAL OVERFLOW
WT2 - Quarterly Review (Q3),Preston Johnson,House of Angels,Group Home,1.5,26,Latoya Smith,Clinical Director,Unassigned,Assigned,CAPACITY CONFLICT — CRITICAL OVERFLOW
WT2 - Quarterly Review (Q4),Preston Johnson,House of Angels,Group Home,1.5,39,Latoya Smith,Clinical Director,Unassigned,Assigned,CAPACITY CONFLICT — CRITICAL OVERFLOW
WT1 - Annual ISP,BURLEIGH JAMES,House of Angels,Personal Assistance,3,46,Ondrea Wilson,DDA,Unassigned,Assigned,System Scheduled
WT2 - Quarterly Review (Q1),BURLEIGH JAMES,House of Angels,Personal Assistance,1.5,46,Shalette Shaw,DDS 2,Unassigned,Assigned,System Scheduled
WT2 - Quarterly Review (Q2),BURLEIGH JAMES,House of Angels,Personal Assistance,1.5,7,Ondrea Wilson,DDA,Unassigned,Assigned,System Scheduled
WT2 - Quarterly Review (Q3),BURLEIGH JAMES,House of Angels,Personal Assistance,1.5,20,Ondrea Wilson,DDA,Unassigned,Assigned,System Scheduled
WT2 - Quarterly Review (Q4),BURLEIGH JAMES,House of Angels,Personal Assistance,1.5,33,Shalette Shaw,DDS 2,Unassigned,Assigned,System Scheduled
WT1 - Annual ISP,CAROL HILL,House of Angels,Personal Assistance,3,52,Ayaat Albayati,Clinical Operations Director,Unassigned,Assigned (Smoothed - Wk 50),CAPACITY CONFLICT — CRITICAL OVERFLOW
WT2 - Quarterly Review (Q1),CAROL HILL,House of Angels,Personal Assistance,1.5,52,Latoya Smith,Clinical Director,Unassigned,Assigned (Smoothed - Wk 50),CAPACITY CONFLICT — CRITICAL OVERFLOW
WT2 - Quarterly Review (Q2),CAROL HILL,House of Angels,Personal Assistance,1.5,13,Latoya Smith,Clinical Director,Unassigned,Assigned,CAPACITY CONFLICT — CRITICAL OVERFLOW
WT2 - Quarterly Review (Q3),CAROL HILL,House of Angels,Personal Assistance,1.5,26,Stephanie Eatton-Johnson,Clinical Director,Unassigned,Assigned,CAPACITY CONFLICT — CRITICAL OVERFLOW
WT2 - Quarterly Review (Q4),CAROL HILL,House of Angels,Personal Assistance,1.5,39,Stephanie Eatton-Johnson,Clinical Director,Unassigned,Assigned,CAPACITY CONFLICT — CRITICAL OVERFLOW
WT1 - Annual ISP,DEBRA STEWART,House of Angels,Personal Assistance,3,52,Stephanie Eatton-Johnson,Clinical Director,Unassigned,Assigned (Smoothed - Wk 50),CAPACITY CONFLICT — CRITICAL OVERFLOW
WT2 - Quarterly Review (Q1),DEBRA STEWART,House of Angels,Personal Assistance,1.5,52,Latoya Smith,Clinical Director,Unassigned,Assigned (Smoothed - Wk 50),CAPACITY CONFLICT — CRITICAL OVERFLOW
WT2 - Quarterly Review (Q2),DEBRA STEWART,House of Angels,Personal Assistance,1.5,13,Stephanie Eatton-Johnson,Clinical Director,Unassigned,Assigned,CAPACITY CONFLICT — CRITICAL OVERFLOW
WT2 - Quarterly Review (Q3),DEBRA STEWART,House of Angels,Personal Assistance,1.5,26,Ayaat Albayati,Clinical Operations Director,Unassigned,Assigned,CAPACITY CONFLICT — CRITICAL OVERFLOW
WT2 - Quarterly Review (Q4),DEBRA STEWART,House of Angels,Personal Assistance,1.5,39,Ayaat Albayati,Clinical Operations Director,Unassigned,Assigned,CAPACITY CONFLICT — CRITICAL OVERFLOW
WT1 - Annual ISP,ALAN PERRY,House of Angels,Respite,3,52,Ayaat Albayati,Clinical Operations Director,Unassigned,Assigned (Smoothed - Wk 50),CAPACITY CONFLICT — CRITICAL OVERFLOW
WT2 - Quarterly Review (Q1),ALAN PERRY,House of Angels,Respite,1.5,52,Latoya Smith,Clinical Director,Unassigned,Assigned (Smoothed - Wk 50),CAPACITY CONFLICT — CRITICAL OVERFLOW
WT2 - Quarterly Review (Q2),ALAN PERRY,House of Angels,Respite,1.5,13,Ayaat Albayati,Clinical Operations Director,Unassigned,Assigned,CAPACITY CONFLICT — CRITICAL OVERFLOW
WT2 - Quarterly Review (Q3),ALAN PERRY,House of Angels,Respite,1.5,26,Latoya Smith,Clinical Director,Unassigned,Assigned,CAPACITY CONFLICT — CRITICAL OVERFLOW
WT2 - Quarterly Review (Q4),ALAN PERRY,House of Angels,Respite,1.5,39,Latoya Smith,Clinical Director,Unassigned,Assigned,CAPACITY CONFLICT — CRITICAL OVERFLOW
WT1 - Annual ISP,Andres Gamboa,House of Angels,Respite,3,52,Stephanie Eatton-Johnson,Clinical Director,Unassigned,Assigned (Smoothed - Wk 50),CAPACITY CONFLICT — CRITICAL OVERFLOW
WT2 - Quarterly Review (Q1),Andres Gamboa,House of Angels,Respite,1.5,52,Latoya Smith,Clinical Director,Unassigned,Assigned (Smoothed - Wk 50),CAPACITY CONFLICT — CRITICAL OVERFLOW
WT2 - Quarterly Review (Q2),Andres Gamboa,House of Angels,Respite,1.5,13,Latoya Smith,Clinical Director,Unassigned,Assigned,CAPACITY CONFLICT — CRITICAL OVERFLOW
WT2 - Quarterly Review (Q3),Andres Gamboa,House of Angels,Respite,1.5,26,Stephanie Eatton-Johnson,Clinical Director,Unassigned,Assigned,CAPACITY CONFLICT — CRITICAL OVERFLOW
WT2 - Quarterly Review (Q4),Andres Gamboa,House of Angels,Respite,1.5,39,Stephanie Eatton-Johnson,Clinical Director,Unassigned,Assigned,CAPACITY CONFLICT — CRITICAL OVERFLOW
WT1 - Annual ISP,DEBRA STEWART,House of Angels,Respite,3,52,Ayaat Albayati,Clinical Operations Director,Unassigned,Assigned (Smoothed - Wk 50),CAPACITY CONFLICT — CRITICAL OVERFLOW
WT2 - Quarterly Review (Q1),DEBRA STEWART,House of Angels,Respite,1.5,52,Latoya Smith,Clinical Director,Unassigned,Assigned (Smoothed - Wk 50),CAPACITY CONFLICT — CRITICAL OVERFLOW
WT2 - Quarterly Review (Q2),DEBRA STEWART,House of Angels,Respite,1.5,13,Stephanie Eatton-Johnson,Clinical Director,Unassigned,Assigned,CAPACITY CONFLICT — CRITICAL OVERFLOW
WT2 - Quarterly Review (Q3),DEBRA STEWART,House of Angels,Respite,1.5,26,Ayaat Albayati,Clinical Operations Director,Unassigned,Assigned,CAPACITY CONFLICT — CRITICAL OVERFLOW
WT2 - Quarterly Review (Q4),DEBRA STEWART,House of Angels,Respite,1.5,39,Ayaat Albayati,Clinical Operations Director,Unassigned,Assigned,CAPACITY CONFLICT — CRITICAL OVERFLOW
WT1 - Annual ISP,Elizabeth Douglas,House of Angels,Respite,3,52,Stephanie Eatton-Johnson,Clinical Director,Unassigned,Assigned (Smoothed - Wk 50),CAPACITY CONFLICT — CRITICAL OVERFLOW
WT2 - Quarterly Review (Q1),Elizabeth Douglas,House of Angels,Respite,1.5,52,Latoya Smith,Clinical Director,Unassigned,Assigned (Smoothed - Wk 50),CAPACITY CONFLICT — CRITICAL OVERFLOW
WT2 - Quarterly Review (Q2),Elizabeth Douglas,House of Angels,Respite,1.5,13,Ayaat Albayati,Clinical Operations Director,Unassigned,Assigned,CAPACITY CONFLICT — CRITICAL OVERFLOW
WT2 - Quarterly Review (Q3),Elizabeth Douglas,House of Angels,Respite,1.5,26,Latoya Smith,Clinical Director,Unassigned,Assigned,CAPACITY CONFLICT — CRITICAL OVERFLOW
WT2 - Quarterly Review (Q4),Elizabeth Douglas,House of Angels,Respite,1.5,39,Latoya Smith,Clinical Director,Unassigned,Assigned,CAPACITY CONFLICT — CRITICAL OVERFLOW
WT1 - Annual ISP,Joshua Rout,House of Angels,Respite,3,44,Ondrea Wilson,DDA,Unassigned,Assigned,System Scheduled
WT2 - Quarterly Review (Q1),Joshua Rout,House of Angels,Respite,1.5,44,Shalette Shaw,DDS 2,Unassigned,Assigned,System Scheduled
WT2 - Quarterly Review (Q2),Joshua Rout,House of Angels,Respite,1.5,5,Mohammed,QDDP,Unassigned,Assigned,System Scheduled
WT2 - Quarterly Review (Q3),Joshua Rout,House of Angels,Respite,1.5,18,Mohammed,QDDP,Unassigned,Assigned,System Scheduled
WT2 - Quarterly Review (Q4),Joshua Rout,House of Angels,Respite,1.5,31,Mohammed,QDDP,Unassigned,Assigned,System Scheduled
WT1 - Annual ISP,Kevin Cordero,House of Angels,Respite,3,52,Ayaat Albayati,Clinical Operations Director,Unassigned,Assigned (Smoothed - Wk 50),CAPACITY CONFLICT — CRITICAL OVERFLOW
WT2 - Quarterly Review (Q1),Kevin Cordero,House of Angels,Respite,1.5,52,Latoya Smith,Clinical Director,Unassigned,Assigned (Smoothed - Wk 50),CAPACITY CONFLICT — CRITICAL OVERFLOW
WT2 - Quarterly Review (Q2),Kevin Cordero,House of Angels,Respite,1.5,13,Latoya Smith,Clinical Director,Unassigned,Assigned,CAPACITY CONFLICT — CRITICAL OVERFLOW
WT2 - Quarterly Review (Q3),Kevin Cordero,House of Angels,Respite,1.5,26,Stephanie Eatton-Johnson,Clinical Director,Unassigned,Assigned,CAPACITY CONFLICT — CRITICAL OVERFLOW
WT2 - Quarterly Review (Q4),Kevin Cordero,House of Angels,Respite,1.5,39,Stephanie Eatton-Johnson,Clinical Director,Unassigned,Assigned,CAPACITY CONFLICT — CRITICAL OVERFLOW
WT1 - Annual ISP,LARRY HOPKINS,House of Angels,Respite,3,52,Stephanie Eatton-Johnson,Clinical Director,Unassigned,Assigned (Smoothed - Wk 49),CAPACITY CONFLICT — CRITICAL OVERFLOW
WT2 - Quarterly Review (Q1),LARRY HOPKINS,House of Angels,Respite,1.5,52,Latoya Smith,Clinical Director,Unassigned,Assigned (Smoothed - Wk 50),CAPACITY CONFLICT — CRITICAL OVERFLOW
WT2 - Quarterly Review (Q2),LARRY HOPKINS,House of Angels,Respite,1.5,13,Stephanie Eatton-Johnson,Clinical Director,Unassigned,Assigned,CAPACITY CONFLICT — CRITICAL OVERFLOW
WT2 - Quarterly Review (Q3),LARRY HOPKINS,House of Angels,Respite,1.5,26,Ayaat Albayati,Clinical Operations Director,Unassigned,Assigned,CAPACITY CONFLICT — CRITICAL OVERFLOW
WT2 - Quarterly Review (Q4),LARRY HOPKINS,House of Angels,Respite,1.5,39,Ayaat Albayati,Clinical Operations Director,Unassigned,Assigned,CAPACITY CONFLICT — CRITICAL OVERFLOW
WT1 - Annual ISP,Timothy Robinson,House of Angels,Respite,3,45,Ashley Shilo,DDA,Unassigned,Assigned,System Scheduled
WT2 - Quarterly Review (Q1),Timothy Robinson,House of Angels,Respite,1.5,45,Ondrea Wilson,DDA,Unassigned,Assigned,System Scheduled
WT2 - Quarterly Review (Q2),Timothy Robinson,House of Angels,Respite,1.5,6,Ashley Shilo,DDA,Unassigned,Assigned,System Scheduled
WT2 - Quarterly Review (Q3),Timothy Robinson,House of Angels,Respite,1.5,19,Ashley Shilo,DDA,Unassigned,Assigned,System Scheduled
WT2 - Quarterly Review (Q4),Timothy Robinson,House of Angels,Respite,1.5,32,Ashley Shilo,DDA,Unassigned,Assigned,System Scheduled
WT1 - Annual ISP,Christopher Donlan,House of Angels,Sponsor Residential,3,52,Ayaat Albayati,Clinical Operations Director,Unassigned,Assigned (Smoothed - Wk 49),CAPACITY CONFLICT — CRITICAL OVERFLOW
WT2 - Quarterly Review (Q1),Christopher Donlan,House of Angels,Sponsor Residential,1.5,52,Latoya Smith,Clinical Director,Unassigned,Assigned (Smoothed - Wk 50),CAPACITY CONFLICT — CRITICAL OVERFLOW
WT2 - Quarterly Review (Q2),Christopher Donlan,House of Angels,Sponsor Residential,1.5,13,Ayaat Albayati,Clinical Operations Director,Unassigned,Assigned,CAPACITY CONFLICT — CRITICAL OVERFLOW
WT2 - Quarterly Review (Q3),Christopher Donlan,House of Angels,Sponsor Residential,1.5,26,Latoya Smith,Clinical Director,Unassigned,Assigned,CAPACITY CONFLICT — CRITICAL OVERFLOW
WT2 - Quarterly Review (Q4),Christopher Donlan,House of Angels,Sponsor Residential,1.5,39,Latoya Smith,Clinical Director,Unassigned,Assigned,CAPACITY CONFLICT — CRITICAL OVERFLOW
WT1 - Annual ISP,James Spratley,House of Angels,Sponsor Residential,3,52,Stephanie Eatton-Johnson,Clinical Director,Unassigned,Assigned (Smoothed - Wk 49),CAPACITY CONFLICT — CRITICAL OVERFLOW
WT2 - Quarterly Review (Q1),James Spratley,House of Angels,Sponsor Residential,1.5,52,Latoya Smith,Clinical Director,Unassigned,Assigned (Smoothed - Wk 50),CAPACITY CONFLICT — CRITICAL OVERFLOW
WT2 - Quarterly Review (Q2),James Spratley,House of Angels,Sponsor Residential,1.5,13,Latoya Smith,Clinical Director,Unassigned,Assigned,CAPACITY CONFLICT — CRITICAL OVERFLOW
WT2 - Quarterly Review (Q3),James Spratley,House of Angels,Sponsor Residential,1.5,26,Stephanie Eatton-Johnson,Clinical Director,Unassigned,Assigned,CAPACITY CONFLICT — CRITICAL OVERFLOW
WT2 - Quarterly Review (Q4),James Spratley,House of Angels,Sponsor Residential,1.5,39,Stephanie Eatton-Johnson,Clinical Director,Unassigned,Assigned,CAPACITY CONFLICT — CRITICAL OVERFLOW
WT1 - Annual ISP,JAYDON MORTON,House of Angels,Sponsor Residential,3,52,Ayaat Albayati,Clinical Operations Director,Unassigned,Assigned (Smoothed - Wk 49),CAPACITY CONFLICT — CRITICAL OVERFLOW
WT2 - Quarterly Review (Q1),JAYDON MORTON,House of Angels,Sponsor Residential,1.5,52,Latoya Smith,Clinical Director,Unassigned,Assigned (Smoothed - Wk 50),CAPACITY CONFLICT — CRITICAL OVERFLOW
WT2 - Quarterly Review (Q2),JAYDON MORTON,House of Angels,Sponsor Residential,1.5,13,Stephanie Eatton-Johnson,Clinical Director,Unassigned,Assigned,CAPACITY CONFLICT — CRITICAL OVERFLOW
WT2 - Quarterly Review (Q3),JAYDON MORTON,House of Angels,Sponsor Residential,1.5,26,Ayaat Albayati,Clinical Operations Director,Unassigned,Assigned,CAPACITY CONFLICT — CRITICAL OVERFLOW
WT2 - Quarterly Review (Q4),JAYDON MORTON,House of Angels,Sponsor Residential,1.5,39,Ayaat Albayati,Clinical Operations Director,Unassigned,Assigned,CAPACITY CONFLICT — CRITICAL OVERFLOW
WT1 - Annual ISP,Jennifer Glawe,House of Angels,Sponsor Residential,3,52,Stephanie Eatton-Johnson,Clinical Director,Unassigned,Assigned (Smoothed - Wk 49),CAPACITY CONFLICT — CRITICAL OVERFLOW
WT2 - Quarterly Review (Q1),Jennifer Glawe,House of Angels,Sponsor Residential,1.5,52,Latoya Smith,Clinical Director,Unassigned,Assigned (Smoothed - Wk 50),CAPACITY CONFLICT — CRITICAL OVERFLOW
WT2 - Quarterly Review (Q2),Jennifer Glawe,House of Angels,Sponsor Residential,1.5,13,Ayaat Albayati,Clinical Operations Director,Unassigned,Assigned,CAPACITY CONFLICT — CRITICAL OVERFLOW
WT2 - Quarterly Review (Q3),Jennifer Glawe,House of Angels,Sponsor Residential,1.5,26,Latoya Smith,Clinical Director,Unassigned,Assigned,CAPACITY CONFLICT — CRITICAL OVERFLOW
WT2 - Quarterly Review (Q4),Jennifer Glawe,House of Angels,Sponsor Residential,1.5,39,Latoya Smith,Clinical Director,Unassigned,Assigned,CAPACITY CONFLICT — CRITICAL OVERFLOW
WT1 - Annual ISP,JERICHO WIMBROUGH,House of Angels,Sponsor Residential,3,52,Ayaat Albayati,Clinical Operations Director,Unassigned,Assigned (Smoothed - Wk 49),CAPACITY CONFLICT — CRITICAL OVERFLOW
WT2 - Quarterly Review (Q1),JERICHO WIMBROUGH,House of Angels,Sponsor Residential,1.5,52,Latoya Smith,Clinical Director,Unassigned,Assigned (Smoothed - Wk 50),CAPACITY CONFLICT — CRITICAL OVERFLOW
WT2 - Quarterly Review (Q2),JERICHO WIMBROUGH,House of Angels,Sponsor Residential,1.5,13,Latoya Smith,Clinical Director,Unassigned,Assigned,CAPACITY CONFLICT — CRITICAL OVERFLOW
WT2 - Quarterly Review (Q3),JERICHO WIMBROUGH,House of Angels,Sponsor Residential,1.5,26,Stephanie Eatton-Johnson,Clinical Director,Unassigned,Assigned,CAPACITY CONFLICT — CRITICAL OVERFLOW
WT2 - Quarterly Review (Q4),JERICHO WIMBROUGH,House of Angels,Sponsor Residential,1.5,39,Stephanie Eatton-Johnson,Clinical Director,Unassigned,Assigned,CAPACITY CONFLICT — CRITICAL OVERFLOW
WT1 - Annual ISP,JERROD LATHAN,House of Angels,Sponsor Residential,3,41,Jerry Burton,DDS 1,Unassigned,Assigned,System Scheduled
WT2 - Quarterly Review (Q1),JERROD LATHAN,House of Angels,Sponsor Residential,1.5,41,Mohammed,QDDP,Unassigned,Assigned,System Scheduled
WT2 - Quarterly Review (Q2),JERROD LATHAN,House of Angels,Sponsor Residential,1.5,2,Shalette Shaw,DDS 2,Unassigned,Assigned,System Scheduled
WT2 - Quarterly Review (Q3),JERROD LATHAN,House of Angels,Sponsor Residential,1.5,15,Shalette Shaw,DDS 2,Unassigned,Assigned,System Scheduled
WT2 - Quarterly Review (Q4),JERROD LATHAN,House of Angels,Sponsor Residential,1.5,28,Shalette Shaw,DDS 2,Unassigned,Assigned,System Scheduled
WT1 - Annual ISP,LATOYA MACK,House of Angels,Sponsor Residential,3,52,Stephanie Eatton-Johnson,Clinical Director,Unassigned,Assigned (Smoothed - Wk 49),CAPACITY CONFLICT — CRITICAL OVERFLOW
WT2 - Quarterly Review (Q1),LATOYA MACK,House of Angels,Sponsor Residential,1.5,52,Latoya Smith,Clinical Director,Unassigned,Assigned (Smoothed - Wk 50),CAPACITY CONFLICT — CRITICAL OVERFLOW
WT2 - Quarterly Review (Q2),LATOYA MACK,House of Angels,Sponsor Residential,1.5,13,Stephanie Eatton-Johnson,Clinical Director,Unassigned,Assigned,CAPACITY CONFLICT — CRITICAL OVERFLOW
WT2 - Quarterly Review (Q3),LATOYA MACK,House of Angels,Sponsor Residential,1.5,26,Ayaat Albayati,Clinical Operations Director,Unassigned,Assigned,CAPACITY CONFLICT — CRITICAL OVERFLOW
WT2 - Quarterly Review (Q4),LATOYA MACK,House of Angels,Sponsor Residential,1.5,39,Ayaat Albayati,Clinical Operations Director,Unassigned,Assigned,CAPACITY CONFLICT — CRITICAL OVERFLOW
WT1 - Annual ISP,MILES PERKINS,House of Angels,Sponsor Residential,3,52,Ayaat Albayati,Clinical Operations Director,Unassigned,Assigned (Smoothed - Wk 49),CAPACITY CONFLICT — CRITICAL OVERFLOW
WT2 - Quarterly Review (Q1),MILES PERKINS,House of Angels,Sponsor Residential,1.5,52,Latoya Smith,Clinical Director,Unassigned,Assigned (Smoothed - Wk 50),CAPACITY CONFLICT — CRITICAL OVERFLOW
WT2 - Quarterly Review (Q2),MILES PERKINS,House of Angels,Sponsor Residential,1.5,13,Ayaat Albayati,Clinical Operations Director,Unassigned,Assigned,CAPACITY CONFLICT — CRITICAL OVERFLOW
WT2 - Quarterly Review (Q3),MILES PERKINS,House of Angels,Sponsor Residential,1.5,26,Latoya Smith,Clinical Director,Unassigned,Assigned,CAPACITY CONFLICT — CRITICAL OVERFLOW
WT2 - Quarterly Review (Q4),MILES PERKINS,House of Angels,Sponsor Residential,1.5,39,Latoya Smith,Clinical Director,Unassigned,Assigned,CAPACITY CONFLICT — CRITICAL OVERFLOW
WT1 - Annual ISP,Paul Combs,House of Angels,Sponsor Residential,3,52,Stephanie Eatton-Johnson,Clinical Director,Unassigned,Assigned (Smoothed - Wk 49),CAPACITY CONFLICT — CRITICAL OVERFLOW
WT2 - Quarterly Review (Q1),Paul Combs,House of Angels,Sponsor Residential,1.5,52,Latoya Smith,Clinical Director,Unassigned,Assigned (Smoothed - Wk 50),CAPACITY CONFLICT — CRITICAL OVERFLOW
WT2 - Quarterly Review (Q2),Paul Combs,House of Angels,Sponsor Residential,1.5,13,Latoya Smith,Clinical Director,Unassigned,Assigned,CAPACITY CONFLICT — CRITICAL OVERFLOW
WT2 - Quarterly Review (Q3),Paul Combs,House of Angels,Sponsor Residential,1.5,26,Stephanie Eatton-Johnson,Clinical Director,Unassigned,Assigned,CAPACITY CONFLICT — CRITICAL OVERFLOW
WT2 - Quarterly Review (Q4),Paul Combs,House of Angels,Sponsor Residential,1.5,39,Stephanie Eatton-Johnson,Clinical Director,Unassigned,Assigned,CAPACITY CONFLICT — CRITICAL OVERFLOW
WT1 - Annual ISP,ROBERT COLE,House of Angels,Sponsor Residential,3,52,Ayaat Albayati,Clinical Operations Director,Unassigned,Assigned (Smoothed - Wk 49),CAPACITY CONFLICT — CRITICAL OVERFLOW
WT2 - Quarterly Review (Q1),ROBERT COLE,House of Angels,Sponsor Residential,1.5,52,Latoya Smith,Clinical Director,Unassigned,Assigned (Smoothed - Wk 50),CAPACITY CONFLICT — CRITICAL OVERFLOW
WT2 - Quarterly Review (Q2),ROBERT COLE,House of Angels,Sponsor Residential,1.5,13,Stephanie Eatton-Johnson,Clinical Director,Unassigned,Assigned,CAPACITY CONFLICT — CRITICAL OVERFLOW
WT2 - Quarterly Review (Q3),ROBERT COLE,House of Angels,Sponsor Residential,1.5,26,Ayaat Albayati,Clinical Operations Director,Unassigned,Assigned,CAPACITY CONFLICT — CRITICAL OVERFLOW
WT2 - Quarterly Review (Q4),ROBERT COLE,House of Angels,Sponsor Residential,1.5,39,Ayaat Albayati,Clinical Operations Director,Unassigned,Assigned,CAPACITY CONFLICT — CRITICAL OVERFLOW
WT1 - Annual ISP,SYNCERE GALLOP,House of Angels,Sponsor Residential,3,52,Stephanie Eatton-Johnson,Clinical Director,Unassigned,Assigned (Smoothed - Wk 49),CAPACITY CONFLICT — CRITICAL OVERFLOW
WT2 - Quarterly Review (Q1),SYNCERE GALLOP,House of Angels,Sponsor Residential,1.5,52,Latoya Smith,Clinical Director,Unassigned,Assigned (Smoothed - Wk 50),CAPACITY CONFLICT — CRITICAL OVERFLOW
WT2 - Quarterly Review (Q2),SYNCERE GALLOP,House of Angels,Sponsor Residential,1.5,13,Ayaat Albayati,Clinical Operations Director,Unassigned,Assigned,CAPACITY CONFLICT — CRITICAL OVERFLOW
WT2 - Quarterly Review (Q3),SYNCERE GALLOP,House of Angels,Sponsor Residential,1.5,26,Latoya Smith,Clinical Director,Unassigned,Assigned,CAPACITY CONFLICT — CRITICAL OVERFLOW
WT2 - Quarterly Review (Q4),SYNCERE GALLOP,House of Angels,Sponsor Residential,1.5,39,Latoya Smith,Clinical Director,Unassigned,Assigned,CAPACITY CONFLICT — CRITICAL OVERFLOW
WT1 - Annual ISP,ALAN PERRY,House of Angels,Supportive In-Home,3,52,Ayaat Albayati,Clinical Operations Director,Unassigned,Assigned (Smoothed - Wk 49),CAPACITY CONFLICT — CRITICAL OVERFLOW
WT2 - Quarterly Review (Q1),ALAN PERRY,House of Angels,Supportive In-Home,1.5,52,Latoya Smith,Clinical Director,Unassigned,Assigned (Smoothed - Wk 50),CAPACITY CONFLICT — CRITICAL OVERFLOW
WT2 - Quarterly Review (Q2),ALAN PERRY,House of Angels,Supportive In-Home,1.5,13,Latoya Smith,Clinical Director,Unassigned,Assigned,CAPACITY CONFLICT — CRITICAL OVERFLOW
WT2 - Quarterly Review (Q3),ALAN PERRY,House of Angels,Supportive In-Home,1.5,26,Stephanie Eatton-Johnson,Clinical Director,Unassigned,Assigned,CAPACITY CONFLICT — CRITICAL OVERFLOW
WT2 - Quarterly Review (Q4),ALAN PERRY,House of Angels,Supportive In-Home,1.5,39,Stephanie Eatton-Johnson,Clinical Director,Unassigned,Assigned,CAPACITY CONFLICT — CRITICAL OVERFLOW
WT1 - Annual ISP,Andres Gamboa,House of Angels,Supportive In-Home,3,52,Stephanie Eatton-Johnson,Clinical Director,Unassigned,Assigned (Smoothed - Wk 49),CAPACITY CONFLICT — CRITICAL OVERFLOW
WT2 - Quarterly Review (Q1),Andres Gamboa,House of Angels,Supportive In-Home,1.5,52,Latoya Smith,Clinical Director,Unassigned,Assigned (Smoothed - Wk 49),CAPACITY CONFLICT — CRITICAL OVERFLOW
WT2 - Quarterly Review (Q2),Andres Gamboa,House of Angels,Supportive In-Home,1.5,13,Stephanie Eatton-Johnson,Clinical Director,Unassigned,Assigned,CAPACITY CONFLICT — CRITICAL OVERFLOW
WT2 - Quarterly Review (Q3),Andres Gamboa,House of Angels,Supportive In-Home,1.5,26,Ayaat Albayati,Clinical Operations Director,Unassigned,Assigned,CAPACITY CONFLICT — CRITICAL OVERFLOW
WT2 - Quarterly Review (Q4),Andres Gamboa,House of Angels,Supportive In-Home,1.5,39,Ayaat Albayati,Clinical Operations Director,Unassigned,Assigned,CAPACITY CONFLICT — CRITICAL OVERFLOW
WT1 - Annual ISP,BURLEIGH JAMES,House of Angels,Supportive In-Home,3,46,Kristin Williams,DDS 2,Unassigned,Assigned,System Scheduled
WT2 - Quarterly Review (Q1),BURLEIGH JAMES,House of Angels,Supportive In-Home,1.5,46,Jerry Burton,DDS 1,Unassigned,Assigned,System Scheduled
WT2 - Quarterly Review (Q2),BURLEIGH JAMES,House of Angels,Supportive In-Home,1.5,7,Shalette Shaw,DDS 2,Unassigned,Assigned,System Scheduled
WT2 - Quarterly Review (Q3),BURLEIGH JAMES,House of Angels,Supportive In-Home,1.5,20,Shalette Shaw,DDS 2,Unassigned,Assigned,System Scheduled
WT2 - Quarterly Review (Q4),BURLEIGH JAMES,House of Angels,Supportive In-Home,1.5,33,Kristin Williams,DDS 2,Unassigned,Assigned,System Scheduled
WT1 - Annual ISP,CAROL HILL,House of Angels,Supportive In-Home,3,52,Ayaat Albayati,Clinical Operations Director,Unassigned,Assigned (Smoothed - Wk 49),CAPACITY CONFLICT — CRITICAL OVERFLOW
WT2 - Quarterly Review (Q1),CAROL HILL,House of Angels,Supportive In-Home,1.5,52,Latoya Smith,Clinical Director,Unassigned,Assigned (Smoothed - Wk 49),CAPACITY CONFLICT — CRITICAL OVERFLOW
WT2 - Quarterly Review (Q2),CAROL HILL,House of Angels,Supportive In-Home,1.5,13,Ayaat Albayati,Clinical Operations Director,Unassigned,Assigned,CAPACITY CONFLICT — CRITICAL OVERFLOW
WT2 - Quarterly Review (Q3),CAROL HILL,House of Angels,Supportive In-Home,1.5,26,Latoya Smith,Clinical Director,Unassigned,Assigned,CAPACITY CONFLICT — CRITICAL OVERFLOW
WT2 - Quarterly Review (Q4),CAROL HILL,House of Angels,Supportive In-Home,1.5,39,Latoya Smith,Clinical Director,Unassigned,Assigned,CAPACITY CONFLICT — CRITICAL OVERFLOW
WT1 - Annual ISP,DEBRA STEWART,House of Angels,Supportive In-Home,3,52,Stephanie Eatton-Johnson,Clinical Director,Unassigned,Assigned (Smoothed - Wk 49),CAPACITY CONFLICT — CRITICAL OVERFLOW
WT2 - Quarterly Review (Q1),DEBRA STEWART,House of Angels,Supportive In-Home,1.5,52,Latoya Smith,Clinical Director,Unassigned,Assigned (Smoothed - Wk 49),CAPACITY CONFLICT — CRITICAL OVERFLOW
WT2 - Quarterly Review (Q2),DEBRA STEWART,House of Angels,Supportive In-Home,1.5,13,Latoya Smith,Clinical Director,Unassigned,Assigned,CAPACITY CONFLICT — CRITICAL OVERFLOW
WT2 - Quarterly Review (Q3),DEBRA STEWART,House of Angels,Supportive In-Home,1.5,26,Stephanie Eatton-Johnson,Clinical Director,Unassigned,Assigned,CAPACITY CONFLICT — CRITICAL OVERFLOW
WT2 - Quarterly Review (Q4),DEBRA STEWART,House of Angels,Supportive In-Home,1.5,39,Stephanie Eatton-Johnson,Clinical Director,Unassigned,Assigned,CAPACITY CONFLICT — CRITICAL OVERFLOW
WT1 - Annual ISP,Donnette Ussery,House of Angels,Supportive In-Home,3,39,Ayaat Albayati,Clinical Operations Director,Unassigned,Assigned,CAPACITY CONFLICT — CRITICAL OVERFLOW
WT2 - Quarterly Review (Q1),Donnette Ussery,House of Angels,Supportive In-Home,1.5,39,Latoya Smith,Clinical Director,Unassigned,Assigned,CAPACITY CONFLICT — CRITICAL OVERFLOW
WT2 - Quarterly Review (Q2),Donnette Ussery,House of Angels,Supportive In-Home,1.5,52,Ayaat Albayati,Clinical Operations Director,Unassigned,Assigned (Smoothed - Wk 49),CAPACITY CONFLICT — CRITICAL OVERFLOW
WT2 - Quarterly Review (Q3),Donnette Ussery,House of Angels,Supportive In-Home,1.5,13,Stephanie Eatton-Johnson,Clinical Director,Unassigned,Assigned,CAPACITY CONFLICT — CRITICAL OVERFLOW
WT2 - Quarterly Review (Q4),Donnette Ussery,House of Angels,Supportive In-Home,1.5,26,Ayaat Albayati,Clinical Operations Director,Unassigned,Assigned,CAPACITY CONFLICT — CRITICAL OVERFLOW
WT1 - Annual ISP,Elizabeth Douglas,House of Angels,Supportive In-Home,3,52,Latoya Smith,Clinical Director,Unassigned,Assigned (Smoothed - Wk 49),CAPACITY CONFLICT — CRITICAL OVERFLOW
WT2 - Quarterly Review (Q1),Elizabeth Douglas,House of Angels,Supportive In-Home,1.5,52,Stephanie Eatton-Johnson,Clinical Director,Unassigned,Assigned (Smoothed - Wk 49),CAPACITY CONFLICT — CRITICAL OVERFLOW
WT2 - Quarterly Review (Q2),Elizabeth Douglas,House of Angels,Supportive In-Home,1.5,13,Ayaat Albayati,Clinical Operations Director,Unassigned,Assigned,CAPACITY CONFLICT — CRITICAL OVERFLOW
WT2 - Quarterly Review (Q3),Elizabeth Douglas,House of Angels,Supportive In-Home,1.5,26,Latoya Smith,Clinical Director,Unassigned,Assigned,CAPACITY CONFLICT — CRITICAL OVERFLOW
WT2 - Quarterly Review (Q4),Elizabeth Douglas,House of Angels,Supportive In-Home,1.5,39,Stephanie Eatton-Johnson,Clinical Director,Unassigned,Assigned,CAPACITY CONFLICT — CRITICAL OVERFLOW
WT1 - Annual ISP,Gloria Woodard,House of Angels,Supportive In-Home,3,52,Ayaat Albayati,Clinical Operations Director,Unassigned,Assigned (Smoothed - Wk 49),CAPACITY CONFLICT — CRITICAL OVERFLOW
WT2 - Quarterly Review (Q1),Gloria Woodard,House of Angels,Supportive In-Home,1.5,52,Stephanie Eatton-Johnson,Clinical Director,Unassigned,Assigned (Smoothed - Wk 49),CAPACITY CONFLICT — CRITICAL OVERFLOW
WT2 - Quarterly Review (Q2),Gloria Woodard,House of Angels,Supportive In-Home,1.5,13,Latoya Smith,Clinical Director,Unassigned,Assigned,CAPACITY CONFLICT — CRITICAL OVERFLOW
WT2 - Quarterly Review (Q3),Gloria Woodard,House of Angels,Supportive In-Home,1.5,26,Stephanie Eatton-Johnson,Clinical Director,Unassigned,Assigned,CAPACITY CONFLICT — CRITICAL OVERFLOW
WT2 - Quarterly Review (Q4),Gloria Woodard,House of Angels,Supportive In-Home,1.5,39,Latoya Smith,Clinical Director,Unassigned,Assigned,CAPACITY CONFLICT — CRITICAL OVERFLOW
WT1 - Annual ISP,IYONNA LINDSEY,House of Angels,Supportive In-Home,3,44,Kristin Williams,DDS 2,Unassigned,Assigned,System Scheduled
WT2 - Quarterly Review (Q1),IYONNA LINDSEY,House of Angels,Supportive In-Home,1.5,44,Ashley Shilo,DDA,Unassigned,Assigned,System Scheduled
WT2 - Quarterly Review (Q2),IYONNA LINDSEY,House of Angels,Supportive In-Home,1.5,5,Kristin Williams,DDS 2,Unassigned,Assigned,System Scheduled
WT2 - Quarterly Review (Q3),IYONNA LINDSEY,House of Angels,Supportive In-Home,1.5,18,Kristin Williams,DDS 2,Unassigned,Assigned,System Scheduled
WT2 - Quarterly Review (Q4),IYONNA LINDSEY,House of Angels,Supportive In-Home,1.5,31,Kristin Williams,DDS 2,Unassigned,Assigned,System Scheduled
WT1 - Annual ISP,Kenneth Hodges,House of Angels,Supportive In-Home,3,52,Latoya Smith,Clinical Director,Unassigned,Assigned (Smoothed - Wk 49),CAPACITY CONFLICT — CRITICAL OVERFLOW
WT2 - Quarterly Review (Q1),Kenneth Hodges,House of Angels,Supportive In-Home,1.5,52,Stephanie Eatton-Johnson,Clinical Director,Unassigned,Assigned (Smoothed - Wk 49),CAPACITY CONFLICT — CRITICAL OVERFLOW
WT2 - Quarterly Review (Q2),Kenneth Hodges,House of Angels,Supportive In-Home,1.5,13,Stephanie Eatton-Johnson,Clinical Director,Unassigned,Assigned,CAPACITY CONFLICT — CRITICAL OVERFLOW
WT2 - Quarterly Review (Q3),Kenneth Hodges,House of Angels,Supportive In-Home,1.5,26,Ayaat Albayati,Clinical Operations Director,Unassigned,Assigned,CAPACITY CONFLICT — CRITICAL OVERFLOW
WT2 - Quarterly Review (Q4),Kenneth Hodges,House of Angels,Supportive In-Home,1.5,39,Stephanie Eatton-Johnson,Clinical Director,Unassigned,Assigned,CAPACITY CONFLICT — CRITICAL OVERFLOW
WT1 - Annual ISP,Kevin Cordero,House of Angels,Supportive In-Home,3,52,Ayaat Albayati,Clinical Operations Director,Unassigned,Assigned (Smoothed - Wk 49),CAPACITY CONFLICT — CRITICAL OVERFLOW
WT2 - Quarterly Review (Q1),Kevin Cordero,House of Angels,Supportive In-Home,1.5,52,Stephanie Eatton-Johnson,Clinical Director,Unassigned,Assigned (Smoothed - Wk 49),CAPACITY CONFLICT — CRITICAL OVERFLOW
WT2 - Quarterly Review (Q2),Kevin Cordero,House of Angels,Supportive In-Home,1.5,13,Ayaat Albayati,Clinical Operations Director,Unassigned,Assigned,CAPACITY CONFLICT — CRITICAL OVERFLOW
WT2 - Quarterly Review (Q3),Kevin Cordero,House of Angels,Supportive In-Home,1.5,26,Latoya Smith,Clinical Director,Unassigned,Assigned,CAPACITY CONFLICT — CRITICAL OVERFLOW
WT2 - Quarterly Review (Q4),Kevin Cordero,House of Angels,Supportive In-Home,1.5,39,Ayaat Albayati,Clinical Operations Director,Unassigned,Assigned,CAPACITY CONFLICT — CRITICAL OVERFLOW
WT1 - Annual ISP,LARRY HOPKINS,House of Angels,Supportive In-Home,3,52,Latoya Smith,Clinical Director,Unassigned,Assigned (Smoothed - Wk 49),CAPACITY CONFLICT — CRITICAL OVERFLOW
WT2 - Quarterly Review (Q1),LARRY HOPKINS,House of Angels,Supportive In-Home,1.5,52,Stephanie Eatton-Johnson,Clinical Director,Unassigned,Assigned (Smoothed - Wk 49),CAPACITY CONFLICT — CRITICAL OVERFLOW
WT2 - Quarterly Review (Q2),LARRY HOPKINS,House of Angels,Supportive In-Home,1.5,13,Latoya Smith,Clinical Director,Unassigned,Assigned,CAPACITY CONFLICT — CRITICAL OVERFLOW
WT2 - Quarterly Review (Q3),LARRY HOPKINS,House of Angels,Supportive In-Home,1.5,26,Stephanie Eatton-Johnson,Clinical Director,Unassigned,Assigned,CAPACITY CONFLICT — CRITICAL OVERFLOW
WT2 - Quarterly Review (Q4),LARRY HOPKINS,House of Angels,Supportive In-Home,1.5,39,Latoya Smith,Clinical Director,Unassigned,Assigned,CAPACITY CONFLICT — CRITICAL OVERFLOW
WT1 - Annual ISP,LOUIS BAGLEY,House of Angels,Supportive In-Home,3,52,Ayaat Albayati,Clinical Operations Director,Unassigned,Assigned (Smoothed - Wk 49),CAPACITY CONFLICT — CRITICAL OVERFLOW
WT2 - Quarterly Review (Q1),LOUIS BAGLEY,House of Angels,Supportive In-Home,1.5,52,Stephanie Eatton-Johnson,Clinical Director,Unassigned,Assigned (Smoothed - Wk 49),CAPACITY CONFLICT — CRITICAL OVERFLOW
WT2 - Quarterly Review (Q2),LOUIS BAGLEY,House of Angels,Supportive In-Home,1.5,13,Stephanie Eatton-Johnson,Clinical Director,Unassigned,Assigned,CAPACITY CONFLICT — CRITICAL OVERFLOW
WT2 - Quarterly Review (Q3),LOUIS BAGLEY,House of Angels,Supportive In-Home,1.5,26,Ayaat Albayati,Clinical Operations Director,Unassigned,Assigned,CAPACITY CONFLICT — CRITICAL OVERFLOW
WT2 - Quarterly Review (Q4),LOUIS BAGLEY,House of Angels,Supportive In-Home,1.5,39,Stephanie Eatton-Johnson,Clinical Director,Unassigned,Assigned,CAPACITY CONFLICT — CRITICAL OVERFLOW
WT1 - Annual ISP,Nigia Woolard,House of Angels,Supportive In-Home,3,52,Latoya Smith,Clinical Director,Unassigned,Assigned (Smoothed - Wk 49),CAPACITY CONFLICT — CRITICAL OVERFLOW
WT2 - Quarterly Review (Q1),Nigia Woolard,House of Angels,Supportive In-Home,1.5,52,Stephanie Eatton-Johnson,Clinical Director,Unassigned,Assigned (Smoothed - Wk 49),CAPACITY CONFLICT — CRITICAL OVERFLOW
WT2 - Quarterly Review (Q2),Nigia Woolard,House of Angels,Supportive In-Home,1.5,13,Ayaat Albayati,Clinical Operations Director,Unassigned,Assigned,CAPACITY CONFLICT — CRITICAL OVERFLOW
WT2 - Quarterly Review (Q3),Nigia Woolard,House of Angels,Supportive In-Home,1.5,26,Latoya Smith,Clinical Director,Unassigned,Assigned,CAPACITY CONFLICT — CRITICAL OVERFLOW
WT2 - Quarterly Review (Q4),Nigia Woolard,House of Angels,Supportive In-Home,1.5,39,Ayaat Albayati,Clinical Operations Director,Unassigned,Assigned,CAPACITY CONFLICT — CRITICAL OVERFLOW
WT1 - Annual ISP,QuayAndres Dixon,House of Angels,Supportive In-Home,3,52,Ayaat Albayati,Clinical Operations Director,Unassigned,Assigned (Smoothed - Wk 49),CAPACITY CONFLICT — CRITICAL OVERFLOW
WT2 - Quarterly Review (Q1),QuayAndres Dixon,House of Angels,Supportive In-Home,1.5,52,Stephanie Eatton-Johnson,Clinical Director,Unassigned,Assigned (Smoothed - Wk 49),CAPACITY CONFLICT — CRITICAL OVERFLOW
WT2 - Quarterly Review (Q2),QuayAndres Dixon,House of Angels,Supportive In-Home,1.5,13,Latoya Smith,Clinical Director,Unassigned,Assigned,CAPACITY CONFLICT — CRITICAL OVERFLOW
WT2 - Quarterly Review (Q3),QuayAndres Dixon,House of Angels,Supportive In-Home,1.5,26,Stephanie Eatton-Johnson,Clinical Director,Unassigned,Assigned,CAPACITY CONFLICT — CRITICAL OVERFLOW
WT2 - Quarterly Review (Q4),QuayAndres Dixon,House of Angels,Supportive In-Home,1.5,39,Latoya Smith,Clinical Director,Unassigned,Assigned,CAPACITY CONFLICT — CRITICAL OVERFLOW
WT1 - Annual ISP,Robert Felmeten,House of Angels,Supportive In-Home,3,52,Latoya Smith,Clinical Director,Unassigned,Assigned (Smoothed - Wk 49),CAPACITY CONFLICT — CRITICAL OVERFLOW
WT2 - Quarterly Review (Q1),Robert Felmeten,House of Angels,Supportive In-Home,1.5,52,Stephanie Eatton-Johnson,Clinical Director,Unassigned,Assigned (Smoothed - Wk 49),CAPACITY CONFLICT — CRITICAL OVERFLOW
WT2 - Quarterly Review (Q2),Robert Felmeten,House of Angels,Supportive In-Home,1.5,13,Stephanie Eatton-Johnson,Clinical Director,Unassigned,Assigned,CAPACITY CONFLICT — CRITICAL OVERFLOW
WT2 - Quarterly Review (Q3),Robert Felmeten,House of Angels,Supportive In-Home,1.5,26,Ayaat Albayati,Clinical Operations Director,Unassigned,Assigned,CAPACITY CONFLICT — CRITICAL OVERFLOW
WT2 - Quarterly Review (Q4),Robert Felmeten,House of Angels,Supportive In-Home,1.5,39,Stephanie Eatton-Johnson,Clinical Director,Unassigned,Assigned,CAPACITY CONFLICT — CRITICAL OVERFLOW
WT1 - Annual ISP,STORM TAYLOR,House of Angels,Supportive In-Home,3,36,Shalette Shaw,DDS 2,Unassigned,Assigned,System Scheduled
WT2 - Quarterly Review (Q1),STORM TAYLOR,House of Angels,Supportive In-Home,1.5,36,Kristin Williams,DDS 2,Unassigned,Assigned,System Scheduled
WT2 - Quarterly Review (Q2),STORM TAYLOR,House of Angels,Supportive In-Home,1.5,49,Ondrea Wilson,DDA,Unassigned,Assigned,System Scheduled
WT2 - Quarterly Review (Q3),STORM TAYLOR,House of Angels,Supportive In-Home,1.5,10,Ondrea Wilson,DDA,Unassigned,Assigned,System Scheduled
WT2 - Quarterly Review (Q4),STORM TAYLOR,House of Angels,Supportive In-Home,1.5,23,Ondrea Wilson,DDA,Unassigned,Assigned,System Scheduled
WT1 - Annual ISP,Timothy Robinson,House of Angels,Supportive In-Home,3,45,Shalette Shaw,DDS 2,Unassigned,Assigned,System Scheduled
WT2 - Quarterly Review (Q1),Timothy Robinson,House of Angels,Supportive In-Home,1.5,45,Kristin Williams,DDS 2,Unassigned,Assigned,System Scheduled
WT2 - Quarterly Review (Q2),Timothy Robinson,House of Angels,Supportive In-Home,1.5,6,Ondrea Wilson,DDA,Unassigned,Assigned,System Scheduled
WT2 - Quarterly Review (Q3),Timothy Robinson,House of Angels,Supportive In-Home,1.5,19,Ondrea Wilson,DDA,Unassigned,Assigned,System Scheduled
WT2 - Quarterly Review (Q4),Timothy Robinson,House of Angels,Supportive In-Home,1.5,32,Ondrea Wilson,DDA,Unassigned,Assigned,System Scheduled
WT1 - Annual ISP,Tremain Jones,House of Angels,Supportive In-Home,3,52,Ayaat Albayati,Clinical Operations Director,Unassigned,Assigned (Smoothed - Wk 49),CAPACITY CONFLICT — CRITICAL OVERFLOW
WT2 - Quarterly Review (Q1),Tremain Jones,House of Angels,Supportive In-Home,1.5,52,Stephanie Eatton-Johnson,Clinical Director,Unassigned,Assigned (Smoothed - Wk 49),CAPACITY CONFLICT — CRITICAL OVERFLOW
WT2 - Quarterly Review (Q2),Tremain Jones,House of Angels,Supportive In-Home,1.5,13,Ayaat Albayati,Clinical Operations Director,Unassigned,Assigned,CAPACITY CONFLICT — CRITICAL OVERFLOW
WT2 - Quarterly Review (Q3),Tremain Jones,House of Angels,Supportive In-Home,1.5,26,Latoya Smith,Clinical Director,Unassigned,Assigned,CAPACITY CONFLICT — CRITICAL OVERFLOW
WT2 - Quarterly Review (Q4),Tremain Jones,House of Angels,Supportive In-Home,1.5,39,Ayaat Albayati,Clinical Operations Director,Unassigned,Assigned,CAPACITY CONFLICT — CRITICAL OVERFLOW
WT1 - Annual ISP,ANGIE POCKLINGTON,Impact Community Services,Sponsor Residential,3,52,Stephanie Eatton-Johnson,Clinical Director,Unassigned,Assigned (Smoothed - Wk 49),CAPACITY CONFLICT — CRITICAL OVERFLOW
WT2 - Quarterly Review (Q1),ANGIE POCKLINGTON,Impact Community Services,Sponsor Residential,1.5,52,Latoya Smith,Clinical Director,Unassigned,Assigned (Smoothed - Wk 49),CAPACITY CONFLICT — CRITICAL OVERFLOW
WT2 - Quarterly Review (Q2),ANGIE POCKLINGTON,Impact Community Services,Sponsor Residential,1.5,13,Latoya Smith,Clinical Director,Unassigned,Assigned,CAPACITY CONFLICT — CRITICAL OVERFLOW
WT2 - Quarterly Review (Q3),ANGIE POCKLINGTON,Impact Community Services,Sponsor Residential,1.5,26,Stephanie Eatton-Johnson,Clinical Director,Unassigned,Assigned,CAPACITY CONFLICT — CRITICAL OVERFLOW
WT2 - Quarterly Review (Q4),ANGIE POCKLINGTON,Impact Community Services,Sponsor Residential,1.5,39,Latoya Smith,Clinical Director,Unassigned,Assigned,CAPACITY CONFLICT — CRITICAL OVERFLOW
WT1 - Annual ISP,BERNADETTE LUMPKINS,Impact Community Services,Sponsor Residential,3,52,Stephanie Eatton-Johnson,Clinical Director,Unassigned,Assigned (Smoothed - Wk 49),CAPACITY CONFLICT — CRITICAL OVERFLOW
WT2 - Quarterly Review (Q1),BERNADETTE LUMPKINS,Impact Community Services,Sponsor Residential,1.5,52,Ayaat Albayati,Clinical Operations Director,Unassigned,Assigned (Smoothed - Wk 49),CAPACITY CONFLICT — CRITICAL OVERFLOW
WT2 - Quarterly Review (Q2),BERNADETTE LUMPKINS,Impact Community Services,Sponsor Residential,1.5,13,Stephanie Eatton-Johnson,Clinical Director,Unassigned,Assigned,CAPACITY CONFLICT — CRITICAL OVERFLOW
WT2 - Quarterly Review (Q3),BERNADETTE LUMPKINS,Impact Community Services,Sponsor Residential,1.5,26,Ayaat Albayati,Clinical Operations Director,Unassigned,Assigned,CAPACITY CONFLICT — CRITICAL OVERFLOW
WT2 - Quarterly Review (Q4),BERNADETTE LUMPKINS,Impact Community Services,Sponsor Residential,1.5,39,Stephanie Eatton-Johnson,Clinical Director,Unassigned,Assigned,CAPACITY CONFLICT — CRITICAL OVERFLOW
WT1 - Annual ISP,Brandon Garcia,Impact Community Services,Sponsor Residential,3,52,Stephanie Eatton-Johnson,Clinical Director,Unassigned,Assigned (Smoothed - Wk 49),CAPACITY CONFLICT — CRITICAL OVERFLOW
WT2 - Quarterly Review (Q1),Brandon Garcia,Impact Community Services,Sponsor Residential,1.5,52,Latoya Smith,Clinical Director,Unassigned,Assigned (Smoothed - Wk 49),CAPACITY CONFLICT — CRITICAL OVERFLOW
WT2 - Quarterly Review (Q2),Brandon Garcia,Impact Community Services,Sponsor Residential,1.5,13,Ayaat Albayati,Clinical Operations Director,Unassigned,Assigned,CAPACITY CONFLICT — CRITICAL OVERFLOW
WT2 - Quarterly Review (Q3),Brandon Garcia,Impact Community Services,Sponsor Residential,1.5,26,Latoya Smith,Clinical Director,Unassigned,Assigned,CAPACITY CONFLICT — CRITICAL OVERFLOW
WT2 - Quarterly Review (Q4),Brandon Garcia,Impact Community Services,Sponsor Residential,1.5,39,Ayaat Albayati,Clinical Operations Director,Unassigned,Assigned,CAPACITY CONFLICT — CRITICAL OVERFLOW
WT1 - Annual ISP,CASSANDRA CASSADA,Impact Community Services,Sponsor Residential,3,48,Stephanie Eatton-Johnson,Clinical Director,Unassigned,Assigned,System Scheduled
WT2 - Quarterly Review (Q1),CASSANDRA CASSADA,Impact Community Services,Sponsor Residential,1.5,48,Mohammed,QDDP,Unassigned,Assigned,System Scheduled
WT2 - Quarterly Review (Q2),CASSANDRA CASSADA,Impact Community Services,Sponsor Residential,1.5,9,Ondrea Wilson,DDA,Unassigned,Assigned,System Scheduled
WT2 - Quarterly Review (Q3),CASSANDRA CASSADA,Impact Community Services,Sponsor Residential,1.5,22,Ondrea Wilson,DDA,Unassigned,Assigned,System Scheduled
WT2 - Quarterly Review (Q4),CASSANDRA CASSADA,Impact Community Services,Sponsor Residential,1.5,35,Ondrea Wilson,DDA,Unassigned,Assigned,System Scheduled
WT1 - Annual ISP,Jarin Robertson,Impact Community Services,Sponsor Residential,3,52,Stephanie Eatton-Johnson,Clinical Director,Unassigned,Assigned (Smoothed - Wk 49),CAPACITY CONFLICT — CRITICAL OVERFLOW
WT2 - Quarterly Review (Q1),Jarin Robertson,Impact Community Services,Sponsor Residential,1.5,52,Ayaat Albayati,Clinical Operations Director,Unassigned,Assigned (Smoothed - Wk 49),CAPACITY CONFLICT — CRITICAL OVERFLOW
WT2 - Quarterly Review (Q2),Jarin Robertson,Impact Community Services,Sponsor Residential,1.5,13,Latoya Smith,Clinical Director,Unassigned,Assigned,CAPACITY CONFLICT — CRITICAL OVERFLOW
WT2 - Quarterly Review (Q3),Jarin Robertson,Impact Community Services,Sponsor Residential,1.5,26,Stephanie Eatton-Johnson,Clinical Director,Unassigned,Assigned,CAPACITY CONFLICT — CRITICAL OVERFLOW
WT2 - Quarterly Review (Q4),Jarin Robertson,Impact Community Services,Sponsor Residential,1.5,39,Latoya Smith,Clinical Director,Unassigned,Assigned,CAPACITY CONFLICT — CRITICAL OVERFLOW
WT1 - Annual ISP,JAVA BERROW,Impact Community Services,Sponsor Residential,3,52,Stephanie Eatton-Johnson,Clinical Director,Unassigned,Assigned (Smoothed - Wk 49),CAPACITY CONFLICT — CRITICAL OVERFLOW
WT2 - Quarterly Review (Q1),JAVA BERROW,Impact Community Services,Sponsor Residential,1.5,52,Latoya Smith,Clinical Director,Unassigned,Assigned (Smoothed - Wk 49),CAPACITY CONFLICT — CRITICAL OVERFLOW
WT2 - Quarterly Review (Q2),JAVA BERROW,Impact Community Services,Sponsor Residential,1.5,13,Stephanie Eatton-Johnson,Clinical Director,Unassigned,Assigned,CAPACITY CONFLICT — CRITICAL OVERFLOW
WT2 - Quarterly Review (Q3),JAVA BERROW,Impact Community Services,Sponsor Residential,1.5,26,Ayaat Albayati,Clinical Operations Director,Unassigned,Assigned,CAPACITY CONFLICT — CRITICAL OVERFLOW
WT2 - Quarterly Review (Q4),JAVA BERROW,Impact Community Services,Sponsor Residential,1.5,39,Stephanie Eatton-Johnson,Clinical Director,Unassigned,Assigned,CAPACITY CONFLICT — CRITICAL OVERFLOW
WT1 - Annual ISP,JEFFREY GREENE,Impact Community Services,Sponsor Residential,3,43,Stephanie Eatton-Johnson,Clinical Director,Unassigned,Assigned,System Scheduled
WT2 - Quarterly Review (Q1),JEFFREY GREENE,Impact Community Services,Sponsor Residential,1.5,43,Ashley Shilo,DDA,Unassigned,Assigned,System Scheduled
WT2 - Quarterly Review (Q2),JEFFREY GREENE,Impact Community Services,Sponsor Residential,1.5,4,Mohammed,QDDP,Unassigned,Assigned,System Scheduled
WT2 - Quarterly Review (Q3),JEFFREY GREENE,Impact Community Services,Sponsor Residential,1.5,17,Mohammed,QDDP,Unassigned,Assigned,System Scheduled
WT2 - Quarterly Review (Q4),JEFFREY GREENE,Impact Community Services,Sponsor Residential,1.5,30,Ashley Shilo,DDA,Unassigned,Assigned,System Scheduled
WT1 - Annual ISP,Katherine Kurz,Impact Community Services,Sponsor Residential,3,52,Stephanie Eatton-Johnson,Clinical Director,Unassigned,Assigned (Smoothed - Wk 49),CAPACITY CONFLICT — CRITICAL OVERFLOW
WT2 - Quarterly Review (Q1),Katherine Kurz,Impact Community Services,Sponsor Residential,1.5,52,Ayaat Albayati,Clinical Operations Director,Unassigned,Assigned (Smoothed - Wk 49),CAPACITY CONFLICT — CRITICAL OVERFLOW
WT2 - Quarterly Review (Q2),Katherine Kurz,Impact Community Services,Sponsor Residential,1.5,13,Ayaat Albayati,Clinical Operations Director,Unassigned,Assigned,CAPACITY CONFLICT — CRITICAL OVERFLOW
WT2 - Quarterly Review (Q3),Katherine Kurz,Impact Community Services,Sponsor Residential,1.5,26,Latoya Smith,Clinical Director,Unassigned,Assigned,CAPACITY CONFLICT — CRITICAL OVERFLOW
WT2 - Quarterly Review (Q4),Katherine Kurz,Impact Community Services,Sponsor Residential,1.5,39,Ayaat Albayati,Clinical Operations Director,Unassigned,Assigned,CAPACITY CONFLICT — CRITICAL OVERFLOW
WT1 - Annual ISP,KEEVA BROOKS,Impact Community Services,Sponsor Residential,3,52,Stephanie Eatton-Johnson,Clinical Director,Unassigned,Assigned (Smoothed - Wk 49),CAPACITY CONFLICT — CRITICAL OVERFLOW
WT2 - Quarterly Review (Q1),KEEVA BROOKS,Impact Community Services,Sponsor Residential,1.5,52,Latoya Smith,Clinical Director,Unassigned,Assigned (Smoothed - Wk 49),CAPACITY CONFLICT — CRITICAL OVERFLOW
WT2 - Quarterly Review (Q2),KEEVA BROOKS,Impact Community Services,Sponsor Residential,1.5,13,Latoya Smith,Clinical Director,Unassigned,Assigned,CAPACITY CONFLICT — CRITICAL OVERFLOW
WT2 - Quarterly Review (Q3),KEEVA BROOKS,Impact Community Services,Sponsor Residential,1.5,26,Stephanie Eatton-Johnson,Clinical Director,Unassigned,Assigned,CAPACITY CONFLICT — CRITICAL OVERFLOW
WT2 - Quarterly Review (Q4),KEEVA BROOKS,Impact Community Services,Sponsor Residential,1.5,39,Latoya Smith,Clinical Director,Unassigned,Assigned,CAPACITY CONFLICT — CRITICAL OVERFLOW
WT1 - Annual ISP,MARLON LAYNE,Impact Community Services,Sponsor Residential,3,52,Stephanie Eatton-Johnson,Clinical Director,Unassigned,Assigned (Smoothed - Wk 49),CAPACITY CONFLICT — CRITICAL OVERFLOW
WT2 - Quarterly Review (Q1),MARLON LAYNE,Impact Community Services,Sponsor Residential,1.5,52,Ayaat Albayati,Clinical Operations Director,Unassigned,Assigned (Smoothed - Wk 49),CAPACITY CONFLICT — CRITICAL OVERFLOW
WT2 - Quarterly Review (Q2),MARLON LAYNE,Impact Community Services,Sponsor Residential,1.5,13,Stephanie Eatton-Johnson,Clinical Director,Unassigned,Assigned,CAPACITY CONFLICT — CRITICAL OVERFLOW
WT2 - Quarterly Review (Q3),MARLON LAYNE,Impact Community Services,Sponsor Residential,1.5,26,Ayaat Albayati,Clinical Operations Director,Unassigned,Assigned,CAPACITY CONFLICT — CRITICAL OVERFLOW
WT2 - Quarterly Review (Q4),MARLON LAYNE,Impact Community Services,Sponsor Residential,1.5,39,Stephanie Eatton-Johnson,Clinical Director,Unassigned,Assigned,CAPACITY CONFLICT — CRITICAL OVERFLOW
WT1 - Annual ISP,SARAH WALKER,Impact Community Services,Sponsor Residential,3,52,Stephanie Eatton-Johnson,Clinical Director,Unassigned,Assigned (Smoothed - Wk 49),CAPACITY CONFLICT — CRITICAL OVERFLOW
WT2 - Quarterly Review (Q1),SARAH WALKER,Impact Community Services,Sponsor Residential,1.5,52,Latoya Smith,Clinical Director,Unassigned,Assigned (Smoothed - Wk 49),CAPACITY CONFLICT — CRITICAL OVERFLOW
WT2 - Quarterly Review (Q2),SARAH WALKER,Impact Community Services,Sponsor Residential,1.5,13,Ayaat Albayati,Clinical Operations Director,Unassigned,Assigned,CAPACITY CONFLICT — CRITICAL OVERFLOW
WT2 - Quarterly Review (Q3),SARAH WALKER,Impact Community Services,Sponsor Residential,1.5,26,Latoya Smith,Clinical Director,Unassigned,Assigned,CAPACITY CONFLICT — CRITICAL OVERFLOW
WT2 - Quarterly Review (Q4),SARAH WALKER,Impact Community Services,Sponsor Residential,1.5,39,Ayaat Albayati,Clinical Operations Director,Unassigned,Assigned,CAPACITY CONFLICT — CRITICAL OVERFLOW
WT1 - Annual ISP,Brannen Jarrett,In His Hands,Respite,3,52,Ayaat Albayati,Clinical Operations Director,Unassigned,Assigned (Smoothed - Wk 49),CAPACITY CONFLICT — CRITICAL OVERFLOW
WT2 - Quarterly Review (Q1),Brannen Jarrett,In His Hands,Respite,1.5,52,Latoya Smith,Clinical Director,Unassigned,Assigned (Smoothed - Wk 49),CAPACITY CONFLICT — CRITICAL OVERFLOW
WT2 - Quarterly Review (Q2),Brannen Jarrett,In His Hands,Respite,1.5,13,Latoya Smith,Clinical Director,Unassigned,Assigned,CAPACITY CONFLICT — CRITICAL OVERFLOW
WT2 - Quarterly Review (Q3),Brannen Jarrett,In His Hands,Respite,1.5,26,Stephanie Eatton-Johnson,Clinical Director,Unassigned,Assigned,CAPACITY CONFLICT — CRITICAL OVERFLOW
WT2 - Quarterly Review (Q4),Brannen Jarrett,In His Hands,Respite,1.5,39,Latoya Smith,Clinical Director,Unassigned,Assigned,CAPACITY CONFLICT — CRITICAL OVERFLOW
WT1 - Annual ISP,Brannen Jarrett,In His Hands,Supportive In-Home,3,52,Latoya Smith,Clinical Director,Unassigned,Assigned (Smoothed - Wk 49),CAPACITY CONFLICT — CRITICAL OVERFLOW
WT2 - Quarterly Review (Q1),Brannen Jarrett,In His Hands,Supportive In-Home,1.5,52,Ayaat Albayati,Clinical Operations Director,Unassigned,Assigned (Smoothed - Wk 49),CAPACITY CONFLICT — CRITICAL OVERFLOW
WT2 - Quarterly Review (Q2),Brannen Jarrett,In His Hands,Supportive In-Home,1.5,13,Stephanie Eatton-Johnson,Clinical Director,Unassigned,Assigned,CAPACITY CONFLICT — CRITICAL OVERFLOW
WT2 - Quarterly Review (Q3),Brannen Jarrett,In His Hands,Supportive In-Home,1.5,26,Ayaat Albayati,Clinical Operations Director,Unassigned,Assigned,CAPACITY CONFLICT — CRITICAL OVERFLOW
WT2 - Quarterly Review (Q4),Brannen Jarrett,In His Hands,Supportive In-Home,1.5,39,Stephanie Eatton-Johnson,Clinical Director,Unassigned,Assigned,CAPACITY CONFLICT — CRITICAL OVERFLOW
WT1 - Annual ISP,DAVID BAILEY,In His Hands,Supportive In-Home,3,52,Ayaat Albayati,Clinical Operations Director,Unassigned,Assigned (Smoothed - Wk 49),CAPACITY CONFLICT — CRITICAL OVERFLOW
WT2 - Quarterly Review (Q1),DAVID BAILEY,In His Hands,Supportive In-Home,1.5,52,Latoya Smith,Clinical Director,Unassigned,Assigned (Smoothed - Wk 49),CAPACITY CONFLICT — CRITICAL OVERFLOW
WT2 - Quarterly Review (Q2),DAVID BAILEY,In His Hands,Supportive In-Home,1.5,13,Ayaat Albayati,Clinical Operations Director,Unassigned,Assigned,CAPACITY CONFLICT — CRITICAL OVERFLOW
WT2 - Quarterly Review (Q3),DAVID BAILEY,In His Hands,Supportive In-Home,1.5,26,Latoya Smith,Clinical Director,Unassigned,Assigned,CAPACITY CONFLICT — CRITICAL OVERFLOW
WT2 - Quarterly Review (Q4),DAVID BAILEY,In His Hands,Supportive In-Home,1.5,39,Ayaat Albayati,Clinical Operations Director,Unassigned,Assigned,CAPACITY CONFLICT — CRITICAL OVERFLOW
WT1 - Annual ISP,Jasmine Joyner,In His Hands,Supportive In-Home,3,39,Latoya Smith,Clinical Director,Unassigned,Assigned,CAPACITY CONFLICT — CRITICAL OVERFLOW
WT2 - Quarterly Review (Q1),Jasmine Joyner,In His Hands,Supportive In-Home,1.5,39,Stephanie Eatton-Johnson,Clinical Director,Unassigned,Assigned,CAPACITY CONFLICT — CRITICAL OVERFLOW
WT2 - Quarterly Review (Q2),Jasmine Joyner,In His Hands,Supportive In-Home,1.5,52,Latoya Smith,Clinical Director,Unassigned,Assigned (Smoothed - Wk 49),CAPACITY CONFLICT — CRITICAL OVERFLOW
WT2 - Quarterly Review (Q3),Jasmine Joyner,In His Hands,Supportive In-Home,1.5,13,Latoya Smith,Clinical Director,Unassigned,Assigned,CAPACITY CONFLICT — CRITICAL OVERFLOW
WT2 - Quarterly Review (Q4),Jasmine Joyner,In His Hands,Supportive In-Home,1.5,26,Stephanie Eatton-Johnson,Clinical Director,Unassigned,Assigned,CAPACITY CONFLICT — CRITICAL OVERFLOW
WT1 - Annual ISP,MITCHELL BASDEO,In His Hands,Supportive In-Home,3,43,Ondrea Wilson,DDA,Unassigned,Assigned,System Scheduled
WT2 - Quarterly Review (Q1),MITCHELL BASDEO,In His Hands,Supportive In-Home,1.5,43,Mohammed,QDDP,Unassigned,Assigned,System Scheduled
WT2 - Quarterly Review (Q2),MITCHELL BASDEO,In His Hands,Supportive In-Home,1.5,4,Kristin Williams,DDS 2,Unassigned,Assigned,System Scheduled
WT2 - Quarterly Review (Q3),MITCHELL BASDEO,In His Hands,Supportive In-Home,1.5,17,Kristin Williams,DDS 2,Unassigned,Assigned,System Scheduled
WT2 - Quarterly Review (Q4),MITCHELL BASDEO,In His Hands,Supportive In-Home,1.5,30,Ondrea Wilson,DDA,Unassigned,Assigned,System Scheduled
WT1 - Annual ISP,Tamara Liles,In His Hands,Supportive In-Home,3,52,Ayaat Albayati,Clinical Operations Director,Unassigned,Assigned (Smoothed - Wk 49),CAPACITY CONFLICT — CRITICAL OVERFLOW
WT2 - Quarterly Review (Q1),Tamara Liles,In His Hands,Supportive In-Home,1.5,52,Latoya Smith,Clinical Director,Unassigned,Assigned (Smoothed - Wk 49),CAPACITY CONFLICT — CRITICAL OVERFLOW
WT2 - Quarterly Review (Q2),Tamara Liles,In His Hands,Supportive In-Home,1.5,13,Stephanie Eatton-Johnson,Clinical Director,Unassigned,Assigned,CAPACITY CONFLICT — CRITICAL OVERFLOW
WT2 - Quarterly Review (Q3),Tamara Liles,In His Hands,Supportive In-Home,1.5,26,Ayaat Albayati,Clinical Operations Director,Unassigned,Assigned,CAPACITY CONFLICT — CRITICAL OVERFLOW
WT2 - Quarterly Review (Q4),Tamara Liles,In His Hands,Supportive In-Home,1.5,39,Ayaat Albayati,Clinical Operations Director,Unassigned,Assigned,CAPACITY CONFLICT — CRITICAL OVERFLOW
WT1 - Annual ISP,Tyee Drummond,In His Hands,Supportive In-Home,3,52,Latoya Smith,Clinical Director,Unassigned,Assigned (Smoothed - Wk 49),CAPACITY CONFLICT — CRITICAL OVERFLOW
WT2 - Quarterly Review (Q1),Tyee Drummond,In His Hands,Supportive In-Home,1.5,52,Ayaat Albayati,Clinical Operations Director,Unassigned,Assigned (Smoothed - Wk 49),CAPACITY CONFLICT — CRITICAL OVERFLOW
WT2 - Quarterly Review (Q2),Tyee Drummond,In His Hands,Supportive In-Home,1.5,13,Ayaat Albayati,Clinical Operations Director,Unassigned,Assigned,CAPACITY CONFLICT — CRITICAL OVERFLOW
WT2 - Quarterly Review (Q3),Tyee Drummond,In His Hands,Supportive In-Home,1.5,26,Latoya Smith,Clinical Director,Unassigned,Assigned,CAPACITY CONFLICT — CRITICAL OVERFLOW
WT2 - Quarterly Review (Q4),Tyee Drummond,In His Hands,Supportive In-Home,1.5,39,Stephanie Eatton-Johnson,Clinical Director,Unassigned,Assigned,CAPACITY CONFLICT — CRITICAL OVERFLOW
WT1 - Annual ISP,Viktoria Gatling,In His Hands,Supportive In-Home,3,52,Ayaat Albayati,Clinical Operations Director,Unassigned,Assigned (Smoothed - Wk 49),CAPACITY CONFLICT — CRITICAL OVERFLOW
WT2 - Quarterly Review (Q1),Viktoria Gatling,In His Hands,Supportive In-Home,1.5,52,Latoya Smith,Clinical Director,Unassigned,Assigned (Smoothed - Wk 49),CAPACITY CONFLICT — CRITICAL OVERFLOW
WT2 - Quarterly Review (Q2),Viktoria Gatling,In His Hands,Supportive In-Home,1.5,13,Latoya Smith,Clinical Director,Unassigned,Assigned,CAPACITY CONFLICT — CRITICAL OVERFLOW
WT2 - Quarterly Review (Q3),Viktoria Gatling,In His Hands,Supportive In-Home,1.5,26,Stephanie Eatton-Johnson,Clinical Director,Unassigned,Assigned,CAPACITY CONFLICT — CRITICAL OVERFLOW
WT2 - Quarterly Review (Q4),Viktoria Gatling,In His Hands,Supportive In-Home,1.5,39,Ayaat Albayati,Clinical Operations Director,Unassigned,Assigned,CAPACITY CONFLICT — CRITICAL OVERFLOW
WT1 - Annual ISP,ALEXSIA RICKS,Inclusive Living Solutions,Sponsor Residential,3,45,Jerry Burton,DDS 1,Unassigned,Assigned,System Scheduled
WT2 - Quarterly Review (Q1),ALEXSIA RICKS,Inclusive Living Solutions,Sponsor Residential,1.5,45,Mohammed,QDDP,Unassigned,Assigned,System Scheduled
WT2 - Quarterly Review (Q2),ALEXSIA RICKS,Inclusive Living Solutions,Sponsor Residential,1.5,6,Shalette Shaw,DDS 2,Unassigned,Assigned,System Scheduled
WT2 - Quarterly Review (Q3),ALEXSIA RICKS,Inclusive Living Solutions,Sponsor Residential,1.5,19,Shalette Shaw,DDS 2,Unassigned,Assigned,System Scheduled
WT2 - Quarterly Review (Q4),ALEXSIA RICKS,Inclusive Living Solutions,Sponsor Residential,1.5,32,Shalette Shaw,DDS 2,Unassigned,Assigned,System Scheduled
WT1 - Annual ISP,Raven Tanner,Inclusive Living Solutions,Sponsor Residential,3,34,Ashley Shilo,DDA,Unassigned,Assigned,System Scheduled
WT2 - Quarterly Review (Q1),Raven Tanner,Inclusive Living Solutions,Sponsor Residential,1.5,34,Ondrea Wilson,DDA,Unassigned,Assigned,System Scheduled
WT2 - Quarterly Review (Q2),Raven Tanner,Inclusive Living Solutions,Sponsor Residential,1.5,47,Ashley Shilo,DDA,Unassigned,Assigned,System Scheduled
WT2 - Quarterly Review (Q3),Raven Tanner,Inclusive Living Solutions,Sponsor Residential,1.5,8,Ashley Shilo,DDA,Unassigned,Assigned,System Scheduled
WT2 - Quarterly Review (Q4),Raven Tanner,Inclusive Living Solutions,Sponsor Residential,1.5,21,Ashley Shilo,DDA,Unassigned,Assigned,System Scheduled
WT1 - Annual ISP,Amanda Jacobs,Infinity Care,Supportive In-Home,3,52,Latoya Smith,Clinical Director,Unassigned,Assigned (Smoothed - Wk 49),CAPACITY CONFLICT — CRITICAL OVERFLOW
WT2 - Quarterly Review (Q1),Amanda Jacobs,Infinity Care,Supportive In-Home,1.5,52,Ayaat Albayati,Clinical Operations Director,Unassigned,Assigned (Smoothed - Wk 49),CAPACITY CONFLICT — CRITICAL OVERFLOW
WT2 - Quarterly Review (Q2),Amanda Jacobs,Infinity Care,Supportive In-Home,1.5,13,Stephanie Eatton-Johnson,Clinical Director,Unassigned,Assigned,CAPACITY CONFLICT — CRITICAL OVERFLOW
WT2 - Quarterly Review (Q3),Amanda Jacobs,Infinity Care,Supportive In-Home,1.5,26,Ayaat Albayati,Clinical Operations Director,Unassigned,Assigned,CAPACITY CONFLICT — CRITICAL OVERFLOW
WT2 - Quarterly Review (Q4),Amanda Jacobs,Infinity Care,Supportive In-Home,1.5,39,Latoya Smith,Clinical Director,Unassigned,Assigned,CAPACITY CONFLICT — CRITICAL OVERFLOW
WT1 - Annual ISP,Arbaaz Jaya,Infinity Care,Supportive In-Home,3,52,Ayaat Albayati,Clinical Operations Director,Unassigned,Assigned (Smoothed - Wk 49),CAPACITY CONFLICT — CRITICAL OVERFLOW
WT2 - Quarterly Review (Q1),Arbaaz Jaya,Infinity Care,Supportive In-Home,1.5,52,Latoya Smith,Clinical Director,Unassigned,Assigned (Smoothed - Wk 49),CAPACITY CONFLICT — CRITICAL OVERFLOW
WT2 - Quarterly Review (Q2),Arbaaz Jaya,Infinity Care,Supportive In-Home,1.5,13,Ayaat Albayati,Clinical Operations Director,Unassigned,Assigned,CAPACITY CONFLICT — CRITICAL OVERFLOW
WT2 - Quarterly Review (Q3),Arbaaz Jaya,Infinity Care,Supportive In-Home,1.5,26,Latoya Smith,Clinical Director,Unassigned,Assigned,CAPACITY CONFLICT — CRITICAL OVERFLOW
WT2 - Quarterly Review (Q4),Arbaaz Jaya,Infinity Care,Supportive In-Home,1.5,39,Stephanie Eatton-Johnson,Clinical Director,Unassigned,Assigned,CAPACITY CONFLICT — CRITICAL OVERFLOW
WT1 - Annual ISP,Charles Sabatos,Infinity Care,Supportive In-Home,3,52,Latoya Smith,Clinical Director,Unassigned,Assigned (Smoothed - Wk 49),CAPACITY CONFLICT — CRITICAL OVERFLOW
WT2 - Quarterly Review (Q1),Charles Sabatos,Infinity Care,Supportive In-Home,1.5,52,Ayaat Albayati,Clinical Operations Director,Unassigned,Assigned (Smoothed - Wk 49),CAPACITY CONFLICT — CRITICAL OVERFLOW
WT2 - Quarterly Review (Q2),Charles Sabatos,Infinity Care,Supportive In-Home,1.5,13,Latoya Smith,Clinical Director,Unassigned,Assigned,CAPACITY CONFLICT — CRITICAL OVERFLOW
WT2 - Quarterly Review (Q3),Charles Sabatos,Infinity Care,Supportive In-Home,1.5,26,Stephanie Eatton-Johnson,Clinical Director,Unassigned,Assigned,CAPACITY CONFLICT — CRITICAL OVERFLOW
WT2 - Quarterly Review (Q4),Charles Sabatos,Infinity Care,Supportive In-Home,1.5,39,Ayaat Albayati,Clinical Operations Director,Unassigned,Assigned,CAPACITY CONFLICT — CRITICAL OVERFLOW
WT1 - Annual ISP,Christopher Boehm,Infinity Care,Supportive In-Home,3,52,Stephanie Eatton-Johnson,Clinical Director,Unassigned,Assigned (Smoothed - Wk 49),CAPACITY CONFLICT — CRITICAL OVERFLOW
WT2 - Quarterly Review (Q1),Christopher Boehm,Infinity Care,Supportive In-Home,1.5,52,Ayaat Albayati,Clinical Operations Director,Unassigned,Assigned (Smoothed - Wk 49),CAPACITY CONFLICT — CRITICAL OVERFLOW
WT2 - Quarterly Review (Q2),Christopher Boehm,Infinity Care,Supportive In-Home,1.5,13,Stephanie Eatton-Johnson,Clinical Director,Unassigned,Assigned,CAPACITY CONFLICT — CRITICAL OVERFLOW
WT2 - Quarterly Review (Q3),Christopher Boehm,Infinity Care,Supportive In-Home,1.5,26,Ayaat Albayati,Clinical Operations Director,Unassigned,Assigned,CAPACITY CONFLICT — CRITICAL OVERFLOW
WT2 - Quarterly Review (Q4),Christopher Boehm,Infinity Care,Supportive In-Home,1.5,39,Latoya Smith,Clinical Director,Unassigned,Assigned,CAPACITY CONFLICT — CRITICAL OVERFLOW
WT1 - Annual ISP,Conrad Day,Infinity Care,Supportive In-Home,3,39,Stephanie Eatton-Johnson,Clinical Director,Unassigned,Assigned,CAPACITY CONFLICT — CRITICAL OVERFLOW
WT2 - Quarterly Review (Q1),Conrad Day,Infinity Care,Supportive In-Home,1.5,39,Ayaat Albayati,Clinical Operations Director,Unassigned,Assigned,CAPACITY CONFLICT — CRITICAL OVERFLOW
WT2 - Quarterly Review (Q2),Conrad Day,Infinity Care,Supportive In-Home,1.5,52,Latoya Smith,Clinical Director,Unassigned,Assigned (Smoothed - Wk 49),CAPACITY CONFLICT — CRITICAL OVERFLOW
WT2 - Quarterly Review (Q3),Conrad Day,Infinity Care,Supportive In-Home,1.5,13,Ayaat Albayati,Clinical Operations Director,Unassigned,Assigned,CAPACITY CONFLICT — CRITICAL OVERFLOW
WT2 - Quarterly Review (Q4),Conrad Day,Infinity Care,Supportive In-Home,1.5,26,Latoya Smith,Clinical Director,Unassigned,Assigned,CAPACITY CONFLICT — CRITICAL OVERFLOW
WT1 - Annual ISP,DANIEL GULYN,Infinity Care,Supportive In-Home,3,52,Ayaat Albayati,Clinical Operations Director,Unassigned,Assigned (Smoothed - Wk 49),CAPACITY CONFLICT — CRITICAL OVERFLOW
WT2 - Quarterly Review (Q1),DANIEL GULYN,Infinity Care,Supportive In-Home,1.5,52,Latoya Smith,Clinical Director,Unassigned,Assigned (Smoothed - Wk 49),CAPACITY CONFLICT — CRITICAL OVERFLOW
WT2 - Quarterly Review (Q2),DANIEL GULYN,Infinity Care,Supportive In-Home,1.5,13,Latoya Smith,Clinical Director,Unassigned,Assigned,CAPACITY CONFLICT — CRITICAL OVERFLOW
WT2 - Quarterly Review (Q3),DANIEL GULYN,Infinity Care,Supportive In-Home,1.5,26,Stephanie Eatton-Johnson,Clinical Director,Unassigned,Assigned,CAPACITY CONFLICT — CRITICAL OVERFLOW
WT2 - Quarterly Review (Q4),DANIEL GULYN,Infinity Care,Supportive In-Home,1.5,39,Latoya Smith,Clinical Director,Unassigned,Assigned,CAPACITY CONFLICT — CRITICAL OVERFLOW
WT1 - Annual ISP,Diego Sandoval Gutierrez,Infinity Care,Supportive In-Home,3,43,Kristin Williams,DDS 2,Unassigned,Assigned,System Scheduled
WT2 - Quarterly Review (Q1),Diego Sandoval Gutierrez,Infinity Care,Supportive In-Home,1.5,43,Ashley Shilo,DDA,Unassigned,Assigned,System Scheduled
WT2 - Quarterly Review (Q2),Diego Sandoval Gutierrez,Infinity Care,Supportive In-Home,1.5,4,Ashley Shilo,DDA,Unassigned,Assigned,System Scheduled
WT2 - Quarterly Review (Q3),Diego Sandoval Gutierrez,Infinity Care,Supportive In-Home,1.5,17,Ashley Shilo,DDA,Unassigned,Assigned,System Scheduled
WT2 - Quarterly Review (Q4),Diego Sandoval Gutierrez,Infinity Care,Supportive In-Home,1.5,30,Shalette Shaw,DDS 2,Unassigned,Assigned,System Scheduled
WT1 - Annual ISP,EDWARD CHARLES,Infinity Care,Supportive In-Home,3,52,Stephanie Eatton-Johnson,Clinical Director,Unassigned,Assigned (Smoothed - Wk 49),CAPACITY CONFLICT — CRITICAL OVERFLOW
WT2 - Quarterly Review (Q1),EDWARD CHARLES,Infinity Care,Supportive In-Home,1.5,52,Latoya Smith,Clinical Director,Unassigned,Assigned (Smoothed - Wk 49),CAPACITY CONFLICT — CRITICAL OVERFLOW
WT2 - Quarterly Review (Q2),EDWARD CHARLES,Infinity Care,Supportive In-Home,1.5,13,Stephanie Eatton-Johnson,Clinical Director,Unassigned,Assigned,CAPACITY CONFLICT — CRITICAL OVERFLOW
WT2 - Quarterly Review (Q3),EDWARD CHARLES,Infinity Care,Supportive In-Home,1.5,26,Ayaat Albayati,Clinical Operations Director,Unassigned,Assigned,CAPACITY CONFLICT — CRITICAL OVERFLOW
WT2 - Quarterly Review (Q4),EDWARD CHARLES,Infinity Care,Supportive In-Home,1.5,39,Ayaat Albayati,Clinical Operations Director,Unassigned,Assigned,CAPACITY CONFLICT — CRITICAL OVERFLOW
WT1 - Annual ISP,Fernando Montano,Infinity Care,Supportive In-Home,3,48,Kristin Williams,DDS 2,Unassigned,Assigned,System Scheduled
WT2 - Quarterly Review (Q1),Fernando Montano,Infinity Care,Supportive In-Home,1.5,48,Ashley Shilo,DDA,Unassigned,Assigned,System Scheduled
WT2 - Quarterly Review (Q2),Fernando Montano,Infinity Care,Supportive In-Home,1.5,9,Shalette Shaw,DDS 2,Unassigned,Assigned,System Scheduled
WT2 - Quarterly Review (Q3),Fernando Montano,Infinity Care,Supportive In-Home,1.5,22,Shalette Shaw,DDS 2,Unassigned,Assigned,System Scheduled
WT2 - Quarterly Review (Q4),Fernando Montano,Infinity Care,Supportive In-Home,1.5,35,Kristin Williams,DDS 2,Unassigned,Assigned,System Scheduled
WT1 - Annual ISP,Jaeden Jones,Infinity Care,Supportive In-Home,3,52,Ayaat Albayati,Clinical Operations Director,Unassigned,Assigned (Smoothed - Wk 49),CAPACITY CONFLICT — CRITICAL OVERFLOW
WT2 - Quarterly Review (Q1),Jaeden Jones,Infinity Care,Supportive In-Home,1.5,52,Latoya Smith,Clinical Director,Unassigned,Assigned (Smoothed - Wk 49),CAPACITY CONFLICT — CRITICAL OVERFLOW
WT2 - Quarterly Review (Q2),Jaeden Jones,Infinity Care,Supportive In-Home,1.5,13,Ayaat Albayati,Clinical Operations Director,Unassigned,Assigned,CAPACITY CONFLICT — CRITICAL OVERFLOW
WT2 - Quarterly Review (Q3),Jaeden Jones,Infinity Care,Supportive In-Home,1.5,26,Latoya Smith,Clinical Director,Unassigned,Assigned,CAPACITY CONFLICT — CRITICAL OVERFLOW
WT2 - Quarterly Review (Q4),Jaeden Jones,Infinity Care,Supportive In-Home,1.5,39,Latoya Smith,Clinical Director,Unassigned,Assigned,CAPACITY CONFLICT — CRITICAL OVERFLOW
WT1 - Annual ISP,Jalen Sawyers,Infinity Care,Supportive In-Home,3,52,Stephanie Eatton-Johnson,Clinical Director,Unassigned,Assigned (Smoothed - Wk 49),CAPACITY CONFLICT — CRITICAL OVERFLOW
WT2 - Quarterly Review (Q1),Jalen Sawyers,Infinity Care,Supportive In-Home,1.5,52,Latoya Smith,Clinical Director,Unassigned,Assigned (Smoothed - Wk 49),CAPACITY CONFLICT — CRITICAL OVERFLOW
WT2 - Quarterly Review (Q2),Jalen Sawyers,Infinity Care,Supportive In-Home,1.5,13,Latoya Smith,Clinical Director,Unassigned,Assigned,CAPACITY CONFLICT — CRITICAL OVERFLOW
WT2 - Quarterly Review (Q3),Jalen Sawyers,Infinity Care,Supportive In-Home,1.5,26,Stephanie Eatton-Johnson,Clinical Director,Unassigned,Assigned,CAPACITY CONFLICT — CRITICAL OVERFLOW
WT2 - Quarterly Review (Q4),Jalen Sawyers,Infinity Care,Supportive In-Home,1.5,39,Stephanie Eatton-Johnson,Clinical Director,Unassigned,Assigned,CAPACITY CONFLICT — CRITICAL OVERFLOW
WT1 - Annual ISP,Jonathan Garcia,Infinity Care,Supportive In-Home,3,43,Shalette Shaw,DDS 2,Unassigned,Assigned,System Scheduled
WT2 - Quarterly Review (Q1),Jonathan Garcia,Infinity Care,Supportive In-Home,1.5,43,Jerry Burton,DDS 1,Unassigned,Assigned,System Scheduled
WT2 - Quarterly Review (Q2),Jonathan Garcia,Infinity Care,Supportive In-Home,1.5,4,Ondrea Wilson,DDA,Unassigned,Assigned,System Scheduled
WT2 - Quarterly Review (Q3),Jonathan Garcia,Infinity Care,Supportive In-Home,1.5,17,Ondrea Wilson,DDA,Unassigned,Assigned,System Scheduled
WT2 - Quarterly Review (Q4),Jonathan Garcia,Infinity Care,Supportive In-Home,1.5,30,Mohammed,QDDP,Unassigned,Assigned,System Scheduled
WT1 - Annual ISP,Lila Carpenter,Infinity Care,Supportive In-Home,3,52,Ayaat Albayati,Clinical Operations Director,Unassigned,Assigned (Smoothed - Wk 49),CAPACITY CONFLICT — CRITICAL OVERFLOW
WT2 - Quarterly Review (Q1),Lila Carpenter,Infinity Care,Supportive In-Home,1.5,52,Latoya Smith,Clinical Director,Unassigned,Assigned (Smoothed - Wk 49),CAPACITY CONFLICT — CRITICAL OVERFLOW
WT2 - Quarterly Review (Q2),Lila Carpenter,Infinity Care,Supportive In-Home,1.5,13,Stephanie Eatton-Johnson,Clinical Director,Unassigned,Assigned,CAPACITY CONFLICT — CRITICAL OVERFLOW
WT2 - Quarterly Review (Q3),Lila Carpenter,Infinity Care,Supportive In-Home,1.5,26,Ayaat Albayati,Clinical Operations Director,Unassigned,Assigned,CAPACITY CONFLICT — CRITICAL OVERFLOW
WT2 - Quarterly Review (Q4),Lila Carpenter,Infinity Care,Supportive In-Home,1.5,39,Ayaat Albayati,Clinical Operations Director,Unassigned,Assigned,CAPACITY CONFLICT — CRITICAL OVERFLOW
WT1 - Annual ISP,Michael Schweppe,Infinity Care,Supportive In-Home,3,52,Stephanie Eatton-Johnson,Clinical Director,Unassigned,Assigned (Smoothed - Wk 49),CAPACITY CONFLICT — CRITICAL OVERFLOW
WT2 - Quarterly Review (Q1),Michael Schweppe,Infinity Care,Supportive In-Home,1.5,52,Latoya Smith,Clinical Director,Unassigned,Assigned (Smoothed - Wk 49),CAPACITY CONFLICT — CRITICAL OVERFLOW
WT2 - Quarterly Review (Q2),Michael Schweppe,Infinity Care,Supportive In-Home,1.5,13,Ayaat Albayati,Clinical Operations Director,Unassigned,Assigned,CAPACITY CONFLICT — CRITICAL OVERFLOW
WT2 - Quarterly Review (Q3),Michael Schweppe,Infinity Care,Supportive In-Home,1.5,26,Latoya Smith,Clinical Director,Unassigned,Assigned,CAPACITY CONFLICT — CRITICAL OVERFLOW
WT2 - Quarterly Review (Q4),Michael Schweppe,Infinity Care,Supportive In-Home,1.5,39,Latoya Smith,Clinical Director,Unassigned,Assigned,CAPACITY CONFLICT — CRITICAL OVERFLOW
WT1 - Annual ISP,Mihran Miller,Infinity Care,Supportive In-Home,3,39,Stephanie Eatton-Johnson,Clinical Director,Unassigned,Assigned,CAPACITY CONFLICT — CRITICAL OVERFLOW
WT2 - Quarterly Review (Q1),Mihran Miller,Infinity Care,Supportive In-Home,1.5,39,Ayaat Albayati,Clinical Operations Director,Unassigned,Assigned,CAPACITY CONFLICT — CRITICAL OVERFLOW
WT2 - Quarterly Review (Q2),Mihran Miller,Infinity Care,Supportive In-Home,1.5,52,Ayaat Albayati,Clinical Operations Director,Unassigned,Assigned (Smoothed - Wk 49),CAPACITY CONFLICT — CRITICAL OVERFLOW
WT2 - Quarterly Review (Q3),Mihran Miller,Infinity Care,Supportive In-Home,1.5,13,Latoya Smith,Clinical Director,Unassigned,Assigned,CAPACITY CONFLICT — CRITICAL OVERFLOW
WT2 - Quarterly Review (Q4),Mihran Miller,Infinity Care,Supportive In-Home,1.5,26,Stephanie Eatton-Johnson,Clinical Director,Unassigned,Assigned,CAPACITY CONFLICT — CRITICAL OVERFLOW
WT1 - Annual ISP,Naod Ermias,Infinity Care,Supportive In-Home,3,52,Latoya Smith,Clinical Director,Unassigned,Assigned (DBHDS 14-Day Pre-Due Window - Wk 50),
WT2 - Quarterly Review (Q1),Naod Ermias,Infinity Care,Supportive In-Home,1.5,52,Stephanie Eatton-Johnson,Clinical Director,Unassigned,Assigned (Smoothed - Wk 49),CAPACITY CONFLICT — CRITICAL OVERFLOW
WT2 - Quarterly Review (Q2),Naod Ermias,Infinity Care,Supportive In-Home,1.5,13,Stephanie Eatton-Johnson,Clinical Director,Unassigned,Assigned,CAPACITY CONFLICT — CRITICAL OVERFLOW
WT2 - Quarterly Review (Q3),Naod Ermias,Infinity Care,Supportive In-Home,1.5,26,Ayaat Albayati,Clinical Operations Director,Unassigned,Assigned,CAPACITY CONFLICT — CRITICAL OVERFLOW
WT2 - Quarterly Review (Q4),Naod Ermias,Infinity Care,Supportive In-Home,1.5,39,Latoya Smith,Clinical Director,Unassigned,Assigned,CAPACITY CONFLICT — CRITICAL OVERFLOW
WT1 - Annual ISP,Peter Charles,Infinity Care,Supportive In-Home,3,52,Ayaat Albayati,Clinical Operations Director,Unassigned,Assigned (DBHDS 14-Day Pre-Due Window - Wk 50),
WT2 - Quarterly Review (Q1),Peter Charles,Infinity Care,Supportive In-Home,1.5,52,Stephanie Eatton-Johnson,Clinical Director,Unassigned,Assigned (Smoothed - Wk 49),CAPACITY CONFLICT — CRITICAL OVERFLOW
WT2 - Quarterly Review (Q2),Peter Charles,Infinity Care,Supportive In-Home,1.5,13,Ayaat Albayati,Clinical Operations Director,Unassigned,Assigned,CAPACITY CONFLICT — CRITICAL OVERFLOW
WT2 - Quarterly Review (Q3),Peter Charles,Infinity Care,Supportive In-Home,1.5,26,Latoya Smith,Clinical Director,Unassigned,Assigned,CAPACITY CONFLICT — CRITICAL OVERFLOW
WT2 - Quarterly Review (Q4),Peter Charles,Infinity Care,Supportive In-Home,1.5,39,Ayaat Albayati,Clinical Operations Director,Unassigned,Assigned,CAPACITY CONFLICT — CRITICAL OVERFLOW
WT1 - Annual ISP,Sarah Buzby,Infinity Care,Supportive In-Home,3,52,Latoya Smith,Clinical Director,Unassigned,Assigned (DBHDS 14-Day Pre-Due Window - Wk 50),
WT2 - Quarterly Review (Q1),Sarah Buzby,Infinity Care,Supportive In-Home,1.5,52,Stephanie Eatton-Johnson,Clinical Director,Unassigned,Assigned (Smoothed - Wk 49),CAPACITY CONFLICT — CRITICAL OVERFLOW
WT2 - Quarterly Review (Q2),Sarah Buzby,Infinity Care,Supportive In-Home,1.5,13,Latoya Smith,Clinical Director,Unassigned,Assigned,CAPACITY CONFLICT — CRITICAL OVERFLOW
WT2 - Quarterly Review (Q3),Sarah Buzby,Infinity Care,Supportive In-Home,1.5,26,Stephanie Eatton-Johnson,Clinical Director,Unassigned,Assigned,CAPACITY CONFLICT — CRITICAL OVERFLOW
WT2 - Quarterly Review (Q4),Sarah Buzby,Infinity Care,Supportive In-Home,1.5,39,Latoya Smith,Clinical Director,Unassigned,Assigned,CAPACITY CONFLICT — CRITICAL OVERFLOW
WT1 - Annual ISP,Zachary Claridge,Infinity Care,Supportive In-Home,3,52,Ayaat Albayati,Clinical Operations Director,Unassigned,Assigned (DBHDS 14-Day Pre-Due Window - Wk 50),
WT2 - Quarterly Review (Q1),Zachary Claridge,Infinity Care,Supportive In-Home,1.5,52,Stephanie Eatton-Johnson,Clinical Director,Unassigned,Assigned (Smoothed - Wk 49),CAPACITY CONFLICT — CRITICAL OVERFLOW
WT2 - Quarterly Review (Q2),Zachary Claridge,Infinity Care,Supportive In-Home,1.5,13,Stephanie Eatton-Johnson,Clinical Director,Unassigned,Assigned,CAPACITY CONFLICT — CRITICAL OVERFLOW
WT2 - Quarterly Review (Q3),Zachary Claridge,Infinity Care,Supportive In-Home,1.5,26,Ayaat Albayati,Clinical Operations Director,Unassigned,Assigned,CAPACITY CONFLICT — CRITICAL OVERFLOW
WT2 - Quarterly Review (Q4),Zachary Claridge,Infinity Care,Supportive In-Home,1.5,39,Stephanie Eatton-Johnson,Clinical Director,Unassigned,Assigned,CAPACITY CONFLICT — CRITICAL OVERFLOW
WT1 - Annual ISP,Zubair Ali,Infinity Care,Supportive In-Home,3,52,Latoya Smith,Clinical Director,Unassigned,Assigned (DBHDS 14-Day Pre-Due Window - Wk 50),
WT2 - Quarterly Review (Q1),Zubair Ali,Infinity Care,Supportive In-Home,1.5,52,Stephanie Eatton-Johnson,Clinical Director,Unassigned,Assigned (Smoothed - Wk 49),CAPACITY CONFLICT — CRITICAL OVERFLOW
WT2 - Quarterly Review (Q2),Zubair Ali,Infinity Care,Supportive In-Home,1.5,13,Ayaat Albayati,Clinical Operations Director,Unassigned,Assigned,CAPACITY CONFLICT — CRITICAL OVERFLOW
WT2 - Quarterly Review (Q3),Zubair Ali,Infinity Care,Supportive In-Home,1.5,26,Latoya Smith,Clinical Director,Unassigned,Assigned,CAPACITY CONFLICT — CRITICAL OVERFLOW
WT2 - Quarterly Review (Q4),Zubair Ali,Infinity Care,Supportive In-Home,1.5,39,Ayaat Albayati,Clinical Operations Director,Unassigned,Assigned,CAPACITY CONFLICT — CRITICAL OVERFLOW
WT1 - Annual ISP,James Jones,Inspire Family Services,Group Home,3,13,Latoya Smith,Clinical Director,Unassigned,Assigned,CAPACITY CONFLICT — CRITICAL OVERFLOW
WT2 - Quarterly Review (Q1),James Jones,Inspire Family Services,Group Home,1.5,13,Stephanie Eatton-Johnson,Clinical Director,Unassigned,Assigned,CAPACITY CONFLICT — CRITICAL OVERFLOW
WT2 - Quarterly Review (Q2),James Jones,Inspire Family Services,Group Home,1.5,26,Stephanie Eatton-Johnson,Clinical Director,Unassigned,Assigned,CAPACITY CONFLICT — CRITICAL OVERFLOW
WT2 - Quarterly Review (Q3),James Jones,Inspire Family Services,Group Home,1.5,39,Latoya Smith,Clinical Director,Unassigned,Assigned,CAPACITY CONFLICT — CRITICAL OVERFLOW
WT2 - Quarterly Review (Q4),James Jones,Inspire Family Services,Group Home,1.5,52,Ayaat Albayati,Clinical Operations Director,Unassigned,Assigned (Smoothed - Wk 49),CAPACITY CONFLICT — CRITICAL OVERFLOW
WT1 - Annual ISP,Payton Marny,Inspire Family Services,Group Home,3,52,Stephanie Eatton-Johnson,Clinical Director,Unassigned,Assigned - Leadership Cascade,CAPACITY CONFLICT — CRITICAL OVERFLOW
WT2 - Quarterly Review (Q1),Payton Marny,Inspire Family Services,Group Home,1.5,52,Ayaat Albayati,Clinical Operations Director,Unassigned,Assigned (Smoothed - Wk 49),CAPACITY CONFLICT — CRITICAL OVERFLOW
WT2 - Quarterly Review (Q2),Payton Marny,Inspire Family Services,Group Home,1.5,13,Ayaat Albayati,Clinical Operations Director,Unassigned,Assigned,CAPACITY CONFLICT — CRITICAL OVERFLOW
WT2 - Quarterly Review (Q3),Payton Marny,Inspire Family Services,Group Home,1.5,26,Ayaat Albayati,Clinical Operations Director,Unassigned,Assigned,CAPACITY CONFLICT — CRITICAL OVERFLOW
WT2 - Quarterly Review (Q4),Payton Marny,Inspire Family Services,Group Home,1.5,39,Stephanie Eatton-Johnson,Clinical Director,Unassigned,Assigned,CAPACITY CONFLICT — CRITICAL OVERFLOW
WT1 - Annual ISP,APRIL MILTEER,Karemore,Sponsor Residential,3,52,Latoya Smith,Clinical Director,Unassigned,Assigned - Leadership Cascade,CAPACITY CONFLICT — CRITICAL OVERFLOW
WT2 - Quarterly Review (Q1),APRIL MILTEER,Karemore,Sponsor Residential,1.5,52,Ayaat Albayati,Clinical Operations Director,Unassigned,Assigned (Smoothed - Wk 49),CAPACITY CONFLICT — CRITICAL OVERFLOW
WT2 - Quarterly Review (Q2),APRIL MILTEER,Karemore,Sponsor Residential,1.5,13,Stephanie Eatton-Johnson,Clinical Director,Unassigned,Assigned,CAPACITY CONFLICT — CRITICAL OVERFLOW
WT2 - Quarterly Review (Q3),APRIL MILTEER,Karemore,Sponsor Residential,1.5,26,Latoya Smith,Clinical Director,Unassigned,Assigned,CAPACITY CONFLICT — CRITICAL OVERFLOW
WT2 - Quarterly Review (Q4),APRIL MILTEER,Karemore,Sponsor Residential,1.5,39,Ayaat Albayati,Clinical Operations Director,Unassigned,Assigned,CAPACITY CONFLICT — CRITICAL OVERFLOW
WT1 - Annual ISP,Darian Perkins,Karemore,Sponsor Residential,3,39,Latoya Smith,Clinical Director,Unassigned,Assigned,CAPACITY CONFLICT — CRITICAL OVERFLOW
WT2 - Quarterly Review (Q1),Darian Perkins,Karemore,Sponsor Residential,1.5,39,Stephanie Eatton-Johnson,Clinical Director,Unassigned,Assigned,CAPACITY CONFLICT — CRITICAL OVERFLOW
WT2 - Quarterly Review (Q2),Darian Perkins,Karemore,Sponsor Residential,1.5,52,Stephanie Eatton-Johnson,Clinical Director,Unassigned,Assigned (Smoothed - Wk 49),CAPACITY CONFLICT — CRITICAL OVERFLOW
WT2 - Quarterly Review (Q3),Darian Perkins,Karemore,Sponsor Residential,1.5,13,Ayaat Albayati,Clinical Operations Director,Unassigned,Assigned,CAPACITY CONFLICT — CRITICAL OVERFLOW
WT2 - Quarterly Review (Q4),Darian Perkins,Karemore,Sponsor Residential,1.5,26,Stephanie Eatton-Johnson,Clinical Director,Unassigned,Assigned,CAPACITY CONFLICT — CRITICAL OVERFLOW
WT1 - Annual ISP,Gernaz Bell,Karemore,Sponsor Residential,3,52,Ayaat Albayati,Clinical Operations Director,Unassigned,Assigned - Leadership Cascade,CAPACITY CONFLICT — CRITICAL OVERFLOW
WT2 - Quarterly Review (Q1),Gernaz Bell,Karemore,Sponsor Residential,1.5,52,Latoya Smith,Clinical Director,Unassigned,Assigned (Smoothed - Wk 49),CAPACITY CONFLICT — CRITICAL OVERFLOW
WT2 - Quarterly Review (Q2),Gernaz Bell,Karemore,Sponsor Residential,1.5,13,Latoya Smith,Clinical Director,Unassigned,Assigned,CAPACITY CONFLICT — CRITICAL OVERFLOW
WT2 - Quarterly Review (Q3),Gernaz Bell,Karemore,Sponsor Residential,1.5,26,Ayaat Albayati,Clinical Operations Director,Unassigned,Assigned,CAPACITY CONFLICT — CRITICAL OVERFLOW
WT2 - Quarterly Review (Q4),Gernaz Bell,Karemore,Sponsor Residential,1.5,39,Ayaat Albayati,Clinical Operations Director,Unassigned,Assigned,CAPACITY CONFLICT — CRITICAL OVERFLOW
WT1 - Annual ISP,Aaron Copeland,Noble Care,Community Engagement,3,52,Stephanie Eatton-Johnson,Clinical Director,Unassigned,Assigned - Leadership Cascade,CAPACITY CONFLICT — CRITICAL OVERFLOW
WT2 - Quarterly Review (Q1),Aaron Copeland,Noble Care,Community Engagement,1.5,52,Latoya Smith,Clinical Director,Unassigned,Assigned - Leadership Cascade,CAPACITY CONFLICT — CRITICAL OVERFLOW
WT2 - Quarterly Review (Q2),Aaron Copeland,Noble Care,Community Engagement,1.5,13,Stephanie Eatton-Johnson,Clinical Director,Unassigned,Assigned,CAPACITY CONFLICT — CRITICAL OVERFLOW
WT2 - Quarterly Review (Q3),Aaron Copeland,Noble Care,Community Engagement,1.5,26,Latoya Smith,Clinical Director,Unassigned,Assigned,CAPACITY CONFLICT — CRITICAL OVERFLOW
WT2 - Quarterly Review (Q4),Aaron Copeland,Noble Care,Community Engagement,1.5,39,Stephanie Eatton-Johnson,Clinical Director,Unassigned,Assigned,CAPACITY CONFLICT — CRITICAL OVERFLOW
WT1 - Annual ISP,Aleshia Williams-Allen,Noble Care,Community Engagement,3,52,Ayaat Albayati,Clinical Operations Director,Unassigned,Assigned (DBHDS 14-Day Pre-Due Window - Wk 50),CAPACITY CONFLICT — PEAK OVERFLOW
WT2 - Quarterly Review (Q1),Aleshia Williams-Allen,Noble Care,Community Engagement,1.5,52,Latoya Smith,Clinical Director,Unassigned,Assigned - Leadership Cascade,CAPACITY CONFLICT — CRITICAL OVERFLOW
WT2 - Quarterly Review (Q2),Aleshia Williams-Allen,Noble Care,Community Engagement,1.5,13,Ayaat Albayati,Clinical Operations Director,Unassigned,Assigned,CAPACITY CONFLICT — CRITICAL OVERFLOW
WT2 - Quarterly Review (Q3),Aleshia Williams-Allen,Noble Care,Community Engagement,1.5,26,Stephanie Eatton-Johnson,Clinical Director,Unassigned,Assigned,CAPACITY CONFLICT — CRITICAL OVERFLOW
WT2 - Quarterly Review (Q4),Aleshia Williams-Allen,Noble Care,Community Engagement,1.5,39,Ayaat Albayati,Clinical Operations Director,Unassigned,Assigned,CAPACITY CONFLICT — CRITICAL OVERFLOW
WT1 - Annual ISP,ANN MARCH,Noble Care,Community Engagement,3,52,Stephanie Eatton-Johnson,Clinical Director,Unassigned,Assigned (DBHDS 14-Day Pre-Due Window - Wk 50),CAPACITY CONFLICT — PEAK OVERFLOW
WT2 - Quarterly Review (Q1),ANN MARCH,Noble Care,Community Engagement,1.5,52,Latoya Smith,Clinical Director,Unassigned,Assigned,CAPACITY CONFLICT — PEAK OVERFLOW
WT2 - Quarterly Review (Q2),ANN MARCH,Noble Care,Community Engagement,1.5,13,Latoya Smith,Clinical Director,Unassigned,Assigned,CAPACITY CONFLICT — CRITICAL OVERFLOW
WT2 - Quarterly Review (Q3),ANN MARCH,Noble Care,Community Engagement,1.5,26,Ayaat Albayati,Clinical Operations Director,Unassigned,Assigned,CAPACITY CONFLICT — CRITICAL OVERFLOW
WT2 - Quarterly Review (Q4),ANN MARCH,Noble Care,Community Engagement,1.5,39,Latoya Smith,Clinical Director,Unassigned,Assigned,CAPACITY CONFLICT — CRITICAL OVERFLOW
WT1 - Annual ISP,ANTHONY GREENE,Noble Care,Community Engagement,3,52,Ayaat Albayati,Clinical Operations Director,Unassigned,Assigned (DBHDS 14-Day Pre-Due Window - Wk 50),CAPACITY CONFLICT — PEAK OVERFLOW
WT2 - Quarterly Review (Q1),ANTHONY GREENE,Noble Care,Community Engagement,1.5,52,Latoya Smith,Clinical Director,Unassigned,Assigned,CAPACITY CONFLICT — PEAK OVERFLOW
WT2 - Quarterly Review (Q2),ANTHONY GREENE,Noble Care,Community Engagement,1.5,13,Stephanie Eatton-Johnson,Clinical Director,Unassigned,Assigned,CAPACITY CONFLICT — CRITICAL OVERFLOW
WT2 - Quarterly Review (Q3),ANTHONY GREENE,Noble Care,Community Engagement,1.5,26,Latoya Smith,Clinical Director,Unassigned,Assigned,CAPACITY CONFLICT — CRITICAL OVERFLOW
WT2 - Quarterly Review (Q4),ANTHONY GREENE,Noble Care,Community Engagement,1.5,39,Stephanie Eatton-Johnson,Clinical Director,Unassigned,Assigned,CAPACITY CONFLICT — CRITICAL OVERFLOW
WT1 - Annual ISP,Christopher Miller,Noble Care,Community Engagement,3,52,Stephanie Eatton-Johnson,Clinical Director,Unassigned,Assigned (DBHDS 14-Day Pre-Due Window - Wk 50),CAPACITY CONFLICT — PEAK OVERFLOW
WT2 - Quarterly Review (Q1),Christopher Miller,Noble Care,Community Engagement,1.5,52,Latoya Smith,Clinical Director,Unassigned,Assigned,CAPACITY CONFLICT — PEAK OVERFLOW
WT2 - Quarterly Review (Q2),Christopher Miller,Noble Care,Community Engagement,1.5,13,Ayaat Albayati,Clinical Operations Director,Unassigned,Assigned,CAPACITY CONFLICT — CRITICAL OVERFLOW
WT2 - Quarterly Review (Q3),Christopher Miller,Noble Care,Community Engagement,1.5,26,Stephanie Eatton-Johnson,Clinical Director,Unassigned,Assigned,CAPACITY CONFLICT — CRITICAL OVERFLOW
WT2 - Quarterly Review (Q4),Christopher Miller,Noble Care,Community Engagement,1.5,39,Ayaat Albayati,Clinical Operations Director,Unassigned,Assigned,CAPACITY CONFLICT — CRITICAL OVERFLOW
WT1 - Annual ISP,DONYELLE BLAKE,Noble Care,Community Engagement,3,52,Ayaat Albayati,Clinical Operations Director,Unassigned,Assigned (DBHDS 14-Day Pre-Due Window - Wk 50),CAPACITY CONFLICT — PEAK OVERFLOW
WT2 - Quarterly Review (Q1),DONYELLE BLAKE,Noble Care,Community Engagement,1.5,52,Latoya Smith,Clinical Director,Unassigned,Assigned,CAPACITY CONFLICT — PEAK OVERFLOW
WT2 - Quarterly Review (Q2),DONYELLE BLAKE,Noble Care,Community Engagement,1.5,13,Latoya Smith,Clinical Director,Unassigned,Assigned,CAPACITY CONFLICT — CRITICAL OVERFLOW
WT2 - Quarterly Review (Q3),DONYELLE BLAKE,Noble Care,Community Engagement,1.5,26,Ayaat Albayati,Clinical Operations Director,Unassigned,Assigned,CAPACITY CONFLICT — CRITICAL OVERFLOW
WT2 - Quarterly Review (Q4),DONYELLE BLAKE,Noble Care,Community Engagement,1.5,39,Latoya Smith,Clinical Director,Unassigned,Assigned,CAPACITY CONFLICT — CRITICAL OVERFLOW
WT1 - Annual ISP,DARYL TAYLOR,Noble Care,Community Engagement,3,38,Shalette Shaw,DDS 2,Unassigned,Assigned,System Scheduled
WT2 - Quarterly Review (Q1),DARYL TAYLOR,Noble Care,Community Engagement,1.5,38,Kristin Williams,DDS 2,Unassigned,Assigned,System Scheduled
WT2 - Quarterly Review (Q2),DARYL TAYLOR,Noble Care,Community Engagement,1.5,51,Jerry Burton,DDS 1,Unassigned,Assigned,System Scheduled
WT2 - Quarterly Review (Q3),DARYL TAYLOR,Noble Care,Community Engagement,1.5,12,Shalette Shaw,DDS 2,Unassigned,Assigned,System Scheduled
WT2 - Quarterly Review (Q4),DARYL TAYLOR,Noble Care,Community Engagement,1.5,25,Shalette Shaw,DDS 2,Unassigned,Assigned,System Scheduled
WT1 - Annual ISP,EARLISHA COTTEN,Noble Care,Community Engagement,3,52,Stephanie Eatton-Johnson,Clinical Director,Unassigned,Assigned (DBHDS 14-Day Pre-Due Window - Wk 50),CAPACITY CONFLICT — PEAK OVERFLOW
WT2 - Quarterly Review (Q1),EARLISHA COTTEN,Noble Care,Community Engagement,1.5,52,Latoya Smith,Clinical Director,Unassigned,Assigned,CAPACITY CONFLICT — PEAK OVERFLOW
WT2 - Quarterly Review (Q2),EARLISHA COTTEN,Noble Care,Community Engagement,1.5,13,Stephanie Eatton-Johnson,Clinical Director,Unassigned,Assigned,CAPACITY CONFLICT — CRITICAL OVERFLOW
WT2 - Quarterly Review (Q3),EARLISHA COTTEN,Noble Care,Community Engagement,1.5,26,Latoya Smith,Clinical Director,Unassigned,Assigned,CAPACITY CONFLICT — CRITICAL OVERFLOW
WT2 - Quarterly Review (Q4),EARLISHA COTTEN,Noble Care,Community Engagement,1.5,39,Stephanie Eatton-Johnson,Clinical Director,Unassigned,Assigned,CAPACITY CONFLICT — CRITICAL OVERFLOW
WT1 - Annual ISP,Luke Davis,Noble Care,Community Engagement,3,52,Ayaat Albayati,Clinical Operations Director,Unassigned,Assigned (DBHDS 14-Day Pre-Due Window - Wk 50),CAPACITY CONFLICT — PEAK OVERFLOW
WT2 - Quarterly Review (Q1),Luke Davis,Noble Care,Community Engagement,1.5,52,Latoya Smith,Clinical Director,Unassigned,Assigned,CAPACITY CONFLICT — PEAK OVERFLOW
WT2 - Quarterly Review (Q2),Luke Davis,Noble Care,Community Engagement,1.5,13,Ayaat Albayati,Clinical Operations Director,Unassigned,Assigned,CAPACITY CONFLICT — CRITICAL OVERFLOW
WT2 - Quarterly Review (Q3),Luke Davis,Noble Care,Community Engagement,1.5,26,Stephanie Eatton-Johnson,Clinical Director,Unassigned,Assigned,CAPACITY CONFLICT — CRITICAL OVERFLOW
WT2 - Quarterly Review (Q4),Luke Davis,Noble Care,Community Engagement,1.5,39,Ayaat Albayati,Clinical Operations Director,Unassigned,Assigned,CAPACITY CONFLICT — CRITICAL OVERFLOW
WT1 - Annual ISP,Melissa Mcintosh,Noble Care,Community Engagement,3,52,Stephanie Eatton-Johnson,Clinical Director,Unassigned,Assigned (DBHDS 14-Day Pre-Due Window - Wk 50),CAPACITY CONFLICT — PEAK OVERFLOW
WT2 - Quarterly Review (Q1),Melissa Mcintosh,Noble Care,Community Engagement,1.5,52,Latoya Smith,Clinical Director,Unassigned,Assigned,CAPACITY CONFLICT — PEAK OVERFLOW
WT2 - Quarterly Review (Q2),Melissa Mcintosh,Noble Care,Community Engagement,1.5,13,Latoya Smith,Clinical Director,Unassigned,Assigned,CAPACITY CONFLICT — CRITICAL OVERFLOW
WT2 - Quarterly Review (Q3),Melissa Mcintosh,Noble Care,Community Engagement,1.5,26,Ayaat Albayati,Clinical Operations Director,Unassigned,Assigned,CAPACITY CONFLICT — CRITICAL OVERFLOW
WT2 - Quarterly Review (Q4),Melissa Mcintosh,Noble Care,Community Engagement,1.5,39,Latoya Smith,Clinical Director,Unassigned,Assigned,CAPACITY CONFLICT — CRITICAL OVERFLOW
WT1 - Annual ISP,MORGAN CARR,Noble Care,Community Engagement,3,52,Ayaat Albayati,Clinical Operations Director,Unassigned,Assigned (DBHDS 14-Day Pre-Due Window - Wk 50),CAPACITY CONFLICT — PEAK OVERFLOW
WT2 - Quarterly Review (Q1),MORGAN CARR,Noble Care,Community Engagement,1.5,52,Latoya Smith,Clinical Director,Unassigned,Assigned,CAPACITY CONFLICT — PEAK OVERFLOW
WT2 - Quarterly Review (Q2),MORGAN CARR,Noble Care,Community Engagement,1.5,13,Stephanie Eatton-Johnson,Clinical Director,Unassigned,Assigned,CAPACITY CONFLICT — CRITICAL OVERFLOW
WT2 - Quarterly Review (Q3),MORGAN CARR,Noble Care,Community Engagement,1.5,26,Latoya Smith,Clinical Director,Unassigned,Assigned,CAPACITY CONFLICT — CRITICAL OVERFLOW
WT2 - Quarterly Review (Q4),MORGAN CARR,Noble Care,Community Engagement,1.5,39,Stephanie Eatton-Johnson,Clinical Director,Unassigned,Assigned,CAPACITY CONFLICT — CRITICAL OVERFLOW
WT1 - Annual ISP,Nicholas Stephens,Noble Care,Community Engagement,3,43,Mohammed,QDDP,Unassigned,Assigned,System Scheduled
WT2 - Quarterly Review (Q1),Nicholas Stephens,Noble Care,Community Engagement,1.5,43,Kristin Williams,DDS 2,Unassigned,Assigned,System Scheduled
WT2 - Quarterly Review (Q2),Nicholas Stephens,Noble Care,Community Engagement,1.5,4,Shalette Shaw,DDS 2,Unassigned,Assigned,System Scheduled
WT2 - Quarterly Review (Q3),Nicholas Stephens,Noble Care,Community Engagement,1.5,17,Shalette Shaw,DDS 2,Unassigned,Assigned,System Scheduled
WT2 - Quarterly Review (Q4),Nicholas Stephens,Noble Care,Community Engagement,1.5,30,Kristin Williams,DDS 2,Unassigned,Assigned,System Scheduled
WT1 - Annual ISP,ROBERT GRANT,Noble Care,Community Engagement,3,52,Stephanie Eatton-Johnson,Clinical Director,Unassigned,Assigned (DBHDS 14-Day Pre-Due Window - Wk 50),CAPACITY CONFLICT — PEAK OVERFLOW
WT2 - Quarterly Review (Q1),ROBERT GRANT,Noble Care,Community Engagement,1.5,52,Latoya Smith,Clinical Director,Unassigned,Assigned,CAPACITY CONFLICT — PEAK OVERFLOW
WT2 - Quarterly Review (Q2),ROBERT GRANT,Noble Care,Community Engagement,1.5,13,Ayaat Albayati,Clinical Operations Director,Unassigned,Assigned,CAPACITY CONFLICT — CRITICAL OVERFLOW
WT2 - Quarterly Review (Q3),ROBERT GRANT,Noble Care,Community Engagement,1.5,26,Stephanie Eatton-Johnson,Clinical Director,Unassigned,Assigned,CAPACITY CONFLICT — CRITICAL OVERFLOW
WT2 - Quarterly Review (Q4),ROBERT GRANT,Noble Care,Community Engagement,1.5,39,Ayaat Albayati,Clinical Operations Director,Unassigned,Assigned,CAPACITY CONFLICT — CRITICAL OVERFLOW
WT1 - Annual ISP,Sarah Wilkerson,Noble Care,Community Engagement,3,40,Ashley Shilo,DDA,Unassigned,Assigned,System Scheduled
WT2 - Quarterly Review (Q1),Sarah Wilkerson,Noble Care,Community Engagement,1.5,40,Ondrea Wilson,DDA,Unassigned,Assigned,System Scheduled
WT2 - Quarterly Review (Q2),Sarah Wilkerson,Noble Care,Community Engagement,1.5,1,Kristin Williams,DDS 2,Unassigned,Assigned,System Scheduled
WT2 - Quarterly Review (Q3),Sarah Wilkerson,Noble Care,Community Engagement,1.5,14,Mohammed,QDDP,Unassigned,Assigned,System Scheduled
WT2 - Quarterly Review (Q4),Sarah Wilkerson,Noble Care,Community Engagement,1.5,27,Mohammed,QDDP,Unassigned,Assigned,System Scheduled
WT1 - Annual ISP,SIMON LEWIS,Noble Care,Community Engagement,3,43,Ashley Shilo,DDA,Unassigned,Assigned,System Scheduled
WT2 - Quarterly Review (Q1),SIMON LEWIS,Noble Care,Community Engagement,1.5,43,Ondrea Wilson,DDA,Unassigned,Assigned,System Scheduled
WT2 - Quarterly Review (Q2),SIMON LEWIS,Noble Care,Community Engagement,1.5,4,Mohammed,QDDP,Unassigned,Assigned,System Scheduled
WT2 - Quarterly Review (Q3),SIMON LEWIS,Noble Care,Community Engagement,1.5,17,Mohammed,QDDP,Unassigned,Assigned,System Scheduled
WT2 - Quarterly Review (Q4),SIMON LEWIS,Noble Care,Community Engagement,1.5,30,Ashley Shilo,DDA,Unassigned,Assigned,System Scheduled
WT1 - Annual ISP,Tashayla Ruffin,Noble Care,Community Engagement,3,52,Ayaat Albayati,Clinical Operations Director,Unassigned,Assigned (DBHDS 14-Day Pre-Due Window - Wk 50),CAPACITY CONFLICT — PEAK OVERFLOW
WT2 - Quarterly Review (Q1),Tashayla Ruffin,Noble Care,Community Engagement,1.5,52,Latoya Smith,Clinical Director,Unassigned,Assigned,CAPACITY CONFLICT — PEAK OVERFLOW
WT2 - Quarterly Review (Q2),Tashayla Ruffin,Noble Care,Community Engagement,1.5,13,Latoya Smith,Clinical Director,Unassigned,Assigned,CAPACITY CONFLICT — CRITICAL OVERFLOW
WT2 - Quarterly Review (Q3),Tashayla Ruffin,Noble Care,Community Engagement,1.5,26,Ayaat Albayati,Clinical Operations Director,Unassigned,Assigned,CAPACITY CONFLICT — CRITICAL OVERFLOW
WT2 - Quarterly Review (Q4),Tashayla Ruffin,Noble Care,Community Engagement,1.5,39,Latoya Smith,Clinical Director,Unassigned,Assigned,CAPACITY CONFLICT — CRITICAL OVERFLOW
WT1 - Annual ISP,THOMAS HARRELL,Noble Care,Community Engagement,3,46,Mohammed,QDDP,Unassigned,Assigned,System Scheduled
WT2 - Quarterly Review (Q1),THOMAS HARRELL,Noble Care,Community Engagement,1.5,46,Ashley Shilo,DDA,Unassigned,Assigned,System Scheduled
WT2 - Quarterly Review (Q2),THOMAS HARRELL,Noble Care,Community Engagement,1.5,7,Kristin Williams,DDS 2,Unassigned,Assigned,System Scheduled
WT2 - Quarterly Review (Q3),THOMAS HARRELL,Noble Care,Community Engagement,1.5,20,Kristin Williams,DDS 2,Unassigned,Assigned,System Scheduled
WT2 - Quarterly Review (Q4),THOMAS HARRELL,Noble Care,Community Engagement,1.5,33,Jerry Burton,DDS 1,Unassigned,Assigned,System Scheduled
WT1 - Annual ISP,TIMOTHY DRAUGHN,Noble Care,Community Engagement,3,52,Stephanie Eatton-Johnson,Clinical Director,Unassigned,Assigned (DBHDS 14-Day Pre-Due Window - Wk 50),CAPACITY CONFLICT — PEAK OVERFLOW
WT2 - Quarterly Review (Q1),TIMOTHY DRAUGHN,Noble Care,Community Engagement,1.5,52,Latoya Smith,Clinical Director,Unassigned,Assigned,CAPACITY CONFLICT — PEAK OVERFLOW
WT2 - Quarterly Review (Q2),TIMOTHY DRAUGHN,Noble Care,Community Engagement,1.5,13,Stephanie Eatton-Johnson,Clinical Director,Unassigned,Assigned,CAPACITY CONFLICT — CRITICAL OVERFLOW
WT2 - Quarterly Review (Q3),TIMOTHY DRAUGHN,Noble Care,Community Engagement,1.5,26,Latoya Smith,Clinical Director,Unassigned,Assigned,CAPACITY CONFLICT — CRITICAL OVERFLOW
WT2 - Quarterly Review (Q4),TIMOTHY DRAUGHN,Noble Care,Community Engagement,1.5,39,Stephanie Eatton-Johnson,Clinical Director,Unassigned,Assigned,CAPACITY CONFLICT — CRITICAL OVERFLOW
WT1 - Annual ISP,VIRGINIA ALLEN,Noble Care,Community Engagement,3,48,Shalette Shaw,DDS 2,Unassigned,Assigned,System Scheduled
WT2 - Quarterly Review (Q1),VIRGINIA ALLEN,Noble Care,Community Engagement,1.5,48,Jerry Burton,DDS 1,Unassigned,Assigned,System Scheduled
WT2 - Quarterly Review (Q2),VIRGINIA ALLEN,Noble Care,Community Engagement,1.5,9,Mohammed,QDDP,Unassigned,Assigned,System Scheduled
WT2 - Quarterly Review (Q3),VIRGINIA ALLEN,Noble Care,Community Engagement,1.5,22,Mohammed,QDDP,Unassigned,Assigned,System Scheduled
WT2 - Quarterly Review (Q4),VIRGINIA ALLEN,Noble Care,Community Engagement,1.5,35,Jerry Burton,DDS 1,Unassigned,Assigned,System Scheduled
WT1 - Annual ISP,Aaron Copeland,Noble Care,Day Support,3,52,Ayaat Albayati,Clinical Operations Director,Unassigned,Assigned (DBHDS 14-Day Pre-Due Window - Wk 50),CAPACITY CONFLICT — PEAK OVERFLOW
WT2 - Quarterly Review (Q1),Aaron Copeland,Noble Care,Day Support,1.5,52,Latoya Smith,Clinical Director,Unassigned,Assigned,CAPACITY CONFLICT — PEAK OVERFLOW
WT2 - Quarterly Review (Q2),Aaron Copeland,Noble Care,Day Support,1.5,13,Ayaat Albayati,Clinical Operations Director,Unassigned,Assigned,CAPACITY CONFLICT — CRITICAL OVERFLOW
WT2 - Quarterly Review (Q3),Aaron Copeland,Noble Care,Day Support,1.5,26,Stephanie Eatton-Johnson,Clinical Director,Unassigned,Assigned,CAPACITY CONFLICT — CRITICAL OVERFLOW
WT2 - Quarterly Review (Q4),Aaron Copeland,Noble Care,Day Support,1.5,39,Ayaat Albayati,Clinical Operations Director,Unassigned,Assigned,CAPACITY CONFLICT — CRITICAL OVERFLOW
WT1 - Annual ISP,Aleshia Williams-Allen,Noble Care,Day Support,3,52,Stephanie Eatton-Johnson,Clinical Director,Unassigned,Assigned (DBHDS 14-Day Pre-Due Window - Wk 50),CAPACITY CONFLICT — PEAK OVERFLOW
WT2 - Quarterly Review (Q1),Aleshia Williams-Allen,Noble Care,Day Support,1.5,52,Latoya Smith,Clinical Director,Unassigned,Assigned,CAPACITY CONFLICT — PEAK OVERFLOW
WT2 - Quarterly Review (Q2),Aleshia Williams-Allen,Noble Care,Day Support,1.5,13,Latoya Smith,Clinical Director,Unassigned,Assigned,CAPACITY CONFLICT — CRITICAL OVERFLOW
WT2 - Quarterly Review (Q3),Aleshia Williams-Allen,Noble Care,Day Support,1.5,26,Ayaat Albayati,Clinical Operations Director,Unassigned,Assigned,CAPACITY CONFLICT — CRITICAL OVERFLOW
WT2 - Quarterly Review (Q4),Aleshia Williams-Allen,Noble Care,Day Support,1.5,39,Latoya Smith,Clinical Director,Unassigned,Assigned,CAPACITY CONFLICT — CRITICAL OVERFLOW
WT1 - Annual ISP,ANN MARCH,Noble Care,Day Support,3,52,Ayaat Albayati,Clinical Operations Director,Unassigned,Assigned (DBHDS 14-Day Pre-Due Window - Wk 50),CAPACITY CONFLICT — PEAK OVERFLOW
WT2 - Quarterly Review (Q1),ANN MARCH,Noble Care,Day Support,1.5,52,Latoya Smith,Clinical Director,Unassigned,Assigned,CAPACITY CONFLICT — PEAK OVERFLOW
WT2 - Quarterly Review (Q2),ANN MARCH,Noble Care,Day Support,1.5,13,Stephanie Eatton-Johnson,Clinical Director,Unassigned,Assigned,CAPACITY CONFLICT — CRITICAL OVERFLOW
WT2 - Quarterly Review (Q3),ANN MARCH,Noble Care,Day Support,1.5,26,Latoya Smith,Clinical Director,Unassigned,Assigned,CAPACITY CONFLICT — CRITICAL OVERFLOW
WT2 - Quarterly Review (Q4),ANN MARCH,Noble Care,Day Support,1.5,39,Stephanie Eatton-Johnson,Clinical Director,Unassigned,Assigned,CAPACITY CONFLICT — CRITICAL OVERFLOW
WT1 - Annual ISP,ANTHONY GREENE,Noble Care,Day Support,3,52,Stephanie Eatton-Johnson,Clinical Director,Unassigned,Assigned (DBHDS 14-Day Pre-Due Window - Wk 50),CAPACITY CONFLICT — PEAK OVERFLOW
WT2 - Quarterly Review (Q1),ANTHONY GREENE,Noble Care,Day Support,1.5,52,Latoya Smith,Clinical Director,Unassigned,Assigned,CAPACITY CONFLICT — PEAK OVERFLOW
WT2 - Quarterly Review (Q2),ANTHONY GREENE,Noble Care,Day Support,1.5,13,Ayaat Albayati,Clinical Operations Director,Unassigned,Assigned,CAPACITY CONFLICT — CRITICAL OVERFLOW
WT2 - Quarterly Review (Q3),ANTHONY GREENE,Noble Care,Day Support,1.5,26,Stephanie Eatton-Johnson,Clinical Director,Unassigned,Assigned,CAPACITY CONFLICT — CRITICAL OVERFLOW
WT2 - Quarterly Review (Q4),ANTHONY GREENE,Noble Care,Day Support,1.5,39,Ayaat Albayati,Clinical Operations Director,Unassigned,Assigned,CAPACITY CONFLICT — CRITICAL OVERFLOW
WT1 - Annual ISP,ANTHONY MCNAIR-SMITH,Noble Care,Day Support,3,52,Ayaat Albayati,Clinical Operations Director,Unassigned,Assigned (DBHDS 14-Day Pre-Due Window - Wk 50),CAPACITY CONFLICT — PEAK OVERFLOW
WT2 - Quarterly Review (Q1),ANTHONY MCNAIR-SMITH,Noble Care,Day Support,1.5,52,Latoya Smith,Clinical Director,Unassigned,Assigned,CAPACITY CONFLICT — PEAK OVERFLOW
WT2 - Quarterly Review (Q2),ANTHONY MCNAIR-SMITH,Noble Care,Day Support,1.5,13,Latoya Smith,Clinical Director,Unassigned,Assigned,CAPACITY CONFLICT — CRITICAL OVERFLOW
WT2 - Quarterly Review (Q3),ANTHONY MCNAIR-SMITH,Noble Care,Day Support,1.5,26,Ayaat Albayati,Clinical Operations Director,Unassigned,Assigned,CAPACITY CONFLICT — CRITICAL OVERFLOW
WT2 - Quarterly Review (Q4),ANTHONY MCNAIR-SMITH,Noble Care,Day Support,1.5,39,Latoya Smith,Clinical Director,Unassigned,Assigned,CAPACITY CONFLICT — CRITICAL OVERFLOW
WT1 - Annual ISP,Christopher Miller,Noble Care,Day Support,3,52,Stephanie Eatton-Johnson,Clinical Director,Unassigned,Assigned (DBHDS 14-Day Pre-Due Window - Wk 50),CAPACITY CONFLICT — PEAK OVERFLOW
WT2 - Quarterly Review (Q1),Christopher Miller,Noble Care,Day Support,1.5,52,Latoya Smith,Clinical Director,Unassigned,Assigned,CAPACITY CONFLICT — PEAK OVERFLOW
WT2 - Quarterly Review (Q2),Christopher Miller,Noble Care,Day Support,1.5,13,Stephanie Eatton-Johnson,Clinical Director,Unassigned,Assigned,CAPACITY CONFLICT — CRITICAL OVERFLOW
WT2 - Quarterly Review (Q3),Christopher Miller,Noble Care,Day Support,1.5,26,Latoya Smith,Clinical Director,Unassigned,Assigned,CAPACITY CONFLICT — CRITICAL OVERFLOW
WT2 - Quarterly Review (Q4),Christopher Miller,Noble Care,Day Support,1.5,39,Stephanie Eatton-Johnson,Clinical Director,Unassigned,Assigned,CAPACITY CONFLICT — CRITICAL OVERFLOW
WT1 - Annual ISP,EARLISHA COTTEN,Noble Care,Day Support,3,52,Ayaat Albayati,Clinical Operations Director,Unassigned,Assigned (DBHDS 14-Day Pre-Due Window - Wk 50),CAPACITY CONFLICT — PEAK OVERFLOW
WT2 - Quarterly Review (Q1),EARLISHA COTTEN,Noble Care,Day Support,1.5,52,Latoya Smith,Clinical Director,Unassigned,Assigned,CAPACITY CONFLICT — PEAK OVERFLOW
WT2 - Quarterly Review (Q2),EARLISHA COTTEN,Noble Care,Day Support,1.5,13,Ayaat Albayati,Clinical Operations Director,Unassigned,Assigned,CAPACITY CONFLICT — CRITICAL OVERFLOW
WT2 - Quarterly Review (Q3),EARLISHA COTTEN,Noble Care,Day Support,1.5,26,Stephanie Eatton-Johnson,Clinical Director,Unassigned,Assigned,CAPACITY CONFLICT — CRITICAL OVERFLOW
WT2 - Quarterly Review (Q4),EARLISHA COTTEN,Noble Care,Day Support,1.5,39,Ayaat Albayati,Clinical Operations Director,Unassigned,Assigned,CAPACITY CONFLICT — CRITICAL OVERFLOW
WT1 - Annual ISP,Luke Davis,Noble Care,Day Support,3,52,Stephanie Eatton-Johnson,Clinical Director,Unassigned,Assigned (DBHDS 14-Day Pre-Due Window - Wk 50),CAPACITY CONFLICT — PEAK OVERFLOW
WT2 - Quarterly Review (Q1),Luke Davis,Noble Care,Day Support,1.5,52,Latoya Smith,Clinical Director,Unassigned,Assigned,CAPACITY CONFLICT — PEAK OVERFLOW
WT2 - Quarterly Review (Q2),Luke Davis,Noble Care,Day Support,1.5,13,Latoya Smith,Clinical Director,Unassigned,Assigned,CAPACITY CONFLICT — CRITICAL OVERFLOW
WT2 - Quarterly Review (Q3),Luke Davis,Noble Care,Day Support,1.5,26,Ayaat Albayati,Clinical Operations Director,Unassigned,Assigned,CAPACITY CONFLICT — CRITICAL OVERFLOW
WT2 - Quarterly Review (Q4),Luke Davis,Noble Care,Day Support,1.5,39,Latoya Smith,Clinical Director,Unassigned,Assigned (Smoothed - Wk 38),CAPACITY CONFLICT — CRITICAL OVERFLOW
WT1 - Annual ISP,Melissa Mcintosh,Noble Care,Day Support,3,52,Ayaat Albayati,Clinical Operations Director,Unassigned,Assigned (DBHDS 14-Day Pre-Due Window - Wk 50),CAPACITY CONFLICT — PEAK OVERFLOW
WT2 - Quarterly Review (Q1),Melissa Mcintosh,Noble Care,Day Support,1.5,52,Latoya Smith,Clinical Director,Unassigned,Assigned,CAPACITY CONFLICT — PEAK OVERFLOW
WT2 - Quarterly Review (Q2),Melissa Mcintosh,Noble Care,Day Support,1.5,13,Stephanie Eatton-Johnson,Clinical Director,Unassigned,Assigned,CAPACITY CONFLICT — CRITICAL OVERFLOW
WT2 - Quarterly Review (Q3),Melissa Mcintosh,Noble Care,Day Support,1.5,26,Latoya Smith,Clinical Director,Unassigned,Assigned,CAPACITY CONFLICT — CRITICAL OVERFLOW
WT2 - Quarterly Review (Q4),Melissa Mcintosh,Noble Care,Day Support,1.5,39,Stephanie Eatton-Johnson,Clinical Director,Unassigned,Assigned (Smoothed - Wk 38),CAPACITY CONFLICT — CRITICAL OVERFLOW
WT1 - Annual ISP,NATHAN WHITE,Noble Care,Day Support,3,52,Stephanie Eatton-Johnson,Clinical Director,Unassigned,Assigned (DBHDS 14-Day Pre-Due Window - Wk 50),CAPACITY CONFLICT — PEAK OVERFLOW
WT2 - Quarterly Review (Q1),NATHAN WHITE,Noble Care,Day Support,1.5,52,Latoya Smith,Clinical Director,Unassigned,Assigned,CAPACITY CONFLICT — PEAK OVERFLOW
WT2 - Quarterly Review (Q2),NATHAN WHITE,Noble Care,Day Support,1.5,13,Ayaat Albayati,Clinical Operations Director,Unassigned,Assigned,CAPACITY CONFLICT — CRITICAL OVERFLOW
WT2 - Quarterly Review (Q3),NATHAN WHITE,Noble Care,Day Support,1.5,26,Stephanie Eatton-Johnson,Clinical Director,Unassigned,Assigned,CAPACITY CONFLICT — CRITICAL OVERFLOW
WT2 - Quarterly Review (Q4),NATHAN WHITE,Noble Care,Day Support,1.5,39,Ayaat Albayati,Clinical Operations Director,Unassigned,Assigned (Smoothed - Wk 38),CAPACITY CONFLICT — CRITICAL OVERFLOW
WT1 - Annual ISP,Nicholas Stephens,Noble Care,Day Support,3,43,Kristin Williams,DDS 2,Unassigned,Assigned,System Scheduled
WT2 - Quarterly Review (Q1),Nicholas Stephens,Noble Care,Day Support,1.5,43,Ondrea Wilson,DDA,Unassigned,Assigned,System Scheduled
WT2 - Quarterly Review (Q2),Nicholas Stephens,Noble Care,Day Support,1.5,4,Kristin Williams,DDS 2,Unassigned,Assigned,System Scheduled
WT2 - Quarterly Review (Q3),Nicholas Stephens,Noble Care,Day Support,1.5,17,Kristin Williams,DDS 2,Unassigned,Assigned,System Scheduled
WT2 - Quarterly Review (Q4),Nicholas Stephens,Noble Care,Day Support,1.5,30,Ondrea Wilson,DDA,Unassigned,Assigned,System Scheduled
WT1 - Annual ISP,ROBERT GRANT,Noble Care,Day Support,3,52,Ayaat Albayati,Clinical Operations Director,Unassigned,Assigned (DBHDS 14-Day Pre-Due Window - Wk 50),CAPACITY CONFLICT — PEAK OVERFLOW
WT2 - Quarterly Review (Q1),ROBERT GRANT,Noble Care,Day Support,1.5,52,Latoya Smith,Clinical Director,Unassigned,Assigned,CAPACITY CONFLICT — PEAK OVERFLOW
WT2 - Quarterly Review (Q2),ROBERT GRANT,Noble Care,Day Support,1.5,13,Latoya Smith,Clinical Director,Unassigned,Assigned,CAPACITY CONFLICT — CRITICAL OVERFLOW
WT2 - Quarterly Review (Q3),ROBERT GRANT,Noble Care,Day Support,1.5,26,Ayaat Albayati,Clinical Operations Director,Unassigned,Assigned,CAPACITY CONFLICT — CRITICAL OVERFLOW
WT2 - Quarterly Review (Q4),ROBERT GRANT,Noble Care,Day Support,1.5,39,Latoya Smith,Clinical Director,Unassigned,Assigned (Smoothed - Wk 38),CAPACITY CONFLICT — CRITICAL OVERFLOW
WT1 - Annual ISP,SIMON LEWIS,Noble Care,Day Support,3,43,Shalette Shaw,DDS 2,Unassigned,Assigned,System Scheduled
WT2 - Quarterly Review (Q1),SIMON LEWIS,Noble Care,Day Support,1.5,43,Mohammed,QDDP,Unassigned,Assigned,System Scheduled
WT2 - Quarterly Review (Q2),SIMON LEWIS,Noble Care,Day Support,1.5,4,Ashley Shilo,DDA,Unassigned,Assigned,System Scheduled
WT2 - Quarterly Review (Q3),SIMON LEWIS,Noble Care,Day Support,1.5,17,Ashley Shilo,DDA,Unassigned,Assigned,System Scheduled
WT2 - Quarterly Review (Q4),SIMON LEWIS,Noble Care,Day Support,1.5,30,Shalette Shaw,DDS 2,Unassigned,Assigned,System Scheduled
WT1 - Annual ISP,Tashayla Ruffin,Noble Care,Day Support,3,52,Stephanie Eatton-Johnson,Clinical Director,Unassigned,Assigned (DBHDS 14-Day Pre-Due Window - Wk 50),CAPACITY CONFLICT — PEAK OVERFLOW
WT2 - Quarterly Review (Q1),Tashayla Ruffin,Noble Care,Day Support,1.5,52,Latoya Smith,Clinical Director,Unassigned,Assigned,CAPACITY CONFLICT — PEAK OVERFLOW
WT2 - Quarterly Review (Q2),Tashayla Ruffin,Noble Care,Day Support,1.5,13,Stephanie Eatton-Johnson,Clinical Director,Unassigned,Assigned,CAPACITY CONFLICT — CRITICAL OVERFLOW
WT2 - Quarterly Review (Q3),Tashayla Ruffin,Noble Care,Day Support,1.5,26,Latoya Smith,Clinical Director,Unassigned,Assigned,CAPACITY CONFLICT — CRITICAL OVERFLOW
WT2 - Quarterly Review (Q4),Tashayla Ruffin,Noble Care,Day Support,1.5,39,Stephanie Eatton-Johnson,Clinical Director,Unassigned,Assigned (Smoothed - Wk 38),CAPACITY CONFLICT — CRITICAL OVERFLOW
WT1 - Annual ISP,THOMAS HARRELL,Noble Care,Day Support,3,46,Shalette Shaw,DDS 2,Unassigned,Assigned,System Scheduled
WT2 - Quarterly Review (Q1),THOMAS HARRELL,Noble Care,Day Support,1.5,46,Kristin Williams,DDS 2,Unassigned,Assigned,System Scheduled
WT2 - Quarterly Review (Q2),THOMAS HARRELL,Noble Care,Day Support,1.5,7,Jerry Burton,DDS 1,Unassigned,Assigned,System Scheduled
WT2 - Quarterly Review (Q3),THOMAS HARRELL,Noble Care,Day Support,1.5,20,Jerry Burton,DDS 1,Unassigned,Assigned,System Scheduled
WT2 - Quarterly Review (Q4),THOMAS HARRELL,Noble Care,Day Support,1.5,33,Mohammed,QDDP,Unassigned,Assigned,System Scheduled
WT1 - Annual ISP,TIMOTHY DRAUGHN,Noble Care,Day Support,3,52,Ayaat Albayati,Clinical Operations Director,Unassigned,Assigned (DBHDS 14-Day Pre-Due Window - Wk 50),CAPACITY CONFLICT — PEAK OVERFLOW
WT2 - Quarterly Review (Q1),TIMOTHY DRAUGHN,Noble Care,Day Support,1.5,52,Latoya Smith,Clinical Director,Unassigned,Assigned,CAPACITY CONFLICT — PEAK OVERFLOW
WT2 - Quarterly Review (Q2),TIMOTHY DRAUGHN,Noble Care,Day Support,1.5,13,Ayaat Albayati,Clinical Operations Director,Unassigned,Assigned,CAPACITY CONFLICT — CRITICAL OVERFLOW
WT2 - Quarterly Review (Q3),TIMOTHY DRAUGHN,Noble Care,Day Support,1.5,26,Stephanie Eatton-Johnson,Clinical Director,Unassigned,Assigned,CAPACITY CONFLICT — CRITICAL OVERFLOW
WT2 - Quarterly Review (Q4),TIMOTHY DRAUGHN,Noble Care,Day Support,1.5,39,Ayaat Albayati,Clinical Operations Director,Unassigned,Assigned (Smoothed - Wk 38),CAPACITY CONFLICT — CRITICAL OVERFLOW
WT1 - Annual ISP,VIRGINIA ALLEN,Noble Care,Day Support,3,48,Mohammed,QDDP,Unassigned,Assigned,System Scheduled
WT2 - Quarterly Review (Q1),VIRGINIA ALLEN,Noble Care,Day Support,1.5,48,Kristin Williams,DDS 2,Unassigned,Assigned,System Scheduled
WT2 - Quarterly Review (Q2),VIRGINIA ALLEN,Noble Care,Day Support,1.5,9,Kristin Williams,DDS 2,Unassigned,Assigned,System Scheduled
WT2 - Quarterly Review (Q3),VIRGINIA ALLEN,Noble Care,Day Support,1.5,22,Kristin Williams,DDS 2,Unassigned,Assigned,System Scheduled
WT2 - Quarterly Review (Q4),VIRGINIA ALLEN,Noble Care,Day Support,1.5,35,Mohammed,QDDP,Unassigned,Assigned,System Scheduled
WT1 - Annual ISP,ANTHONY GREENE,Noble Care,Sponsor Residential,3,52,Stephanie Eatton-Johnson,Clinical Director,Unassigned,Assigned (DBHDS 14-Day Pre-Due Window - Wk 50),CAPACITY CONFLICT — PEAK OVERFLOW
WT2 - Quarterly Review (Q1),ANTHONY GREENE,Noble Care,Sponsor Residential,1.5,52,Latoya Smith,Clinical Director,Unassigned,Assigned,CAPACITY CONFLICT — PEAK OVERFLOW
WT2 - Quarterly Review (Q2),ANTHONY GREENE,Noble Care,Sponsor Residential,1.5,13,Latoya Smith,Clinical Director,Unassigned,Assigned,CAPACITY CONFLICT — CRITICAL OVERFLOW
WT2 - Quarterly Review (Q3),ANTHONY GREENE,Noble Care,Sponsor Residential,1.5,26,Ayaat Albayati,Clinical Operations Director,Unassigned,Assigned,CAPACITY CONFLICT — CRITICAL OVERFLOW
WT2 - Quarterly Review (Q4),ANTHONY GREENE,Noble Care,Sponsor Residential,1.5,39,Latoya Smith,Clinical Director,Unassigned,Assigned (Smoothed - Wk 38),CAPACITY CONFLICT — CRITICAL OVERFLOW
WT1 - Annual ISP,Christopher Miller,Noble Care,Sponsor Residential,3,52,Ayaat Albayati,Clinical Operations Director,Unassigned,Assigned (DBHDS 14-Day Pre-Due Window - Wk 50),CAPACITY CONFLICT — PEAK OVERFLOW
WT2 - Quarterly Review (Q1),Christopher Miller,Noble Care,Sponsor Residential,1.5,52,Latoya Smith,Clinical Director,Unassigned,Assigned,CAPACITY CONFLICT — PEAK OVERFLOW
WT2 - Quarterly Review (Q2),Christopher Miller,Noble Care,Sponsor Residential,1.5,13,Stephanie Eatton-Johnson,Clinical Director,Unassigned,Assigned,CAPACITY CONFLICT — CRITICAL OVERFLOW
WT2 - Quarterly Review (Q3),Christopher Miller,Noble Care,Sponsor Residential,1.5,26,Latoya Smith,Clinical Director,Unassigned,Assigned,CAPACITY CONFLICT — CRITICAL OVERFLOW
WT2 - Quarterly Review (Q4),Christopher Miller,Noble Care,Sponsor Residential,1.5,39,Stephanie Eatton-Johnson,Clinical Director,Unassigned,Assigned (Smoothed - Wk 38),CAPACITY CONFLICT — CRITICAL OVERFLOW
WT1 - Annual ISP,MORGAN CARR,Noble Care,Sponsor Residential,3,52,Stephanie Eatton-Johnson,Clinical Director,Unassigned,Assigned (DBHDS 14-Day Pre-Due Window - Wk 50),CAPACITY CONFLICT — PEAK OVERFLOW
WT2 - Quarterly Review (Q1),MORGAN CARR,Noble Care,Sponsor Residential,1.5,52,Latoya Smith,Clinical Director,Unassigned,Assigned,CAPACITY CONFLICT — PEAK OVERFLOW
WT2 - Quarterly Review (Q2),MORGAN CARR,Noble Care,Sponsor Residential,1.5,13,Ayaat Albayati,Clinical Operations Director,Unassigned,Assigned,CAPACITY CONFLICT — CRITICAL OVERFLOW
WT2 - Quarterly Review (Q3),MORGAN CARR,Noble Care,Sponsor Residential,1.5,26,Stephanie Eatton-Johnson,Clinical Director,Unassigned,Assigned,CAPACITY CONFLICT — CRITICAL OVERFLOW
WT2 - Quarterly Review (Q4),MORGAN CARR,Noble Care,Sponsor Residential,1.5,39,Ayaat Albayati,Clinical Operations Director,Unassigned,Assigned (Smoothed - Wk 38),CAPACITY CONFLICT — CRITICAL OVERFLOW
WT1 - Annual ISP,ROBERT GRANT,Noble Care,Sponsor Residential,3,52,Ayaat Albayati,Clinical Operations Director,Unassigned,Assigned (DBHDS 14-Day Pre-Due Window - Wk 50),CAPACITY CONFLICT — PEAK OVERFLOW
WT2 - Quarterly Review (Q1),ROBERT GRANT,Noble Care,Sponsor Residential,1.5,52,Latoya Smith,Clinical Director,Unassigned,Assigned,CAPACITY CONFLICT — PEAK OVERFLOW
WT2 - Quarterly Review (Q2),ROBERT GRANT,Noble Care,Sponsor Residential,1.5,13,Latoya Smith,Clinical Director,Unassigned,Assigned,CAPACITY CONFLICT — CRITICAL OVERFLOW
WT2 - Quarterly Review (Q3),ROBERT GRANT,Noble Care,Sponsor Residential,1.5,26,Ayaat Albayati,Clinical Operations Director,Unassigned,Assigned,CAPACITY CONFLICT — CRITICAL OVERFLOW
WT2 - Quarterly Review (Q4),ROBERT GRANT,Noble Care,Sponsor Residential,1.5,39,Latoya Smith,Clinical Director,Unassigned,Assigned (Smoothed - Wk 38),CAPACITY CONFLICT — CRITICAL OVERFLOW
WT1 - Annual ISP,SIMON LEWIS,Noble Care,Sponsor Residential,3,43,Ashley Shilo,DDA,Unassigned,Assigned,System Scheduled
WT2 - Quarterly Review (Q1),SIMON LEWIS,Noble Care,Sponsor Residential,1.5,43,Ondrea Wilson,DDA,Unassigned,Assigned,System Scheduled
WT2 - Quarterly Review (Q2),SIMON LEWIS,Noble Care,Sponsor Residential,1.5,4,Ondrea Wilson,DDA,Unassigned,Assigned,System Scheduled
WT2 - Quarterly Review (Q3),SIMON LEWIS,Noble Care,Sponsor Residential,1.5,17,Ondrea Wilson,DDA,Unassigned,Assigned,System Scheduled
WT2 - Quarterly Review (Q4),SIMON LEWIS,Noble Care,Sponsor Residential,1.5,30,Mohammed,QDDP,Unassigned,Assigned,System Scheduled
WT1 - Annual ISP,THOMAS HARRELL,Noble Care,Sponsor Residential,3,46,Ashley Shilo,DDA,Unassigned,Assigned,System Scheduled
WT2 - Quarterly Review (Q1),THOMAS HARRELL,Noble Care,Sponsor Residential,1.5,46,Ondrea Wilson,DDA,Unassigned,Assigned,System Scheduled
WT2 - Quarterly Review (Q2),THOMAS HARRELL,Noble Care,Sponsor Residential,1.5,7,Mohammed,QDDP,Unassigned,Assigned,System Scheduled
WT2 - Quarterly Review (Q3),THOMAS HARRELL,Noble Care,Sponsor Residential,1.5,20,Mohammed,QDDP,Unassigned,Assigned,System Scheduled
WT2 - Quarterly Review (Q4),THOMAS HARRELL,Noble Care,Sponsor Residential,1.5,33,Kristin Williams,DDS 2,Unassigned,Assigned,System Scheduled
WT1 - Annual ISP,Zachary Rogers,Nurturing Hearts Support Services,Community Engagement,3,45,Kristin Williams,DDS 2,Unassigned,Assigned,System Scheduled
WT2 - Quarterly Review (Q1),Zachary Rogers,Nurturing Hearts Support Services,Community Engagement,1.5,45,Ondrea Wilson,DDA,Unassigned,Assigned,System Scheduled
WT2 - Quarterly Review (Q2),Zachary Rogers,Nurturing Hearts Support Services,Community Engagement,1.5,6,Kristin Williams,DDS 2,Unassigned,Assigned,System Scheduled
WT2 - Quarterly Review (Q3),Zachary Rogers,Nurturing Hearts Support Services,Community Engagement,1.5,19,Kristin Williams,DDS 2,Unassigned,Assigned,System Scheduled
WT2 - Quarterly Review (Q4),Zachary Rogers,Nurturing Hearts Support Services,Community Engagement,1.5,32,Kristin Williams,DDS 2,Unassigned,Assigned,System Scheduled
WT1 - Annual ISP,Donald Boone,Nurturing Hearts Support Services,Supportive In-Home,3,40,Shalette Shaw,DDS 2,Unassigned,Assigned,System Scheduled
WT2 - Quarterly Review (Q1),Donald Boone,Nurturing Hearts Support Services,Supportive In-Home,1.5,40,Mohammed,QDDP,Unassigned,Assigned,System Scheduled
WT2 - Quarterly Review (Q2),Donald Boone,Nurturing Hearts Support Services,Supportive In-Home,1.5,1,Ashley Shilo,DDA,Unassigned,Assigned,System Scheduled
WT2 - Quarterly Review (Q3),Donald Boone,Nurturing Hearts Support Services,Supportive In-Home,1.5,14,Kristin Williams,DDS 2,Unassigned,Assigned,System Scheduled
WT2 - Quarterly Review (Q4),Donald Boone,Nurturing Hearts Support Services,Supportive In-Home,1.5,27,Kristin Williams,DDS 2,Unassigned,Assigned,System Scheduled
WT1 - Annual ISP,Zachary Rogers,Nurturing Hearts Support Services,Supportive In-Home,3,45,Mohammed,QDDP,Unassigned,Assigned,System Scheduled
WT2 - Quarterly Review (Q1),Zachary Rogers,Nurturing Hearts Support Services,Supportive In-Home,1.5,45,Ashley Shilo,DDA,Unassigned,Assigned,System Scheduled
WT2 - Quarterly Review (Q2),Zachary Rogers,Nurturing Hearts Support Services,Supportive In-Home,1.5,6,Jerry Burton,DDS 1,Unassigned,Assigned,System Scheduled
WT2 - Quarterly Review (Q3),Zachary Rogers,Nurturing Hearts Support Services,Supportive In-Home,1.5,19,Jerry Burton,DDS 1,Unassigned,Assigned,System Scheduled
WT2 - Quarterly Review (Q4),Zachary Rogers,Nurturing Hearts Support Services,Supportive In-Home,1.5,32,Jerry Burton,DDS 1,Unassigned,Assigned,System Scheduled
WT1 - Annual ISP,AKIMA ELEONORA,Person2Person,Community Coaching,3,52,Stephanie Eatton-Johnson,Clinical Director,Unassigned,Assigned (DBHDS 14-Day Pre-Due Window - Wk 50),CAPACITY CONFLICT — PEAK OVERFLOW
WT2 - Quarterly Review (Q1),AKIMA ELEONORA,Person2Person,Community Coaching,1.5,52,Latoya Smith,Clinical Director,Unassigned,Assigned,CAPACITY CONFLICT — PEAK OVERFLOW
WT2 - Quarterly Review (Q2),AKIMA ELEONORA,Person2Person,Community Coaching,1.5,13,Stephanie Eatton-Johnson,Clinical Director,Unassigned,Assigned,CAPACITY CONFLICT — CRITICAL OVERFLOW
WT2 - Quarterly Review (Q3),AKIMA ELEONORA,Person2Person,Community Coaching,1.5,26,Latoya Smith,Clinical Director,Unassigned,Assigned,CAPACITY CONFLICT — CRITICAL OVERFLOW
WT2 - Quarterly Review (Q4),AKIMA ELEONORA,Person2Person,Community Coaching,1.5,39,Stephanie Eatton-Johnson,Clinical Director,Unassigned,Assigned (Smoothed - Wk 38),CAPACITY CONFLICT — CRITICAL OVERFLOW
WT1 - Annual ISP,Christopher Bardan,Person2Person,Community Coaching,3,38,Jerry Burton,DDS 1,Unassigned,Assigned,System Scheduled
WT2 - Quarterly Review (Q1),Christopher Bardan,Person2Person,Community Coaching,1.5,38,Mohammed,QDDP,Unassigned,Assigned,System Scheduled
WT2 - Quarterly Review (Q2),Christopher Bardan,Person2Person,Community Coaching,1.5,51,Mohammed,QDDP,Unassigned,Assigned,System Scheduled
WT2 - Quarterly Review (Q3),Christopher Bardan,Person2Person,Community Coaching,1.5,12,Kristin Williams,DDS 2,Unassigned,Assigned,System Scheduled
WT2 - Quarterly Review (Q4),Christopher Bardan,Person2Person,Community Coaching,1.5,25,Kristin Williams,DDS 2,Unassigned,Assigned,System Scheduled
WT1 - Annual ISP,JOSEPH JACKSON,Person2Person,Community Coaching,3,52,Ayaat Albayati,Clinical Operations Director,Unassigned,Assigned (DBHDS 14-Day Pre-Due Window - Wk 50),CAPACITY CONFLICT — PEAK OVERFLOW
WT2 - Quarterly Review (Q1),JOSEPH JACKSON,Person2Person,Community Coaching,1.5,52,Latoya Smith,Clinical Director,Unassigned,Assigned,CAPACITY CONFLICT — PEAK OVERFLOW
WT2 - Quarterly Review (Q2),JOSEPH JACKSON,Person2Person,Community Coaching,1.5,13,Ayaat Albayati,Clinical Operations Director,Unassigned,Assigned,CAPACITY CONFLICT — CRITICAL OVERFLOW
WT2 - Quarterly Review (Q3),JOSEPH JACKSON,Person2Person,Community Coaching,1.5,26,Stephanie Eatton-Johnson,Clinical Director,Unassigned,Assigned,CAPACITY CONFLICT — CRITICAL OVERFLOW
WT2 - Quarterly Review (Q4),JOSEPH JACKSON,Person2Person,Community Coaching,1.5,39,Ayaat Albayati,Clinical Operations Director,Unassigned,Assigned (Smoothed - Wk 38),CAPACITY CONFLICT — CRITICAL OVERFLOW
WT1 - Annual ISP,Kenneth Benton Jr,Person2Person,Community Coaching,3,52,Stephanie Eatton-Johnson,Clinical Director,Unassigned,Assigned (DBHDS 14-Day Pre-Due Window - Wk 50),CAPACITY CONFLICT — PEAK OVERFLOW
WT2 - Quarterly Review (Q1),Kenneth Benton Jr,Person2Person,Community Coaching,1.5,52,Latoya Smith,Clinical Director,Unassigned,Assigned,CAPACITY CONFLICT — PEAK OVERFLOW
WT2 - Quarterly Review (Q2),Kenneth Benton Jr,Person2Person,Community Coaching,1.5,13,Latoya Smith,Clinical Director,Unassigned,Assigned,CAPACITY CONFLICT — CRITICAL OVERFLOW
WT2 - Quarterly Review (Q3),Kenneth Benton Jr,Person2Person,Community Coaching,1.5,26,Ayaat Albayati,Clinical Operations Director,Unassigned,Assigned,CAPACITY CONFLICT — CRITICAL OVERFLOW
WT2 - Quarterly Review (Q4),Kenneth Benton Jr,Person2Person,Community Coaching,1.5,39,Latoya Smith,Clinical Director,Unassigned,Assigned (Smoothed - Wk 38),CAPACITY CONFLICT — CRITICAL OVERFLOW
WT1 - Annual ISP,KIRSTIN HAMMONDS,Person2Person,Community Coaching,3,52,Ayaat Albayati,Clinical Operations Director,Unassigned,Assigned (DBHDS 14-Day Pre-Due Window - Wk 50),CAPACITY CONFLICT — PEAK OVERFLOW
WT2 - Quarterly Review (Q1),KIRSTIN HAMMONDS,Person2Person,Community Coaching,1.5,52,Latoya Smith,Clinical Director,Unassigned,Assigned,CAPACITY CONFLICT — PEAK OVERFLOW
WT2 - Quarterly Review (Q2),KIRSTIN HAMMONDS,Person2Person,Community Coaching,1.5,13,Stephanie Eatton-Johnson,Clinical Director,Unassigned,Assigned,CAPACITY CONFLICT — CRITICAL OVERFLOW
WT2 - Quarterly Review (Q3),KIRSTIN HAMMONDS,Person2Person,Community Coaching,1.5,26,Latoya Smith,Clinical Director,Unassigned,Assigned,CAPACITY CONFLICT — CRITICAL OVERFLOW
WT2 - Quarterly Review (Q4),KIRSTIN HAMMONDS,Person2Person,Community Coaching,1.5,39,Stephanie Eatton-Johnson,Clinical Director,Unassigned,Assigned (Smoothed - Wk 38),CAPACITY CONFLICT — CRITICAL OVERFLOW
WT1 - Annual ISP,Lafayette Edwards,Person2Person,Community Coaching,3,40,Kristin Williams,DDS 2,Unassigned,Assigned,System Scheduled
WT2 - Quarterly Review (Q1),Lafayette Edwards,Person2Person,Community Coaching,1.5,40,Ondrea Wilson,DDA,Unassigned,Assigned,System Scheduled
WT2 - Quarterly Review (Q2),Lafayette Edwards,Person2Person,Community Coaching,1.5,1,Ondrea Wilson,DDA,Unassigned,Assigned,System Scheduled
WT2 - Quarterly Review (Q3),Lafayette Edwards,Person2Person,Community Coaching,1.5,14,Ashley Shilo,DDA,Unassigned,Assigned,System Scheduled
WT2 - Quarterly Review (Q4),Lafayette Edwards,Person2Person,Community Coaching,1.5,27,Ashley Shilo,DDA,Unassigned,Assigned,System Scheduled
WT1 - Annual ISP,MICAH COOK,Person2Person,Community Coaching,3,52,Stephanie Eatton-Johnson,Clinical Director,Unassigned,Assigned (DBHDS 14-Day Pre-Due Window - Wk 50),CAPACITY CONFLICT — PEAK OVERFLOW
WT2 - Quarterly Review (Q1),MICAH COOK,Person2Person,Community Coaching,1.5,52,Latoya Smith,Clinical Director,Unassigned,Assigned,CAPACITY CONFLICT — PEAK OVERFLOW
WT2 - Quarterly Review (Q2),MICAH COOK,Person2Person,Community Coaching,1.5,13,Ayaat Albayati,Clinical Operations Director,Unassigned,Assigned,CAPACITY CONFLICT — CRITICAL OVERFLOW
WT2 - Quarterly Review (Q3),MICAH COOK,Person2Person,Community Coaching,1.5,26,Stephanie Eatton-Johnson,Clinical Director,Unassigned,Assigned,CAPACITY CONFLICT — CRITICAL OVERFLOW
WT2 - Quarterly Review (Q4),MICAH COOK,Person2Person,Community Coaching,1.5,39,Ayaat Albayati,Clinical Operations Director,Unassigned,Assigned (Smoothed - Wk 38),CAPACITY CONFLICT — CRITICAL OVERFLOW
WT1 - Annual ISP,Nakira Washington,Person2Person,Community Coaching,3,52,Ayaat Albayati,Clinical Operations Director,Unassigned,Assigned (DBHDS 14-Day Pre-Due Window - Wk 50),CAPACITY CONFLICT — PEAK OVERFLOW
WT2 - Quarterly Review (Q1),Nakira Washington,Person2Person,Community Coaching,1.5,52,Latoya Smith,Clinical Director,Unassigned,Assigned,CAPACITY CONFLICT — PEAK OVERFLOW
WT2 - Quarterly Review (Q2),Nakira Washington,Person2Person,Community Coaching,1.5,13,Latoya Smith,Clinical Director,Unassigned,Assigned,CAPACITY CONFLICT — CRITICAL OVERFLOW
WT2 - Quarterly Review (Q3),Nakira Washington,Person2Person,Community Coaching,1.5,26,Ayaat Albayati,Clinical Operations Director,Unassigned,Assigned,CAPACITY CONFLICT — CRITICAL OVERFLOW
WT2 - Quarterly Review (Q4),Nakira Washington,Person2Person,Community Coaching,1.5,39,Latoya Smith,Clinical Director,Unassigned,Assigned (Smoothed - Wk 38),CAPACITY CONFLICT — CRITICAL OVERFLOW
WT1 - Annual ISP,Patrick Lucas,Person2Person,Community Coaching,3,41,Kristin Williams,DDS 2,Unassigned,Assigned,System Scheduled
WT2 - Quarterly Review (Q1),Patrick Lucas,Person2Person,Community Coaching,1.5,41,Ondrea Wilson,DDA,Unassigned,Assigned,System Scheduled
WT2 - Quarterly Review (Q2),Patrick Lucas,Person2Person,Community Coaching,1.5,2,Kristin Williams,DDS 2,Unassigned,Assigned,System Scheduled
WT2 - Quarterly Review (Q3),Patrick Lucas,Person2Person,Community Coaching,1.5,15,Kristin Williams,DDS 2,Unassigned,Assigned,System Scheduled
WT2 - Quarterly Review (Q4),Patrick Lucas,Person2Person,Community Coaching,1.5,28,Kristin Williams,DDS 2,Unassigned,Assigned,System Scheduled
WT1 - Annual ISP,RAJEE JONES,Person2Person,Community Coaching,3,52,Stephanie Eatton-Johnson,Clinical Director,Unassigned,Assigned (DBHDS 14-Day Pre-Due Window - Wk 50),CAPACITY CONFLICT — PEAK OVERFLOW
WT2 - Quarterly Review (Q1),RAJEE JONES,Person2Person,Community Coaching,1.5,52,Latoya Smith,Clinical Director,Unassigned,Assigned,CAPACITY CONFLICT — PEAK OVERFLOW
WT2 - Quarterly Review (Q2),RAJEE JONES,Person2Person,Community Coaching,1.5,13,Stephanie Eatton-Johnson,Clinical Director,Unassigned,Assigned,CAPACITY CONFLICT — CRITICAL OVERFLOW
WT2 - Quarterly Review (Q3),RAJEE JONES,Person2Person,Community Coaching,1.5,26,Latoya Smith,Clinical Director,Unassigned,Assigned,CAPACITY CONFLICT — CRITICAL OVERFLOW
WT2 - Quarterly Review (Q4),RAJEE JONES,Person2Person,Community Coaching,1.5,39,Stephanie Eatton-Johnson,Clinical Director,Unassigned,Assigned (Smoothed - Wk 38),CAPACITY CONFLICT — CRITICAL OVERFLOW
WT1 - Annual ISP,REESE GERMROTH,Person2Person,Community Coaching,3,52,Ayaat Albayati,Clinical Operations Director,Unassigned,Assigned (DBHDS 14-Day Pre-Due Window - Wk 50),CAPACITY CONFLICT — PEAK OVERFLOW
WT2 - Quarterly Review (Q1),REESE GERMROTH,Person2Person,Community Coaching,1.5,52,Latoya Smith,Clinical Director,Unassigned,Assigned,CAPACITY CONFLICT — PEAK OVERFLOW
WT2 - Quarterly Review (Q2),REESE GERMROTH,Person2Person,Community Coaching,1.5,13,Ayaat Albayati,Clinical Operations Director,Unassigned,Assigned,CAPACITY CONFLICT — CRITICAL OVERFLOW
WT2 - Quarterly Review (Q3),REESE GERMROTH,Person2Person,Community Coaching,1.5,26,Stephanie Eatton-Johnson,Clinical Director,Unassigned,Assigned,CAPACITY CONFLICT — CRITICAL OVERFLOW
WT2 - Quarterly Review (Q4),REESE GERMROTH,Person2Person,Community Coaching,1.5,39,Ayaat Albayati,Clinical Operations Director,Unassigned,Assigned (Smoothed - Wk 38),CAPACITY CONFLICT — CRITICAL OVERFLOW
WT1 - Annual ISP,RHAKELLE FENTRESS,Person2Person,Community Coaching,3,52,Stephanie Eatton-Johnson,Clinical Director,Unassigned,Assigned (DBHDS 14-Day Pre-Due Window - Wk 50),CAPACITY CONFLICT — PEAK OVERFLOW
WT2 - Quarterly Review (Q1),RHAKELLE FENTRESS,Person2Person,Community Coaching,1.5,52,Latoya Smith,Clinical Director,Unassigned,Assigned,CAPACITY CONFLICT — PEAK OVERFLOW
WT2 - Quarterly Review (Q2),RHAKELLE FENTRESS,Person2Person,Community Coaching,1.5,13,Latoya Smith,Clinical Director,Unassigned,Assigned,CAPACITY CONFLICT — CRITICAL OVERFLOW
WT2 - Quarterly Review (Q3),RHAKELLE FENTRESS,Person2Person,Community Coaching,1.5,26,Ayaat Albayati,Clinical Operations Director,Unassigned,Assigned,CAPACITY CONFLICT — CRITICAL OVERFLOW
WT2 - Quarterly Review (Q4),RHAKELLE FENTRESS,Person2Person,Community Coaching,1.5,39,Latoya Smith,Clinical Director,Unassigned,Assigned (Smoothed - Wk 38),CAPACITY CONFLICT — CRITICAL OVERFLOW
WT1 - Annual ISP,RICHARD DELBRIDGE,Person2Person,Community Coaching,3,52,Ayaat Albayati,Clinical Operations Director,Unassigned,Assigned (DBHDS 14-Day Pre-Due Window - Wk 50),CAPACITY CONFLICT — PEAK OVERFLOW
WT2 - Quarterly Review (Q1),RICHARD DELBRIDGE,Person2Person,Community Coaching,1.5,52,Latoya Smith,Clinical Director,Unassigned,Assigned,CAPACITY CONFLICT — PEAK OVERFLOW
WT2 - Quarterly Review (Q2),RICHARD DELBRIDGE,Person2Person,Community Coaching,1.5,13,Stephanie Eatton-Johnson,Clinical Director,Unassigned,Assigned,CAPACITY CONFLICT — CRITICAL OVERFLOW
WT2 - Quarterly Review (Q3),RICHARD DELBRIDGE,Person2Person,Community Coaching,1.5,26,Latoya Smith,Clinical Director,Unassigned,Assigned,CAPACITY CONFLICT — CRITICAL OVERFLOW
WT2 - Quarterly Review (Q4),RICHARD DELBRIDGE,Person2Person,Community Coaching,1.5,39,Stephanie Eatton-Johnson,Clinical Director,Unassigned,Assigned (Smoothed - Wk 38),CAPACITY CONFLICT — CRITICAL OVERFLOW
WT1 - Annual ISP,SHAYLA RATHBUN,Person2Person,Community Coaching,3,52,Stephanie Eatton-Johnson,Clinical Director,Unassigned,Assigned (DBHDS 14-Day Pre-Due Window - Wk 50),CAPACITY CONFLICT — PEAK OVERFLOW
WT2 - Quarterly Review (Q1),SHAYLA RATHBUN,Person2Person,Community Coaching,1.5,52,Latoya Smith,Clinical Director,Unassigned,Assigned,CAPACITY CONFLICT — PEAK OVERFLOW
WT2 - Quarterly Review (Q2),SHAYLA RATHBUN,Person2Person,Community Coaching,1.5,13,Ayaat Albayati,Clinical Operations Director,Unassigned,Assigned,CAPACITY CONFLICT — CRITICAL OVERFLOW
WT2 - Quarterly Review (Q3),SHAYLA RATHBUN,Person2Person,Community Coaching,1.5,26,Stephanie Eatton-Johnson,Clinical Director,Unassigned,Assigned,CAPACITY CONFLICT — CRITICAL OVERFLOW
WT2 - Quarterly Review (Q4),SHAYLA RATHBUN,Person2Person,Community Coaching,1.5,39,Ayaat Albayati,Clinical Operations Director,Unassigned,Assigned (Smoothed - Wk 38),CAPACITY CONFLICT — CRITICAL OVERFLOW
WT1 - Annual ISP,TOLANDA HARRIS,Person2Person,Community Coaching,3,52,Ayaat Albayati,Clinical Operations Director,Unassigned,Assigned (DBHDS 14-Day Pre-Due Window - Wk 50),CAPACITY CONFLICT — PEAK OVERFLOW
WT2 - Quarterly Review (Q1),TOLANDA HARRIS,Person2Person,Community Coaching,1.5,52,Latoya Smith,Clinical Director,Unassigned,Assigned,CAPACITY CONFLICT — PEAK OVERFLOW
WT2 - Quarterly Review (Q2),TOLANDA HARRIS,Person2Person,Community Coaching,1.5,13,Latoya Smith,Clinical Director,Unassigned,Assigned,CAPACITY CONFLICT — CRITICAL OVERFLOW
WT2 - Quarterly Review (Q3),TOLANDA HARRIS,Person2Person,Community Coaching,1.5,26,Ayaat Albayati,Clinical Operations Director,Unassigned,Assigned,CAPACITY CONFLICT — CRITICAL OVERFLOW
WT2 - Quarterly Review (Q4),TOLANDA HARRIS,Person2Person,Community Coaching,1.5,39,Latoya Smith,Clinical Director,Unassigned,Assigned (Smoothed - Wk 38),CAPACITY CONFLICT — CRITICAL OVERFLOW
WT1 - Annual ISP,Nakira Washington,Person2Person,Group Home,3,52,Stephanie Eatton-Johnson,Clinical Director,Unassigned,Assigned (DBHDS 14-Day Pre-Due Window - Wk 50),CAPACITY CONFLICT — PEAK OVERFLOW
WT2 - Quarterly Review (Q1),Nakira Washington,Person2Person,Group Home,1.5,52,Latoya Smith,Clinical Director,Unassigned,Assigned,CAPACITY CONFLICT — PEAK OVERFLOW
WT2 - Quarterly Review (Q2),Nakira Washington,Person2Person,Group Home,1.5,13,Stephanie Eatton-Johnson,Clinical Director,Unassigned,Assigned,CAPACITY CONFLICT — CRITICAL OVERFLOW
WT2 - Quarterly Review (Q3),Nakira Washington,Person2Person,Group Home,1.5,26,Latoya Smith,Clinical Director,Unassigned,Assigned,CAPACITY CONFLICT — CRITICAL OVERFLOW
WT2 - Quarterly Review (Q4),Nakira Washington,Person2Person,Group Home,1.5,39,Stephanie Eatton-Johnson,Clinical Director,Unassigned,Assigned (Smoothed - Wk 38),CAPACITY CONFLICT — CRITICAL OVERFLOW
WT1 - Annual ISP,RHAKELLE FENTRESS,Person2Person,Group Home,3,52,Ayaat Albayati,Clinical Operations Director,Unassigned,Assigned (DBHDS 14-Day Pre-Due Window - Wk 50),CAPACITY CONFLICT — PEAK OVERFLOW
WT2 - Quarterly Review (Q1),RHAKELLE FENTRESS,Person2Person,Group Home,1.5,52,Latoya Smith,Clinical Director,Unassigned,Assigned,CAPACITY CONFLICT — PEAK OVERFLOW
WT2 - Quarterly Review (Q2),RHAKELLE FENTRESS,Person2Person,Group Home,1.5,13,Ayaat Albayati,Clinical Operations Director,Unassigned,Assigned,CAPACITY CONFLICT — CRITICAL OVERFLOW
WT2 - Quarterly Review (Q3),RHAKELLE FENTRESS,Person2Person,Group Home,1.5,26,Stephanie Eatton-Johnson,Clinical Director,Unassigned,Assigned,CAPACITY CONFLICT — CRITICAL OVERFLOW
WT2 - Quarterly Review (Q4),RHAKELLE FENTRESS,Person2Person,Group Home,1.5,39,Ayaat Albayati,Clinical Operations Director,Unassigned,Assigned (Smoothed - Wk 38),CAPACITY CONFLICT — CRITICAL OVERFLOW
WT1 - Annual ISP,Dawn Leonard,Person2Person,Supportive In-Home,3,39,Latoya Smith,Clinical Director,Unassigned,Assigned (Smoothed - Wk 38),CAPACITY CONFLICT — CRITICAL OVERFLOW
WT2 - Quarterly Review (Q1),Dawn Leonard,Person2Person,Supportive In-Home,1.5,39,Stephanie Eatton-Johnson,Clinical Director,Unassigned,Assigned (Smoothed - Wk 38),CAPACITY CONFLICT — CRITICAL OVERFLOW
WT2 - Quarterly Review (Q2),Dawn Leonard,Person2Person,Supportive In-Home,1.5,52,Stephanie Eatton-Johnson,Clinical Director,Unassigned,Assigned,CAPACITY CONFLICT — PEAK OVERFLOW
WT2 - Quarterly Review (Q3),Dawn Leonard,Person2Person,Supportive In-Home,1.5,13,Latoya Smith,Clinical Director,Unassigned,Assigned (Smoothed - Wk 12),CAPACITY CONFLICT — CRITICAL OVERFLOW
WT2 - Quarterly Review (Q4),Dawn Leonard,Person2Person,Supportive In-Home,1.5,26,Ayaat Albayati,Clinical Operations Director,Unassigned,Assigned,CAPACITY CONFLICT — CRITICAL OVERFLOW
WT1 - Annual ISP,Jayden Ruffin,Person2Person,Supportive In-Home,3,52,Latoya Smith,Clinical Director,Unassigned,Assigned (DBHDS 14-Day Pre-Due Window - Wk 50),CAPACITY CONFLICT — PEAK OVERFLOW
WT2 - Quarterly Review (Q1),Jayden Ruffin,Person2Person,Supportive In-Home,1.5,52,Stephanie Eatton-Johnson,Clinical Director,Unassigned,Assigned,CAPACITY CONFLICT — PEAK OVERFLOW
WT2 - Quarterly Review (Q2),Jayden Ruffin,Person2Person,Supportive In-Home,1.5,13,Stephanie Eatton-Johnson,Clinical Director,Unassigned,Assigned (Smoothed - Wk 12),CAPACITY CONFLICT — CRITICAL OVERFLOW
WT2 - Quarterly Review (Q3),Jayden Ruffin,Person2Person,Supportive In-Home,1.5,26,Latoya Smith,Clinical Director,Unassigned,Assigned,CAPACITY CONFLICT — CRITICAL OVERFLOW
WT2 - Quarterly Review (Q4),Jayden Ruffin,Person2Person,Supportive In-Home,1.5,39,Ayaat Albayati,Clinical Operations Director,Unassigned,Assigned (Smoothed - Wk 38),CAPACITY CONFLICT — CRITICAL OVERFLOW
WT1 - Annual ISP,KENYAI COPELAND,Person2Person,Supportive In-Home,3,52,Ayaat Albayati,Clinical Operations Director,Unassigned,Assigned (DBHDS 14-Day Pre-Due Window - Wk 50),CAPACITY CONFLICT — PEAK OVERFLOW
WT2 - Quarterly Review (Q1),KENYAI COPELAND,Person2Person,Supportive In-Home,1.5,52,Stephanie Eatton-Johnson,Clinical Director,Unassigned,Assigned,CAPACITY CONFLICT — PEAK OVERFLOW
WT2 - Quarterly Review (Q2),KENYAI COPELAND,Person2Person,Supportive In-Home,1.5,13,Ayaat Albayati,Clinical Operations Director,Unassigned,Assigned (Smoothed - Wk 12),CAPACITY CONFLICT — CRITICAL OVERFLOW
WT2 - Quarterly Review (Q3),KENYAI COPELAND,Person2Person,Supportive In-Home,1.5,26,Stephanie Eatton-Johnson,Clinical Director,Unassigned,Assigned,CAPACITY CONFLICT — CRITICAL OVERFLOW
WT2 - Quarterly Review (Q4),KENYAI COPELAND,Person2Person,Supportive In-Home,1.5,39,Stephanie Eatton-Johnson,Clinical Director,Unassigned,Assigned (Smoothed - Wk 38),CAPACITY CONFLICT — CRITICAL OVERFLOW
WT1 - Annual ISP,Okera Evans,Person2Person,Supportive In-Home,3,52,Latoya Smith,Clinical Director,Unassigned,Assigned (DBHDS 14-Day Pre-Due Window - Wk 50),CAPACITY CONFLICT — PEAK OVERFLOW
WT2 - Quarterly Review (Q1),Okera Evans,Person2Person,Supportive In-Home,1.5,52,Stephanie Eatton-Johnson,Clinical Director,Unassigned,Assigned,CAPACITY CONFLICT — PEAK OVERFLOW
WT2 - Quarterly Review (Q2),Okera Evans,Person2Person,Supportive In-Home,1.5,13,Latoya Smith,Clinical Director,Unassigned,Assigned (Smoothed - Wk 12),CAPACITY CONFLICT — CRITICAL OVERFLOW
WT2 - Quarterly Review (Q3),Okera Evans,Person2Person,Supportive In-Home,1.5,26,Ayaat Albayati,Clinical Operations Director,Unassigned,Assigned,CAPACITY CONFLICT — CRITICAL OVERFLOW
WT2 - Quarterly Review (Q4),Okera Evans,Person2Person,Supportive In-Home,1.5,39,Ayaat Albayati,Clinical Operations Director,Unassigned,Assigned (Smoothed - Wk 38),CAPACITY CONFLICT — CRITICAL OVERFLOW
WT1 - Annual ISP,REESE GERMROTH,Person2Person,Supportive In-Home,3,52,Ayaat Albayati,Clinical Operations Director,Unassigned,Assigned (DBHDS 14-Day Pre-Due Window - Wk 50),CAPACITY CONFLICT — PEAK OVERFLOW
WT2 - Quarterly Review (Q1),REESE GERMROTH,Person2Person,Supportive In-Home,1.5,52,Stephanie Eatton-Johnson,Clinical Director,Unassigned,Assigned,CAPACITY CONFLICT — PEAK OVERFLOW
WT2 - Quarterly Review (Q2),REESE GERMROTH,Person2Person,Supportive In-Home,1.5,13,Stephanie Eatton-Johnson,Clinical Director,Unassigned,Assigned (Smoothed - Wk 12),CAPACITY CONFLICT — CRITICAL OVERFLOW
WT2 - Quarterly Review (Q3),REESE GERMROTH,Person2Person,Supportive In-Home,1.5,26,Latoya Smith,Clinical Director,Unassigned,Assigned (Smoothed - Wk 25),CAPACITY CONFLICT — CRITICAL OVERFLOW
WT2 - Quarterly Review (Q4),REESE GERMROTH,Person2Person,Supportive In-Home,1.5,39,Latoya Smith,Clinical Director,Unassigned,Assigned (Smoothed - Wk 38),CAPACITY CONFLICT — CRITICAL OVERFLOW
WT1 - Annual ISP,Atalhea Peterson,Pheobe Care Residential Services,Community Engagement,3,52,Latoya Smith,Clinical Director,Unassigned,Assigned (DBHDS 14-Day Pre-Due Window - Wk 50),CAPACITY CONFLICT — PEAK OVERFLOW
WT2 - Quarterly Review (Q1),Atalhea Peterson,Pheobe Care Residential Services,Community Engagement,1.5,52,Stephanie Eatton-Johnson,Clinical Director,Unassigned,Assigned,CAPACITY CONFLICT — PEAK OVERFLOW
WT2 - Quarterly Review (Q2),Atalhea Peterson,Pheobe Care Residential Services,Community Engagement,1.5,13,Ayaat Albayati,Clinical Operations Director,Unassigned,Assigned (Smoothed - Wk 12),CAPACITY CONFLICT — CRITICAL OVERFLOW
WT2 - Quarterly Review (Q3),Atalhea Peterson,Pheobe Care Residential Services,Community Engagement,1.5,26,Stephanie Eatton-Johnson,Clinical Director,Unassigned,Assigned (Smoothed - Wk 25),CAPACITY CONFLICT — CRITICAL OVERFLOW
WT2 - Quarterly Review (Q4),Atalhea Peterson,Pheobe Care Residential Services,Community Engagement,1.5,39,Stephanie Eatton-Johnson,Clinical Director,Unassigned,Assigned (Smoothed - Wk 38),CAPACITY CONFLICT — CRITICAL OVERFLOW
WT1 - Annual ISP,Emily Winebrenner,Pheobe Care Residential Services,Community Engagement,3,42,Mohammed,QDDP,Unassigned,Assigned,System Scheduled
WT2 - Quarterly Review (Q1),Emily Winebrenner,Pheobe Care Residential Services,Community Engagement,1.5,42,Ashley Shilo,DDA,Unassigned,Assigned,System Scheduled
WT2 - Quarterly Review (Q2),Emily Winebrenner,Pheobe Care Residential Services,Community Engagement,1.5,3,Jerry Burton,DDS 1,Unassigned,Assigned,System Scheduled
WT2 - Quarterly Review (Q3),Emily Winebrenner,Pheobe Care Residential Services,Community Engagement,1.5,16,Jerry Burton,DDS 1,Unassigned,Assigned,System Scheduled
WT2 - Quarterly Review (Q4),Emily Winebrenner,Pheobe Care Residential Services,Community Engagement,1.5,29,Jerry Burton,DDS 1,Unassigned,Assigned,System Scheduled
WT1 - Annual ISP,Kathy Smith,Pheobe Care Residential Services,Community Engagement,3,45,Ondrea Wilson,DDA,Unassigned,Assigned,System Scheduled
WT2 - Quarterly Review (Q1),Kathy Smith,Pheobe Care Residential Services,Community Engagement,1.5,45,Shalette Shaw,DDS 2,Unassigned,Assigned,System Scheduled
WT2 - Quarterly Review (Q2),Kathy Smith,Pheobe Care Residential Services,Community Engagement,1.5,6,Mohammed,QDDP,Unassigned,Assigned,System Scheduled
WT2 - Quarterly Review (Q3),Kathy Smith,Pheobe Care Residential Services,Community Engagement,1.5,19,Mohammed,QDDP,Unassigned,Assigned,System Scheduled
WT2 - Quarterly Review (Q4),Kathy Smith,Pheobe Care Residential Services,Community Engagement,1.5,32,Mohammed,QDDP,Unassigned,Assigned,System Scheduled
WT1 - Annual ISP,Lila Mumford,Pheobe Care Residential Services,Community Engagement,3,52,Ayaat Albayati,Clinical Operations Director,Unassigned,Assigned (DBHDS 14-Day Pre-Due Window - Wk 50),CAPACITY CONFLICT — PEAK OVERFLOW
WT2 - Quarterly Review (Q1),Lila Mumford,Pheobe Care Residential Services,Community Engagement,1.5,52,Stephanie Eatton-Johnson,Clinical Director,Unassigned,Assigned,CAPACITY CONFLICT — PEAK OVERFLOW
WT2 - Quarterly Review (Q2),Lila Mumford,Pheobe Care Residential Services,Community Engagement,1.5,13,Latoya Smith,Clinical Director,Unassigned,Assigned (Smoothed - Wk 12),CAPACITY CONFLICT — CRITICAL OVERFLOW
WT2 - Quarterly Review (Q3),Lila Mumford,Pheobe Care Residential Services,Community Engagement,1.5,26,Ayaat Albayati,Clinical Operations Director,Unassigned,Assigned (Smoothed - Wk 25),CAPACITY CONFLICT — CRITICAL OVERFLOW
WT2 - Quarterly Review (Q4),Lila Mumford,Pheobe Care Residential Services,Community Engagement,1.5,39,Ayaat Albayati,Clinical Operations Director,Unassigned,Assigned (Smoothed - Wk 38),CAPACITY CONFLICT — CRITICAL OVERFLOW
WT1 - Annual ISP,MARIA REID,Pheobe Care Residential Services,Community Engagement,3,52,Latoya Smith,Clinical Director,Unassigned,Assigned (DBHDS 14-Day Pre-Due Window - Wk 50),CAPACITY CONFLICT — PEAK OVERFLOW
WT2 - Quarterly Review (Q1),MARIA REID,Pheobe Care Residential Services,Community Engagement,1.5,52,Stephanie Eatton-Johnson,Clinical Director,Unassigned,Assigned,CAPACITY CONFLICT — PEAK OVERFLOW
WT2 - Quarterly Review (Q2),MARIA REID,Pheobe Care Residential Services,Community Engagement,1.5,13,Stephanie Eatton-Johnson,Clinical Director,Unassigned,Assigned (Smoothed - Wk 12),CAPACITY CONFLICT — CRITICAL OVERFLOW
WT2 - Quarterly Review (Q3),MARIA REID,Pheobe Care Residential Services,Community Engagement,1.5,26,Latoya Smith,Clinical Director,Unassigned,Assigned (Smoothed - Wk 25),CAPACITY CONFLICT — CRITICAL OVERFLOW
WT2 - Quarterly Review (Q4),MARIA REID,Pheobe Care Residential Services,Community Engagement,1.5,39,Latoya Smith,Clinical Director,Unassigned,Assigned (Smoothed - Wk 38),CAPACITY CONFLICT — CRITICAL OVERFLOW
WT1 - Annual ISP,MICHAEL BURKE,Pheobe Care Residential Services,Community Engagement,3,52,Ayaat Albayati,Clinical Operations Director,Unassigned,Assigned (DBHDS 14-Day Pre-Due Window - Wk 50),CAPACITY CONFLICT — PEAK OVERFLOW
WT2 - Quarterly Review (Q1),MICHAEL BURKE,Pheobe Care Residential Services,Community Engagement,1.5,52,Stephanie Eatton-Johnson,Clinical Director,Unassigned,Assigned,CAPACITY CONFLICT — PEAK OVERFLOW
WT2 - Quarterly Review (Q2),MICHAEL BURKE,Pheobe Care Residential Services,Community Engagement,1.5,13,Ayaat Albayati,Clinical Operations Director,Unassigned,Assigned (Smoothed - Wk 12),CAPACITY CONFLICT — CRITICAL OVERFLOW
WT2 - Quarterly Review (Q3),MICHAEL BURKE,Pheobe Care Residential Services,Community Engagement,1.5,26,Stephanie Eatton-Johnson,Clinical Director,Unassigned,Assigned (Smoothed - Wk 25),CAPACITY CONFLICT — CRITICAL OVERFLOW
WT2 - Quarterly Review (Q4),MICHAEL BURKE,Pheobe Care Residential Services,Community Engagement,1.5,39,Stephanie Eatton-Johnson,Clinical Director,Unassigned,Assigned (Smoothed - Wk 38),CAPACITY CONFLICT — CRITICAL OVERFLOW
WT1 - Annual ISP,Noah Harrison,Pheobe Care Residential Services,Community Engagement,3,52,Latoya Smith,Clinical Director,Unassigned,Assigned (DBHDS 14-Day Pre-Due Window - Wk 50),CAPACITY CONFLICT — PEAK OVERFLOW
WT2 - Quarterly Review (Q1),Noah Harrison,Pheobe Care Residential Services,Community Engagement,1.5,52,Stephanie Eatton-Johnson,Clinical Director,Unassigned,Assigned,CAPACITY CONFLICT — PEAK OVERFLOW
WT2 - Quarterly Review (Q2),Noah Harrison,Pheobe Care Residential Services,Community Engagement,1.5,13,Latoya Smith,Clinical Director,Unassigned,Assigned (Smoothed - Wk 12),CAPACITY CONFLICT — CRITICAL OVERFLOW
WT2 - Quarterly Review (Q3),Noah Harrison,Pheobe Care Residential Services,Community Engagement,1.5,26,Ayaat Albayati,Clinical Operations Director,Unassigned,Assigned (Smoothed - Wk 25),CAPACITY CONFLICT — CRITICAL OVERFLOW
WT2 - Quarterly Review (Q4),Noah Harrison,Pheobe Care Residential Services,Community Engagement,1.5,39,Ayaat Albayati,Clinical Operations Director,Unassigned,Assigned (Smoothed - Wk 38),CAPACITY CONFLICT — CRITICAL OVERFLOW
WT1 - Annual ISP,ROBIN HARRISON,Pheobe Care Residential Services,Community Engagement,3,45,Kristin Williams,DDS 2,Unassigned,Assigned,System Scheduled
WT2 - Quarterly Review (Q1),ROBIN HARRISON,Pheobe Care Residential Services,Community Engagement,1.5,45,Ashley Shilo,DDA,Unassigned,Assigned,System Scheduled
WT2 - Quarterly Review (Q2),ROBIN HARRISON,Pheobe Care Residential Services,Community Engagement,1.5,6,Kristin Williams,DDS 2,Unassigned,Assigned,System Scheduled
WT2 - Quarterly Review (Q3),ROBIN HARRISON,Pheobe Care Residential Services,Community Engagement,1.5,19,Kristin Williams,DDS 2,Unassigned,Assigned,System Scheduled
WT2 - Quarterly Review (Q4),ROBIN HARRISON,Pheobe Care Residential Services,Community Engagement,1.5,32,Kristin Williams,DDS 2,Unassigned,Assigned,System Scheduled
WT1 - Annual ISP,Timothy Houck,Pheobe Care Residential Services,Community Engagement,3,52,Ayaat Albayati,Clinical Operations Director,Unassigned,Assigned (DBHDS 14-Day Pre-Due Window - Wk 50),CAPACITY CONFLICT — PEAK OVERFLOW
WT2 - Quarterly Review (Q1),Timothy Houck,Pheobe Care Residential Services,Community Engagement,1.5,52,Stephanie Eatton-Johnson,Clinical Director,Unassigned,Assigned,CAPACITY CONFLICT — PEAK OVERFLOW
WT2 - Quarterly Review (Q2),Timothy Houck,Pheobe Care Residential Services,Community Engagement,1.5,13,Stephanie Eatton-Johnson,Clinical Director,Unassigned,Assigned (Smoothed - Wk 12),CAPACITY CONFLICT — CRITICAL OVERFLOW
WT2 - Quarterly Review (Q3),Timothy Houck,Pheobe Care Residential Services,Community Engagement,1.5,26,Latoya Smith,Clinical Director,Unassigned,Assigned (Smoothed - Wk 25),CAPACITY CONFLICT — CRITICAL OVERFLOW
WT2 - Quarterly Review (Q4),Timothy Houck,Pheobe Care Residential Services,Community Engagement,1.5,39,Latoya Smith,Clinical Director,Unassigned,Assigned (Smoothed - Wk 38),CAPACITY CONFLICT — CRITICAL OVERFLOW
WT1 - Annual ISP,Selena Taylor-Quent,Pheobe Care Residential Services,Group Home,3,52,Latoya Smith,Clinical Director,Unassigned,Assigned (DBHDS 14-Day Pre-Due Window - Wk 50),CAPACITY CONFLICT — PEAK OVERFLOW
WT2 - Quarterly Review (Q1),Selena Taylor-Quent,Pheobe Care Residential Services,Group Home,1.5,52,Stephanie Eatton-Johnson,Clinical Director,Unassigned,Assigned,CAPACITY CONFLICT — PEAK OVERFLOW
WT2 - Quarterly Review (Q2),Selena Taylor-Quent,Pheobe Care Residential Services,Group Home,1.5,13,Ayaat Albayati,Clinical Operations Director,Unassigned,Assigned (Smoothed - Wk 12),CAPACITY CONFLICT — CRITICAL OVERFLOW
WT2 - Quarterly Review (Q3),Selena Taylor-Quent,Pheobe Care Residential Services,Group Home,1.5,26,Stephanie Eatton-Johnson,Clinical Director,Unassigned,Assigned (Smoothed - Wk 25),CAPACITY CONFLICT — CRITICAL OVERFLOW
WT2 - Quarterly Review (Q4),Selena Taylor-Quent,Pheobe Care Residential Services,Group Home,1.5,39,Stephanie Eatton-Johnson,Clinical Director,Unassigned,Assigned (Smoothed - Wk 38),CAPACITY CONFLICT — CRITICAL OVERFLOW
WT1 - Annual ISP,Atalhea Peterson,Pheobe Care Residential Services,Sponsor Residential,3,52,Ayaat Albayati,Clinical Operations Director,Unassigned,Assigned (DBHDS 14-Day Pre-Due Window - Wk 50),CAPACITY CONFLICT — PEAK OVERFLOW
WT2 - Quarterly Review (Q1),Atalhea Peterson,Pheobe Care Residential Services,Sponsor Residential,1.5,52,Stephanie Eatton-Johnson,Clinical Director,Unassigned,Assigned,CAPACITY CONFLICT — PEAK OVERFLOW
WT2 - Quarterly Review (Q2),Atalhea Peterson,Pheobe Care Residential Services,Sponsor Residential,1.5,13,Latoya Smith,Clinical Director,Unassigned,Assigned (Smoothed - Wk 12),CAPACITY CONFLICT — CRITICAL OVERFLOW
WT2 - Quarterly Review (Q3),Atalhea Peterson,Pheobe Care Residential Services,Sponsor Residential,1.5,26,Ayaat Albayati,Clinical Operations Director,Unassigned,Assigned (Smoothed - Wk 25),CAPACITY CONFLICT — CRITICAL OVERFLOW
WT2 - Quarterly Review (Q4),Atalhea Peterson,Pheobe Care Residential Services,Sponsor Residential,1.5,39,Ayaat Albayati,Clinical Operations Director,Unassigned,Assigned (Smoothed - Wk 38),CAPACITY CONFLICT — CRITICAL OVERFLOW
WT1 - Annual ISP,AMY ANDERSON,Powerful Expressions,Community Coaching,3,52,Latoya Smith,Clinical Director,Unassigned,Assigned (DBHDS 14-Day Pre-Due Window - Wk 50),CAPACITY CONFLICT — PEAK OVERFLOW
WT2 - Quarterly Review (Q1),AMY ANDERSON,Powerful Expressions,Community Coaching,1.5,52,Stephanie Eatton-Johnson,Clinical Director,Unassigned,Assigned,CAPACITY CONFLICT — PEAK OVERFLOW
WT2 - Quarterly Review (Q2),AMY ANDERSON,Powerful Expressions,Community Coaching,1.5,13,Stephanie Eatton-Johnson,Clinical Director,Unassigned,Assigned (Smoothed - Wk 12),CAPACITY CONFLICT — CRITICAL OVERFLOW
WT2 - Quarterly Review (Q3),AMY ANDERSON,Powerful Expressions,Community Coaching,1.5,26,Latoya Smith,Clinical Director,Unassigned,Assigned (Smoothed - Wk 25),CAPACITY CONFLICT — CRITICAL OVERFLOW
WT2 - Quarterly Review (Q4),AMY ANDERSON,Powerful Expressions,Community Coaching,1.5,39,Latoya Smith,Clinical Director,Unassigned,Assigned (Smoothed - Wk 38),CAPACITY CONFLICT — CRITICAL OVERFLOW
WT1 - Annual ISP,ARNETHA ALSTON,Powerful Expressions,Community Coaching,3,52,Ayaat Albayati,Clinical Operations Director,Unassigned,Assigned (DBHDS 14-Day Pre-Due Window - Wk 50),CAPACITY CONFLICT — PEAK OVERFLOW
WT2 - Quarterly Review (Q1),ARNETHA ALSTON,Powerful Expressions,Community Coaching,1.5,52,Stephanie Eatton-Johnson,Clinical Director,Unassigned,Assigned,CAPACITY CONFLICT — PEAK OVERFLOW
WT2 - Quarterly Review (Q2),ARNETHA ALSTON,Powerful Expressions,Community Coaching,1.5,13,Ayaat Albayati,Clinical Operations Director,Unassigned,Assigned (Smoothed - Wk 12),CAPACITY CONFLICT — CRITICAL OVERFLOW
WT2 - Quarterly Review (Q3),ARNETHA ALSTON,Powerful Expressions,Community Coaching,1.5,26,Stephanie Eatton-Johnson,Clinical Director,Unassigned,Assigned (Smoothed - Wk 25),CAPACITY CONFLICT — CRITICAL OVERFLOW
WT2 - Quarterly Review (Q4),ARNETHA ALSTON,Powerful Expressions,Community Coaching,1.5,39,Stephanie Eatton-Johnson,Clinical Director,Unassigned,Assigned (Smoothed - Wk 38),CAPACITY CONFLICT — CRITICAL OVERFLOW
WT1 - Annual ISP,CHARLES TWINE,Powerful Expressions,Community Coaching,3,52,Latoya Smith,Clinical Director,Unassigned,Assigned (DBHDS 14-Day Pre-Due Window - Wk 50),CAPACITY CONFLICT — PEAK OVERFLOW
WT2 - Quarterly Review (Q1),CHARLES TWINE,Powerful Expressions,Community Coaching,1.5,52,Stephanie Eatton-Johnson,Clinical Director,Unassigned,Assigned,CAPACITY CONFLICT — PEAK OVERFLOW
WT2 - Quarterly Review (Q2),CHARLES TWINE,Powerful Expressions,Community Coaching,1.5,13,Latoya Smith,Clinical Director,Unassigned,Assigned (Smoothed - Wk 12),CAPACITY CONFLICT — CRITICAL OVERFLOW
WT2 - Quarterly Review (Q3),CHARLES TWINE,Powerful Expressions,Community Coaching,1.5,26,Ayaat Albayati,Clinical Operations Director,Unassigned,Assigned (Smoothed - Wk 25),CAPACITY CONFLICT — CRITICAL OVERFLOW
WT2 - Quarterly Review (Q4),CHARLES TWINE,Powerful Expressions,Community Coaching,1.5,39,Ayaat Albayati,Clinical Operations Director,Unassigned,Assigned (Smoothed - Wk 38),CAPACITY CONFLICT — CRITICAL OVERFLOW
WT1 - Annual ISP,LISA TALIFERRO,Powerful Expressions,Community Coaching,3,52,Ayaat Albayati,Clinical Operations Director,Unassigned,Assigned (DBHDS 14-Day Pre-Due Window - Wk 50),CAPACITY CONFLICT — PEAK OVERFLOW
WT2 - Quarterly Review (Q1),LISA TALIFERRO,Powerful Expressions,Community Coaching,1.5,52,Stephanie Eatton-Johnson,Clinical Director,Unassigned,Assigned,CAPACITY CONFLICT — PEAK OVERFLOW
WT2 - Quarterly Review (Q2),LISA TALIFERRO,Powerful Expressions,Community Coaching,1.5,13,Stephanie Eatton-Johnson,Clinical Director,Unassigned,Assigned (Smoothed - Wk 12),CAPACITY CONFLICT — CRITICAL OVERFLOW
WT2 - Quarterly Review (Q3),LISA TALIFERRO,Powerful Expressions,Community Coaching,1.5,26,Latoya Smith,Clinical Director,Unassigned,Assigned (Smoothed - Wk 25),CAPACITY CONFLICT — CRITICAL OVERFLOW
WT2 - Quarterly Review (Q4),LISA TALIFERRO,Powerful Expressions,Community Coaching,1.5,39,Latoya Smith,Clinical Director,Unassigned,Assigned (Smoothed - Wk 38),CAPACITY CONFLICT — CRITICAL OVERFLOW
WT1 - Annual ISP,STEVEN GODSEY,Powerful Expressions,Community Coaching,3,52,Latoya Smith,Clinical Director,Unassigned,Assigned (DBHDS 14-Day Pre-Due Window - Wk 50),CAPACITY CONFLICT — PEAK OVERFLOW
WT2 - Quarterly Review (Q1),STEVEN GODSEY,Powerful Expressions,Community Coaching,1.5,52,Stephanie Eatton-Johnson,Clinical Director,Unassigned,Assigned,CAPACITY CONFLICT — PEAK OVERFLOW
WT2 - Quarterly Review (Q2),STEVEN GODSEY,Powerful Expressions,Community Coaching,1.5,13,Ayaat Albayati,Clinical Operations Director,Unassigned,Assigned (Smoothed - Wk 12),CAPACITY CONFLICT — CRITICAL OVERFLOW
WT2 - Quarterly Review (Q3),STEVEN GODSEY,Powerful Expressions,Community Coaching,1.5,26,Stephanie Eatton-Johnson,Clinical Director,Unassigned,Assigned (Smoothed - Wk 25),CAPACITY CONFLICT — CRITICAL OVERFLOW
WT2 - Quarterly Review (Q4),STEVEN GODSEY,Powerful Expressions,Community Coaching,1.5,39,Stephanie Eatton-Johnson,Clinical Director,Unassigned,Assigned (Smoothed - Wk 38),CAPACITY CONFLICT — CRITICAL OVERFLOW
WT1 - Annual ISP,William Turner,Powerful Expressions,Community Coaching,3,52,Ayaat Albayati,Clinical Operations Director,Unassigned,Assigned (DBHDS 14-Day Pre-Due Window - Wk 51),CAPACITY CONFLICT — PEAK OVERFLOW
WT2 - Quarterly Review (Q1),William Turner,Powerful Expressions,Community Coaching,1.5,52,Stephanie Eatton-Johnson,Clinical Director,Unassigned,Assigned,CAPACITY CONFLICT — PEAK OVERFLOW
WT2 - Quarterly Review (Q2),William Turner,Powerful Expressions,Community Coaching,1.5,13,Latoya Smith,Clinical Director,Unassigned,Assigned (Smoothed - Wk 12),CAPACITY CONFLICT — CRITICAL OVERFLOW
WT2 - Quarterly Review (Q3),William Turner,Powerful Expressions,Community Coaching,1.5,26,Ayaat Albayati,Clinical Operations Director,Unassigned,Assigned (Smoothed - Wk 25),CAPACITY CONFLICT — CRITICAL OVERFLOW
WT2 - Quarterly Review (Q4),William Turner,Powerful Expressions,Community Coaching,1.5,39,Ayaat Albayati,Clinical Operations Director,Unassigned,Assigned (Smoothed - Wk 38),CAPACITY CONFLICT — CRITICAL OVERFLOW
WT1 - Annual ISP,BRANDON WHITE,Powerful Expressions,Community Engagement,3,52,Latoya Smith,Clinical Director,Unassigned,Assigned (DBHDS 14-Day Pre-Due Window - Wk 51),CAPACITY CONFLICT — PEAK OVERFLOW
WT2 - Quarterly Review (Q1),BRANDON WHITE,Powerful Expressions,Community Engagement,1.5,52,Stephanie Eatton-Johnson,Clinical Director,Unassigned,Assigned,CAPACITY CONFLICT — PEAK OVERFLOW
WT2 - Quarterly Review (Q2),BRANDON WHITE,Powerful Expressions,Community Engagement,1.5,13,Stephanie Eatton-Johnson,Clinical Director,Unassigned,Assigned (Smoothed - Wk 12),CAPACITY CONFLICT — CRITICAL OVERFLOW
WT2 - Quarterly Review (Q3),BRANDON WHITE,Powerful Expressions,Community Engagement,1.5,26,Latoya Smith,Clinical Director,Unassigned,Assigned (Smoothed - Wk 25),CAPACITY CONFLICT — CRITICAL OVERFLOW
WT2 - Quarterly Review (Q4),BRANDON WHITE,Powerful Expressions,Community Engagement,1.5,39,Latoya Smith,Clinical Director,Unassigned,Assigned (Smoothed - Wk 38),CAPACITY CONFLICT — CRITICAL OVERFLOW
WT1 - Annual ISP,Brannen Jarrett,Powerful Expressions,Community Engagement,3,52,Ayaat Albayati,Clinical Operations Director,Unassigned,Assigned (DBHDS 14-Day Pre-Due Window - Wk 51),CAPACITY CONFLICT — PEAK OVERFLOW
WT2 - Quarterly Review (Q1),Brannen Jarrett,Powerful Expressions,Community Engagement,1.5,52,Stephanie Eatton-Johnson,Clinical Director,Unassigned,Assigned,CAPACITY CONFLICT — PEAK OVERFLOW
WT2 - Quarterly Review (Q2),Brannen Jarrett,Powerful Expressions,Community Engagement,1.5,13,Ayaat Albayati,Clinical Operations Director,Unassigned,Assigned (Smoothed - Wk 12),CAPACITY CONFLICT — CRITICAL OVERFLOW
WT2 - Quarterly Review (Q3),Brannen Jarrett,Powerful Expressions,Community Engagement,1.5,26,Stephanie Eatton-Johnson,Clinical Director,Unassigned,Assigned (Smoothed - Wk 25),CAPACITY CONFLICT — CRITICAL OVERFLOW
WT2 - Quarterly Review (Q4),Brannen Jarrett,Powerful Expressions,Community Engagement,1.5,39,Stephanie Eatton-Johnson,Clinical Director,Unassigned,Assigned (Smoothed - Wk 38),CAPACITY CONFLICT — CRITICAL OVERFLOW
WT1 - Annual ISP,CHIMA ONYEALI,Powerful Expressions,Community Engagement,3,52,Latoya Smith,Clinical Director,Unassigned,Assigned (DBHDS 14-Day Pre-Due Window - Wk 51),CAPACITY CONFLICT — PEAK OVERFLOW
WT2 - Quarterly Review (Q1),CHIMA ONYEALI,Powerful Expressions,Community Engagement,1.5,52,Stephanie Eatton-Johnson,Clinical Director,Unassigned,Assigned,CAPACITY CONFLICT — PEAK OVERFLOW
WT2 - Quarterly Review (Q2),CHIMA ONYEALI,Powerful Expressions,Community Engagement,1.5,13,Latoya Smith,Clinical Director,Unassigned,Assigned (Smoothed - Wk 12),CAPACITY CONFLICT — CRITICAL OVERFLOW
WT2 - Quarterly Review (Q3),CHIMA ONYEALI,Powerful Expressions,Community Engagement,1.5,26,Ayaat Albayati,Clinical Operations Director,Unassigned,Assigned (Smoothed - Wk 25),CAPACITY CONFLICT — CRITICAL OVERFLOW
WT2 - Quarterly Review (Q4),CHIMA ONYEALI,Powerful Expressions,Community Engagement,1.5,39,Ayaat Albayati,Clinical Operations Director,Unassigned,Assigned (Smoothed - Wk 38),CAPACITY CONFLICT — CRITICAL OVERFLOW
WT1 - Annual ISP,Christian Rodgers,Powerful Expressions,Community Engagement,3,9,Ashley Shilo,DDA,Unassigned,Assigned,System Scheduled
WT2 - Quarterly Review (Q1),Christian Rodgers,Powerful Expressions,Community Engagement,1.5,9,Ondrea Wilson,DDA,Unassigned,Assigned,System Scheduled
WT2 - Quarterly Review (Q2),Christian Rodgers,Powerful Expressions,Community Engagement,1.5,22,Ashley Shilo,DDA,Unassigned,Assigned,System Scheduled
WT2 - Quarterly Review (Q3),Christian Rodgers,Powerful Expressions,Community Engagement,1.5,35,Kristin Williams,DDS 2,Unassigned,Assigned,System Scheduled
WT2 - Quarterly Review (Q4),Christian Rodgers,Powerful Expressions,Community Engagement,1.5,48,Ashley Shilo,DDA,Unassigned,Assigned,System Scheduled
WT1 - Annual ISP,DAVID BOGER,Powerful Expressions,Community Engagement,3,52,Ayaat Albayati,Clinical Operations Director,Unassigned,Assigned (DBHDS 14-Day Pre-Due Window - Wk 51),CAPACITY CONFLICT — PEAK OVERFLOW
WT2 - Quarterly Review (Q1),DAVID BOGER,Powerful Expressions,Community Engagement,1.5,52,Stephanie Eatton-Johnson,Clinical Director,Unassigned,Assigned,CAPACITY CONFLICT — PEAK OVERFLOW
WT2 - Quarterly Review (Q2),DAVID BOGER,Powerful Expressions,Community Engagement,1.5,13,Stephanie Eatton-Johnson,Clinical Director,Unassigned,Assigned (Smoothed - Wk 12),CAPACITY CONFLICT — CRITICAL OVERFLOW
WT2 - Quarterly Review (Q3),DAVID BOGER,Powerful Expressions,Community Engagement,1.5,26,Latoya Smith,Clinical Director,Unassigned,Assigned (Smoothed - Wk 25),CAPACITY CONFLICT — CRITICAL OVERFLOW
WT2 - Quarterly Review (Q4),DAVID BOGER,Powerful Expressions,Community Engagement,1.5,39,Latoya Smith,Clinical Director,Unassigned,Assigned (Smoothed - Wk 38),CAPACITY CONFLICT — CRITICAL OVERFLOW
WT1 - Annual ISP,Emily Yazwinsky,Powerful Expressions,Community Engagement,3,49,Shalette Shaw,DDS 2,Unassigned,Assigned,System Scheduled
WT2 - Quarterly Review (Q1),Emily Yazwinsky,Powerful Expressions,Community Engagement,1.5,49,Kristin Williams,DDS 2,Unassigned,Assigned,System Scheduled
WT2 - Quarterly Review (Q2),Emily Yazwinsky,Powerful Expressions,Community Engagement,1.5,10,Shalette Shaw,DDS 2,Unassigned,Assigned,System Scheduled
WT2 - Quarterly Review (Q3),Emily Yazwinsky,Powerful Expressions,Community Engagement,1.5,23,Shalette Shaw,DDS 2,Unassigned,Assigned,System Scheduled
WT2 - Quarterly Review (Q4),Emily Yazwinsky,Powerful Expressions,Community Engagement,1.5,36,Jerry Burton,DDS 1,Unassigned,Assigned,System Scheduled
WT1 - Annual ISP,Erinn White,Powerful Expressions,Community Engagement,3,52,Latoya Smith,Clinical Director,Unassigned,Assigned (DBHDS 14-Day Pre-Due Window - Wk 51),CAPACITY CONFLICT — PEAK OVERFLOW
WT2 - Quarterly Review (Q1),Erinn White,Powerful Expressions,Community Engagement,1.5,52,Stephanie Eatton-Johnson,Clinical Director,Unassigned,Assigned,CAPACITY CONFLICT — PEAK OVERFLOW
WT2 - Quarterly Review (Q2),Erinn White,Powerful Expressions,Community Engagement,1.5,13,Ayaat Albayati,Clinical Operations Director,Unassigned,Assigned (Smoothed - Wk 12),CAPACITY CONFLICT — CRITICAL OVERFLOW
WT2 - Quarterly Review (Q3),Erinn White,Powerful Expressions,Community Engagement,1.5,26,Stephanie Eatton-Johnson,Clinical Director,Unassigned,Assigned (Smoothed - Wk 25),CAPACITY CONFLICT — CRITICAL OVERFLOW
WT2 - Quarterly Review (Q4),Erinn White,Powerful Expressions,Community Engagement,1.5,39,Stephanie Eatton-Johnson,Clinical Director,Unassigned,Assigned (Smoothed - Wk 38),CAPACITY CONFLICT — CRITICAL OVERFLOW
WT1 - Annual ISP,Gregory White,Powerful Expressions,Community Engagement,3,52,Ayaat Albayati,Clinical Operations Director,Unassigned,Assigned (DBHDS 14-Day Pre-Due Window - Wk 51),CAPACITY CONFLICT — PEAK OVERFLOW
WT2 - Quarterly Review (Q1),Gregory White,Powerful Expressions,Community Engagement,1.5,52,Stephanie Eatton-Johnson,Clinical Director,Unassigned,Assigned,CAPACITY CONFLICT — PEAK OVERFLOW
WT2 - Quarterly Review (Q2),Gregory White,Powerful Expressions,Community Engagement,1.5,13,Latoya Smith,Clinical Director,Unassigned,Assigned (Smoothed - Wk 12),CAPACITY CONFLICT — CRITICAL OVERFLOW
WT2 - Quarterly Review (Q3),Gregory White,Powerful Expressions,Community Engagement,1.5,26,Ayaat Albayati,Clinical Operations Director,Unassigned,Assigned (Smoothed - Wk 25),CAPACITY CONFLICT — CRITICAL OVERFLOW
WT2 - Quarterly Review (Q4),Gregory White,Powerful Expressions,Community Engagement,1.5,39,Ayaat Albayati,Clinical Operations Director,Unassigned,Assigned (Smoothed - Wk 38),CAPACITY CONFLICT — CRITICAL OVERFLOW
WT1 - Annual ISP,Hailey Ware,Powerful Expressions,Community Engagement,3,50,Shalette Shaw,DDS 2,Unassigned,Assigned,System Scheduled
WT2 - Quarterly Review (Q1),Hailey Ware,Powerful Expressions,Community Engagement,1.5,50,Mohammed,QDDP,Unassigned,Assigned,System Scheduled
WT2 - Quarterly Review (Q2),Hailey Ware,Powerful Expressions,Community Engagement,1.5,11,Ashley Shilo,DDA,Unassigned,Assigned,System Scheduled
WT2 - Quarterly Review (Q3),Hailey Ware,Powerful Expressions,Community Engagement,1.5,24,Ashley Shilo,DDA,Unassigned,Assigned,System Scheduled
WT2 - Quarterly Review (Q4),Hailey Ware,Powerful Expressions,Community Engagement,1.5,37,Ashley Shilo,DDA,Unassigned,Assigned,System Scheduled
WT1 - Annual ISP,QUEEN HARVEY,Powerful Expressions,Community Engagement,3,52,Latoya Smith,Clinical Director,Unassigned,Assigned (DBHDS 14-Day Pre-Due Window - Wk 51),CAPACITY CONFLICT — PEAK OVERFLOW
WT2 - Quarterly Review (Q1),QUEEN HARVEY,Powerful Expressions,Community Engagement,1.5,52,Stephanie Eatton-Johnson,Clinical Director,Unassigned,Assigned,CAPACITY CONFLICT — PEAK OVERFLOW
WT2 - Quarterly Review (Q2),QUEEN HARVEY,Powerful Expressions,Community Engagement,1.5,13,Stephanie Eatton-Johnson,Clinical Director,Unassigned,Assigned (Smoothed - Wk 12),CAPACITY CONFLICT — CRITICAL OVERFLOW
WT2 - Quarterly Review (Q3),QUEEN HARVEY,Powerful Expressions,Community Engagement,1.5,26,Latoya Smith,Clinical Director,Unassigned,Assigned (Smoothed - Wk 25),CAPACITY CONFLICT — CRITICAL OVERFLOW
WT2 - Quarterly Review (Q4),QUEEN HARVEY,Powerful Expressions,Community Engagement,1.5,39,Latoya Smith,Clinical Director,Unassigned,Assigned (Smoothed - Wk 38),CAPACITY CONFLICT — CRITICAL OVERFLOW
WT1 - Annual ISP,ROBERT PERKINS,Powerful Expressions,Community Engagement,3,52,Ayaat Albayati,Clinical Operations Director,Unassigned,Assigned (DBHDS 14-Day Pre-Due Window - Wk 51),CAPACITY CONFLICT — PEAK OVERFLOW
WT2 - Quarterly Review (Q1),ROBERT PERKINS,Powerful Expressions,Community Engagement,1.5,52,Stephanie Eatton-Johnson,Clinical Director,Unassigned,Assigned,CAPACITY CONFLICT — PEAK OVERFLOW
WT2 - Quarterly Review (Q2),ROBERT PERKINS,Powerful Expressions,Community Engagement,1.5,13,Ayaat Albayati,Clinical Operations Director,Unassigned,Assigned (Smoothed - Wk 12),CAPACITY CONFLICT — CRITICAL OVERFLOW
WT2 - Quarterly Review (Q3),ROBERT PERKINS,Powerful Expressions,Community Engagement,1.5,26,Stephanie Eatton-Johnson,Clinical Director,Unassigned,Assigned (Smoothed - Wk 25),CAPACITY CONFLICT — CRITICAL OVERFLOW
WT2 - Quarterly Review (Q4),ROBERT PERKINS,Powerful Expressions,Community Engagement,1.5,39,Stephanie Eatton-Johnson,Clinical Director,Unassigned,Assigned (Smoothed - Wk 38),CAPACITY CONFLICT — CRITICAL OVERFLOW
WT1 - Annual ISP,Shyasia Andrews,Powerful Expressions,Community Engagement,3,52,Latoya Smith,Clinical Director,Unassigned,Assigned (DBHDS 14-Day Pre-Due Window - Wk 51),CAPACITY CONFLICT — PEAK OVERFLOW
WT2 - Quarterly Review (Q1),Shyasia Andrews,Powerful Expressions,Community Engagement,1.5,52,Stephanie Eatton-Johnson,Clinical Director,Unassigned,Assigned,CAPACITY CONFLICT — PEAK OVERFLOW
WT2 - Quarterly Review (Q2),Shyasia Andrews,Powerful Expressions,Community Engagement,1.5,13,Latoya Smith,Clinical Director,Unassigned,Assigned (Smoothed - Wk 12),CAPACITY CONFLICT — CRITICAL OVERFLOW
WT2 - Quarterly Review (Q3),Shyasia Andrews,Powerful Expressions,Community Engagement,1.5,26,Ayaat Albayati,Clinical Operations Director,Unassigned,Assigned (Smoothed - Wk 25),CAPACITY CONFLICT — CRITICAL OVERFLOW
WT2 - Quarterly Review (Q4),Shyasia Andrews,Powerful Expressions,Community Engagement,1.5,39,Ayaat Albayati,Clinical Operations Director,Unassigned,Assigned (Smoothed - Wk 38),CAPACITY CONFLICT — CRITICAL OVERFLOW
WT1 - Annual ISP,STEVEN GODSEY,Powerful Expressions,Community Engagement,3,52,Ayaat Albayati,Clinical Operations Director,Unassigned,Assigned (DBHDS 14-Day Pre-Due Window - Wk 51),CAPACITY CONFLICT — PEAK OVERFLOW
WT2 - Quarterly Review (Q1),STEVEN GODSEY,Powerful Expressions,Community Engagement,1.5,52,Stephanie Eatton-Johnson,Clinical Director,Unassigned,Assigned,CAPACITY CONFLICT — PEAK OVERFLOW
WT2 - Quarterly Review (Q2),STEVEN GODSEY,Powerful Expressions,Community Engagement,1.5,13,Stephanie Eatton-Johnson,Clinical Director,Unassigned,Assigned (Smoothed - Wk 12),CAPACITY CONFLICT — CRITICAL OVERFLOW
WT2 - Quarterly Review (Q3),STEVEN GODSEY,Powerful Expressions,Community Engagement,1.5,26,Latoya Smith,Clinical Director,Unassigned,Assigned (Smoothed - Wk 25),CAPACITY CONFLICT — CRITICAL OVERFLOW
WT2 - Quarterly Review (Q4),STEVEN GODSEY,Powerful Expressions,Community Engagement,1.5,39,Latoya Smith,Clinical Director,Unassigned,Assigned (Smoothed - Wk 38),CAPACITY CONFLICT — CRITICAL OVERFLOW
WT1 - Annual ISP,Theresa Rouse,Powerful Expressions,Community Engagement,3,47,Ondrea Wilson,DDA,Unassigned,Assigned,System Scheduled
WT2 - Quarterly Review (Q1),Theresa Rouse,Powerful Expressions,Community Engagement,1.5,47,Shalette Shaw,DDS 2,Unassigned,Assigned,System Scheduled
WT2 - Quarterly Review (Q2),Theresa Rouse,Powerful Expressions,Community Engagement,1.5,8,Ondrea Wilson,DDA,Unassigned,Assigned,System Scheduled
WT2 - Quarterly Review (Q3),Theresa Rouse,Powerful Expressions,Community Engagement,1.5,21,Ondrea Wilson,DDA,Unassigned,Assigned,System Scheduled
WT2 - Quarterly Review (Q4),Theresa Rouse,Powerful Expressions,Community Engagement,1.5,34,Shalette Shaw,DDS 2,Unassigned,Assigned,System Scheduled
WT1 - Annual ISP,VERONICA MANGUM,Powerful Expressions,Community Engagement,3,52,Latoya Smith,Clinical Director,Unassigned,Assigned (DBHDS 14-Day Pre-Due Window - Wk 51),CAPACITY CONFLICT — PEAK OVERFLOW
WT2 - Quarterly Review (Q1),VERONICA MANGUM,Powerful Expressions,Community Engagement,1.5,52,Stephanie Eatton-Johnson,Clinical Director,Unassigned,Assigned,CAPACITY CONFLICT — PEAK OVERFLOW
WT2 - Quarterly Review (Q2),VERONICA MANGUM,Powerful Expressions,Community Engagement,1.5,13,Ayaat Albayati,Clinical Operations Director,Unassigned,Assigned (Smoothed - Wk 12),CAPACITY CONFLICT — CRITICAL OVERFLOW
WT2 - Quarterly Review (Q3),VERONICA MANGUM,Powerful Expressions,Community Engagement,1.5,26,Stephanie Eatton-Johnson,Clinical Director,Unassigned,Assigned (Smoothed - Wk 25),CAPACITY CONFLICT — CRITICAL OVERFLOW
WT2 - Quarterly Review (Q4),VERONICA MANGUM,Powerful Expressions,Community Engagement,1.5,39,Stephanie Eatton-Johnson,Clinical Director,Unassigned,Assigned (Smoothed - Wk 38),CAPACITY CONFLICT — CRITICAL OVERFLOW
WT1 - Annual ISP,Viktoria Gatling,Powerful Expressions,Community Engagement,3,1,Shalette Shaw,DDS 2,Unassigned,Assigned,System Scheduled
WT2 - Quarterly Review (Q1),Viktoria Gatling,Powerful Expressions,Community Engagement,1.5,1,Mohammed,QDDP,Unassigned,Assigned,System Scheduled
WT2 - Quarterly Review (Q2),Viktoria Gatling,Powerful Expressions,Community Engagement,1.5,14,Ondrea Wilson,DDA,Unassigned,Assigned,System Scheduled
WT2 - Quarterly Review (Q3),Viktoria Gatling,Powerful Expressions,Community Engagement,1.5,27,Ondrea Wilson,DDA,Unassigned,Assigned,System Scheduled
WT2 - Quarterly Review (Q4),Viktoria Gatling,Powerful Expressions,Community Engagement,1.5,40,Mohammed,QDDP,Unassigned,Assigned,System Scheduled
WT1 - Annual ISP,AMY ANDERSON,Powerful Expressions,Day Support,3,52,Ayaat Albayati,Clinical Operations Director,Unassigned,Assigned (DBHDS 14-Day Pre-Due Window - Wk 51),CAPACITY CONFLICT — PEAK OVERFLOW
WT2 - Quarterly Review (Q1),AMY ANDERSON,Powerful Expressions,Day Support,1.5,52,Stephanie Eatton-Johnson,Clinical Director,Unassigned,Assigned,CAPACITY CONFLICT — PEAK OVERFLOW
WT2 - Quarterly Review (Q2),AMY ANDERSON,Powerful Expressions,Day Support,1.5,13,Latoya Smith,Clinical Director,Unassigned,Assigned (Smoothed - Wk 12),CAPACITY CONFLICT — CRITICAL OVERFLOW
WT2 - Quarterly Review (Q3),AMY ANDERSON,Powerful Expressions,Day Support,1.5,26,Ayaat Albayati,Clinical Operations Director,Unassigned,Assigned (Smoothed - Wk 25),CAPACITY CONFLICT — CRITICAL OVERFLOW
WT2 - Quarterly Review (Q4),AMY ANDERSON,Powerful Expressions,Day Support,1.5,39,Ayaat Albayati,Clinical Operations Director,Unassigned,Assigned (Smoothed - Wk 38),CAPACITY CONFLICT — CRITICAL OVERFLOW
WT1 - Annual ISP,LISA TALIFERRO,Powerful Expressions,Day Support,3,52,Latoya Smith,Clinical Director,Unassigned,Assigned (DBHDS 14-Day Pre-Due Window - Wk 51),CAPACITY CONFLICT — PEAK OVERFLOW
WT2 - Quarterly Review (Q1),LISA TALIFERRO,Powerful Expressions,Day Support,1.5,52,Stephanie Eatton-Johnson,Clinical Director,Unassigned,Assigned,CAPACITY CONFLICT — PEAK OVERFLOW
WT2 - Quarterly Review (Q2),LISA TALIFERRO,Powerful Expressions,Day Support,1.5,13,Stephanie Eatton-Johnson,Clinical Director,Unassigned,Assigned (Smoothed - Wk 12),CAPACITY CONFLICT — CRITICAL OVERFLOW
WT2 - Quarterly Review (Q3),LISA TALIFERRO,Powerful Expressions,Day Support,1.5,26,Latoya Smith,Clinical Director,Unassigned,Assigned (Smoothed - Wk 25),CAPACITY CONFLICT — CRITICAL OVERFLOW
WT2 - Quarterly Review (Q4),LISA TALIFERRO,Powerful Expressions,Day Support,1.5,39,Latoya Smith,Clinical Director,Unassigned,Assigned (Smoothed - Wk 38),CAPACITY CONFLICT — CRITICAL OVERFLOW
WT1 - Annual ISP,ARNETHA ALSTON,Powerful Expressions,Supportive In-Home,3,52,Ayaat Albayati,Clinical Operations Director,Unassigned,Assigned (DBHDS 14-Day Pre-Due Window - Wk 51),CAPACITY CONFLICT — PEAK OVERFLOW
WT2 - Quarterly Review (Q1),ARNETHA ALSTON,Powerful Expressions,Supportive In-Home,1.5,52,Stephanie Eatton-Johnson,Clinical Director,Unassigned,Assigned,CAPACITY CONFLICT — PEAK OVERFLOW
WT2 - Quarterly Review (Q2),ARNETHA ALSTON,Powerful Expressions,Supportive In-Home,1.5,13,Ayaat Albayati,Clinical Operations Director,Unassigned,Assigned (Smoothed - Wk 12),CAPACITY CONFLICT — CRITICAL OVERFLOW
WT2 - Quarterly Review (Q3),ARNETHA ALSTON,Powerful Expressions,Supportive In-Home,1.5,26,Stephanie Eatton-Johnson,Clinical Director,Unassigned,Assigned (Smoothed - Wk 25),CAPACITY CONFLICT — CRITICAL OVERFLOW
WT2 - Quarterly Review (Q4),ARNETHA ALSTON,Powerful Expressions,Supportive In-Home,1.5,39,Stephanie Eatton-Johnson,Clinical Director,Unassigned,Assigned (Smoothed - Wk 38),CAPACITY CONFLICT — CRITICAL OVERFLOW
WT1 - Annual ISP,COURTNEY BUTLER,Powerful Expressions,Supportive In-Home,3,52,Latoya Smith,Clinical Director,Unassigned,Assigned (DBHDS 14-Day Pre-Due Window - Wk 51),CAPACITY CONFLICT — PEAK OVERFLOW
WT2 - Quarterly Review (Q1),COURTNEY BUTLER,Powerful Expressions,Supportive In-Home,1.5,52,Stephanie Eatton-Johnson,Clinical Director,Unassigned,Assigned,CAPACITY CONFLICT — PEAK OVERFLOW
WT2 - Quarterly Review (Q2),COURTNEY BUTLER,Powerful Expressions,Supportive In-Home,1.5,13,Latoya Smith,Clinical Director,Unassigned,Assigned (Smoothed - Wk 12),CAPACITY CONFLICT — CRITICAL OVERFLOW
WT2 - Quarterly Review (Q3),COURTNEY BUTLER,Powerful Expressions,Supportive In-Home,1.5,26,Ayaat Albayati,Clinical Operations Director,Unassigned,Assigned (Smoothed - Wk 25),CAPACITY CONFLICT — CRITICAL OVERFLOW
WT2 - Quarterly Review (Q4),COURTNEY BUTLER,Powerful Expressions,Supportive In-Home,1.5,39,Ayaat Albayati,Clinical Operations Director,Unassigned,Assigned (Smoothed - Wk 38),CAPACITY CONFLICT — CRITICAL OVERFLOW
WT1 - Annual ISP,DAVID BOGER,Powerful Expressions,Supportive In-Home,3,52,Ayaat Albayati,Clinical Operations Director,Unassigned,Assigned (DBHDS 14-Day Pre-Due Window - Wk 51),CAPACITY CONFLICT — PEAK OVERFLOW
WT2 - Quarterly Review (Q1),DAVID BOGER,Powerful Expressions,Supportive In-Home,1.5,52,Stephanie Eatton-Johnson,Clinical Director,Unassigned,Assigned,CAPACITY CONFLICT — PEAK OVERFLOW
WT2 - Quarterly Review (Q2),DAVID BOGER,Powerful Expressions,Supportive In-Home,1.5,13,Stephanie Eatton-Johnson,Clinical Director,Unassigned,Assigned (Smoothed - Wk 12),CAPACITY CONFLICT — CRITICAL OVERFLOW
WT2 - Quarterly Review (Q3),DAVID BOGER,Powerful Expressions,Supportive In-Home,1.5,26,Latoya Smith,Clinical Director,Unassigned,Assigned (Smoothed - Wk 25),CAPACITY CONFLICT — CRITICAL OVERFLOW
WT2 - Quarterly Review (Q4),DAVID BOGER,Powerful Expressions,Supportive In-Home,1.5,39,Latoya Smith,Clinical Director,Unassigned,Assigned (Smoothed - Wk 38),CAPACITY CONFLICT — CRITICAL OVERFLOW
WT1 - Annual ISP,Dorothy Richardson,Powerful Expressions,Supportive In-Home,3,52,Latoya Smith,Clinical Director,Unassigned,Assigned (DBHDS 14-Day Pre-Due Window - Wk 51),CAPACITY CONFLICT — PEAK OVERFLOW
WT2 - Quarterly Review (Q1),Dorothy Richardson,Powerful Expressions,Supportive In-Home,1.5,52,Stephanie Eatton-Johnson,Clinical Director,Unassigned,Assigned,CAPACITY CONFLICT — PEAK OVERFLOW
WT2 - Quarterly Review (Q2),Dorothy Richardson,Powerful Expressions,Supportive In-Home,1.5,13,Ayaat Albayati,Clinical Operations Director,Unassigned,Assigned (Smoothed - Wk 12),CAPACITY CONFLICT — CRITICAL OVERFLOW
WT2 - Quarterly Review (Q3),Dorothy Richardson,Powerful Expressions,Supportive In-Home,1.5,26,Stephanie Eatton-Johnson,Clinical Director,Unassigned,Assigned (Smoothed - Wk 25),CAPACITY CONFLICT — CRITICAL OVERFLOW
WT2 - Quarterly Review (Q4),Dorothy Richardson,Powerful Expressions,Supportive In-Home,1.5,39,Stephanie Eatton-Johnson,Clinical Director,Unassigned,Assigned (Smoothed - Wk 38),CAPACITY CONFLICT — CRITICAL OVERFLOW
WT1 - Annual ISP,Eric Gonsalves,Powerful Expressions,Supportive In-Home,3,52,Ayaat Albayati,Clinical Operations Director,Unassigned,Assigned (DBHDS 14-Day Pre-Due Window - Wk 51),CAPACITY CONFLICT — PEAK OVERFLOW
WT2 - Quarterly Review (Q1),Eric Gonsalves,Powerful Expressions,Supportive In-Home,1.5,52,Stephanie Eatton-Johnson,Clinical Director,Unassigned,Assigned,CAPACITY CONFLICT — PEAK OVERFLOW
WT2 - Quarterly Review (Q2),Eric Gonsalves,Powerful Expressions,Supportive In-Home,1.5,13,Latoya Smith,Clinical Director,Unassigned,Assigned (Smoothed - Wk 12),CAPACITY CONFLICT — CRITICAL OVERFLOW
WT2 - Quarterly Review (Q3),Eric Gonsalves,Powerful Expressions,Supportive In-Home,1.5,26,Ayaat Albayati,Clinical Operations Director,Unassigned,Assigned (Smoothed - Wk 25),CAPACITY CONFLICT — CRITICAL OVERFLOW
WT2 - Quarterly Review (Q4),Eric Gonsalves,Powerful Expressions,Supportive In-Home,1.5,39,Ayaat Albayati,Clinical Operations Director,Unassigned,Assigned (Smoothed - Wk 38),CAPACITY CONFLICT — CRITICAL OVERFLOW
WT1 - Annual ISP,HARROL BRAUER,Powerful Expressions,Supportive In-Home,3,52,Latoya Smith,Clinical Director,Unassigned,Assigned (DBHDS 14-Day Pre-Due Window - Wk 51),CAPACITY CONFLICT — PEAK OVERFLOW
WT2 - Quarterly Review (Q1),HARROL BRAUER,Powerful Expressions,Supportive In-Home,1.5,52,Stephanie Eatton-Johnson,Clinical Director,Unassigned,Assigned,CAPACITY CONFLICT — PEAK OVERFLOW
WT2 - Quarterly Review (Q2),HARROL BRAUER,Powerful Expressions,Supportive In-Home,1.5,13,Stephanie Eatton-Johnson,Clinical Director,Unassigned,Assigned (Smoothed - Wk 12),CAPACITY CONFLICT — CRITICAL OVERFLOW
WT2 - Quarterly Review (Q3),HARROL BRAUER,Powerful Expressions,Supportive In-Home,1.5,26,Latoya Smith,Clinical Director,Unassigned,Assigned (Smoothed - Wk 25),CAPACITY CONFLICT — CRITICAL OVERFLOW
WT2 - Quarterly Review (Q4),HARROL BRAUER,Powerful Expressions,Supportive In-Home,1.5,39,Latoya Smith,Clinical Director,Unassigned,Assigned (Smoothed - Wk 38),CAPACITY CONFLICT — CRITICAL OVERFLOW
WT1 - Annual ISP,Kenya Burrell,Powerful Expressions,Supportive In-Home,3,52,Ayaat Albayati,Clinical Operations Director,Unassigned,Assigned (DBHDS 14-Day Pre-Due Window - Wk 51),CAPACITY CONFLICT — PEAK OVERFLOW
WT2 - Quarterly Review (Q1),Kenya Burrell,Powerful Expressions,Supportive In-Home,1.5,52,Stephanie Eatton-Johnson,Clinical Director,Unassigned,Assigned,CAPACITY CONFLICT — PEAK OVERFLOW
WT2 - Quarterly Review (Q2),Kenya Burrell,Powerful Expressions,Supportive In-Home,1.5,13,Ayaat Albayati,Clinical Operations Director,Unassigned,Assigned (Smoothed - Wk 12),CAPACITY CONFLICT — CRITICAL OVERFLOW
WT2 - Quarterly Review (Q3),Kenya Burrell,Powerful Expressions,Supportive In-Home,1.5,26,Stephanie Eatton-Johnson,Clinical Director,Unassigned,Assigned (Smoothed - Wk 25),CAPACITY CONFLICT — CRITICAL OVERFLOW
WT2 - Quarterly Review (Q4),Kenya Burrell,Powerful Expressions,Supportive In-Home,1.5,39,Stephanie Eatton-Johnson,Clinical Director,Unassigned,Assigned (Smoothed - Wk 38),CAPACITY CONFLICT — CRITICAL OVERFLOW
WT1 - Annual ISP,SONDRA NICHOLSON,Powerful Expressions,Supportive In-Home,3,52,Latoya Smith,Clinical Director,Unassigned,Assigned (DBHDS 14-Day Pre-Due Window - Wk 51),CAPACITY CONFLICT — PEAK OVERFLOW
WT2 - Quarterly Review (Q1),SONDRA NICHOLSON,Powerful Expressions,Supportive In-Home,1.5,52,Stephanie Eatton-Johnson,Clinical Director,Unassigned,Assigned,CAPACITY CONFLICT — PEAK OVERFLOW
WT2 - Quarterly Review (Q2),SONDRA NICHOLSON,Powerful Expressions,Supportive In-Home,1.5,13,Latoya Smith,Clinical Director,Unassigned,Assigned (Smoothed - Wk 12),CAPACITY CONFLICT — CRITICAL OVERFLOW
WT2 - Quarterly Review (Q3),SONDRA NICHOLSON,Powerful Expressions,Supportive In-Home,1.5,26,Ayaat Albayati,Clinical Operations Director,Unassigned,Assigned (Smoothed - Wk 25),CAPACITY CONFLICT — CRITICAL OVERFLOW
WT2 - Quarterly Review (Q4),SONDRA NICHOLSON,Powerful Expressions,Supportive In-Home,1.5,39,Ayaat Albayati,Clinical Operations Director,Unassigned,Assigned (Smoothed - Wk 38),CAPACITY CONFLICT — CRITICAL OVERFLOW
WT1 - Annual ISP,TAHISHA VAUGHN,Powerful Expressions,Supportive In-Home,3,52,Ayaat Albayati,Clinical Operations Director,Unassigned,Assigned (DBHDS 14-Day Pre-Due Window - Wk 51),CAPACITY CONFLICT — PEAK OVERFLOW
WT2 - Quarterly Review (Q1),TAHISHA VAUGHN,Powerful Expressions,Supportive In-Home,1.5,52,Stephanie Eatton-Johnson,Clinical Director,Unassigned,Assigned,CAPACITY CONFLICT — PEAK OVERFLOW
WT2 - Quarterly Review (Q2),TAHISHA VAUGHN,Powerful Expressions,Supportive In-Home,1.5,13,Stephanie Eatton-Johnson,Clinical Director,Unassigned,Assigned (Smoothed - Wk 12),CAPACITY CONFLICT — CRITICAL OVERFLOW
WT2 - Quarterly Review (Q3),TAHISHA VAUGHN,Powerful Expressions,Supportive In-Home,1.5,26,Latoya Smith,Clinical Director,Unassigned,Assigned (Smoothed - Wk 25),CAPACITY CONFLICT — CRITICAL OVERFLOW
WT2 - Quarterly Review (Q4),TAHISHA VAUGHN,Powerful Expressions,Supportive In-Home,1.5,39,Latoya Smith,Clinical Director,Unassigned,Assigned (Smoothed - Wk 38),CAPACITY CONFLICT — CRITICAL OVERFLOW
WT1 - Annual ISP,ASHLEY SMITH,Redleaf Residential Services,Group Home,3,52,Latoya Smith,Clinical Director,Unassigned,Assigned (DBHDS 14-Day Pre-Due Window - Wk 51),CAPACITY CONFLICT — PEAK OVERFLOW
WT2 - Quarterly Review (Q1),ASHLEY SMITH,Redleaf Residential Services,Group Home,1.5,52,Stephanie Eatton-Johnson,Clinical Director,Unassigned,Assigned,CAPACITY CONFLICT — PEAK OVERFLOW
WT2 - Quarterly Review (Q2),ASHLEY SMITH,Redleaf Residential Services,Group Home,1.5,13,Ayaat Albayati,Clinical Operations Director,Unassigned,Assigned (Smoothed - Wk 12),CAPACITY CONFLICT — CRITICAL OVERFLOW
WT2 - Quarterly Review (Q3),ASHLEY SMITH,Redleaf Residential Services,Group Home,1.5,26,Stephanie Eatton-Johnson,Clinical Director,Unassigned,Assigned (Smoothed - Wk 25),CAPACITY CONFLICT — CRITICAL OVERFLOW
WT2 - Quarterly Review (Q4),ASHLEY SMITH,Redleaf Residential Services,Group Home,1.5,39,Stephanie Eatton-Johnson,Clinical Director,Unassigned,Assigned (Smoothed - Wk 38),CAPACITY CONFLICT — CRITICAL OVERFLOW
WT1 - Annual ISP,Destiny Bradley,Redleaf Residential Services,Group Home,3,52,Ayaat Albayati,Clinical Operations Director,Unassigned,Assigned (DBHDS 14-Day Pre-Due Window - Wk 51),CAPACITY CONFLICT — PEAK OVERFLOW
WT2 - Quarterly Review (Q1),Destiny Bradley,Redleaf Residential Services,Group Home,1.5,52,Stephanie Eatton-Johnson,Clinical Director,Unassigned,Assigned,CAPACITY CONFLICT — PEAK OVERFLOW
WT2 - Quarterly Review (Q2),Destiny Bradley,Redleaf Residential Services,Group Home,1.5,13,Latoya Smith,Clinical Director,Unassigned,Assigned (Smoothed - Wk 12),CAPACITY CONFLICT — CRITICAL OVERFLOW
WT2 - Quarterly Review (Q3),Destiny Bradley,Redleaf Residential Services,Group Home,1.5,26,Ayaat Albayati,Clinical Operations Director,Unassigned,Assigned (Smoothed - Wk 25),CAPACITY CONFLICT — CRITICAL OVERFLOW
WT2 - Quarterly Review (Q4),Destiny Bradley,Redleaf Residential Services,Group Home,1.5,39,Ayaat Albayati,Clinical Operations Director,Unassigned,Assigned (Smoothed - Wk 38),CAPACITY CONFLICT — CRITICAL OVERFLOW
WT1 - Annual ISP,Lakea Galbraith,Redleaf Residential Services,Group Home,3,52,Latoya Smith,Clinical Director,Unassigned,Assigned (DBHDS 14-Day Pre-Due Window - Wk 51),CAPACITY CONFLICT — PEAK OVERFLOW
WT2 - Quarterly Review (Q1),Lakea Galbraith,Redleaf Residential Services,Group Home,1.5,52,Stephanie Eatton-Johnson,Clinical Director,Unassigned,Assigned,CAPACITY CONFLICT — PEAK OVERFLOW
WT2 - Quarterly Review (Q2),Lakea Galbraith,Redleaf Residential Services,Group Home,1.5,13,Stephanie Eatton-Johnson,Clinical Director,Unassigned,Assigned (Smoothed - Wk 12),CAPACITY CONFLICT — CRITICAL OVERFLOW
WT2 - Quarterly Review (Q3),Lakea Galbraith,Redleaf Residential Services,Group Home,1.5,26,Latoya Smith,Clinical Director,Unassigned,Assigned (Smoothed - Wk 25),CAPACITY CONFLICT — CRITICAL OVERFLOW
WT2 - Quarterly Review (Q4),Lakea Galbraith,Redleaf Residential Services,Group Home,1.5,39,Latoya Smith,Clinical Director,Unassigned,Assigned (Smoothed - Wk 38),CAPACITY CONFLICT — CRITICAL OVERFLOW
WT1 - Annual ISP,PATRICK WHITE,Redleaf Residential Services,Group Home,3,52,Ayaat Albayati,Clinical Operations Director,Unassigned,Assigned (DBHDS 14-Day Pre-Due Window - Wk 51),CAPACITY CONFLICT — PEAK OVERFLOW
WT2 - Quarterly Review (Q1),PATRICK WHITE,Redleaf Residential Services,Group Home,1.5,52,Stephanie Eatton-Johnson,Clinical Director,Unassigned,Assigned,CAPACITY CONFLICT — PEAK OVERFLOW
WT2 - Quarterly Review (Q2),PATRICK WHITE,Redleaf Residential Services,Group Home,1.5,13,Ayaat Albayati,Clinical Operations Director,Unassigned,Assigned (Smoothed - Wk 12),CAPACITY CONFLICT — CRITICAL OVERFLOW
WT2 - Quarterly Review (Q3),PATRICK WHITE,Redleaf Residential Services,Group Home,1.5,26,Stephanie Eatton-Johnson,Clinical Director,Unassigned,Assigned (Smoothed - Wk 25),CAPACITY CONFLICT — CRITICAL OVERFLOW
WT2 - Quarterly Review (Q4),PATRICK WHITE,Redleaf Residential Services,Group Home,1.5,39,Stephanie Eatton-Johnson,Clinical Director,Unassigned,Assigned (Smoothed - Wk 38),CAPACITY CONFLICT — CRITICAL OVERFLOW
WT1 - Annual ISP,ALYSSA PEKO,Safeway Residential,Personal Assistance,3,52,Latoya Smith,Clinical Director,Unassigned,Assigned (DBHDS 14-Day Pre-Due Window - Wk 51),CAPACITY CONFLICT — PEAK OVERFLOW
WT2 - Quarterly Review (Q1),ALYSSA PEKO,Safeway Residential,Personal Assistance,1.5,52,Stephanie Eatton-Johnson,Clinical Director,Unassigned,Assigned,CAPACITY CONFLICT — PEAK OVERFLOW
WT2 - Quarterly Review (Q2),ALYSSA PEKO,Safeway Residential,Personal Assistance,1.5,13,Latoya Smith,Clinical Director,Unassigned,Assigned (Smoothed - Wk 12),CAPACITY CONFLICT — CRITICAL OVERFLOW
WT2 - Quarterly Review (Q3),ALYSSA PEKO,Safeway Residential,Personal Assistance,1.5,26,Ayaat Albayati,Clinical Operations Director,Unassigned,Assigned (Smoothed - Wk 25),CAPACITY CONFLICT — CRITICAL OVERFLOW
WT2 - Quarterly Review (Q4),ALYSSA PEKO,Safeway Residential,Personal Assistance,1.5,39,Ayaat Albayati,Clinical Operations Director,Unassigned,Assigned (Smoothed - Wk 38),CAPACITY CONFLICT — CRITICAL OVERFLOW
WT1 - Annual ISP,CASEY FITZPATRICK,Safeway Residential,Personal Assistance,3,52,Ayaat Albayati,Clinical Operations Director,Unassigned,Assigned (DBHDS 14-Day Pre-Due Window - Wk 51),CAPACITY CONFLICT — PEAK OVERFLOW
WT2 - Quarterly Review (Q1),CASEY FITZPATRICK,Safeway Residential,Personal Assistance,1.5,52,Stephanie Eatton-Johnson,Clinical Director,Unassigned,Assigned,CAPACITY CONFLICT — PEAK OVERFLOW
WT2 - Quarterly Review (Q2),CASEY FITZPATRICK,Safeway Residential,Personal Assistance,1.5,13,Stephanie Eatton-Johnson,Clinical Director,Unassigned,Assigned (Smoothed - Wk 12),CAPACITY CONFLICT — CRITICAL OVERFLOW
WT2 - Quarterly Review (Q3),CASEY FITZPATRICK,Safeway Residential,Personal Assistance,1.5,26,Latoya Smith,Clinical Director,Unassigned,Assigned (Smoothed - Wk 25),CAPACITY CONFLICT — CRITICAL OVERFLOW
WT2 - Quarterly Review (Q4),CASEY FITZPATRICK,Safeway Residential,Personal Assistance,1.5,39,Latoya Smith,Clinical Director,Unassigned,Assigned (Smoothed - Wk 38),CAPACITY CONFLICT — CRITICAL OVERFLOW
WT1 - Annual ISP,MIGUEL ROSARIO,Safeway Residential,Personal Assistance,3,35,Ashley Shilo,DDA,Unassigned,Assigned,System Scheduled
WT2 - Quarterly Review (Q1),MIGUEL ROSARIO,Safeway Residential,Personal Assistance,1.5,35,Ondrea Wilson,DDA,Unassigned,Assigned,System Scheduled
WT2 - Quarterly Review (Q2),MIGUEL ROSARIO,Safeway Residential,Personal Assistance,1.5,48,Ondrea Wilson,DDA,Unassigned,Assigned,System Scheduled
WT2 - Quarterly Review (Q3),MIGUEL ROSARIO,Safeway Residential,Personal Assistance,1.5,9,Shalette Shaw,DDS 2,Unassigned,Assigned,System Scheduled
WT2 - Quarterly Review (Q4),MIGUEL ROSARIO,Safeway Residential,Personal Assistance,1.5,22,Ondrea Wilson,DDA,Unassigned,Assigned,System Scheduled
WT1 - Annual ISP,Brandon Bradshaw,Safeway Residential,Sponsor Residential,3,52,Latoya Smith,Clinical Director,Unassigned,Assigned (DBHDS 14-Day Pre-Due Window - Wk 51),CAPACITY CONFLICT — PEAK OVERFLOW
WT2 - Quarterly Review (Q1),Brandon Bradshaw,Safeway Residential,Sponsor Residential,1.5,52,Stephanie Eatton-Johnson,Clinical Director,Unassigned,Assigned,CAPACITY CONFLICT — PEAK OVERFLOW
WT2 - Quarterly Review (Q2),Brandon Bradshaw,Safeway Residential,Sponsor Residential,1.5,13,Ayaat Albayati,Clinical Operations Director,Unassigned,Assigned (Smoothed - Wk 12),CAPACITY CONFLICT — CRITICAL OVERFLOW
WT2 - Quarterly Review (Q3),Brandon Bradshaw,Safeway Residential,Sponsor Residential,1.5,26,Stephanie Eatton-Johnson,Clinical Director,Unassigned,Assigned (Smoothed - Wk 25),CAPACITY CONFLICT — CRITICAL OVERFLOW
WT2 - Quarterly Review (Q4),Brandon Bradshaw,Safeway Residential,Sponsor Residential,1.5,39,Stephanie Eatton-Johnson,Clinical Director,Unassigned,Assigned (Smoothed - Wk 38),CAPACITY CONFLICT — CRITICAL OVERFLOW
WT1 - Annual ISP,Brian Jackson III,Safeway Residential,Sponsor Residential,3,52,Ayaat Albayati,Clinical Operations Director,Unassigned,Assigned (DBHDS 14-Day Pre-Due Window - Wk 51),CAPACITY CONFLICT — PEAK OVERFLOW
WT2 - Quarterly Review (Q1),Brian Jackson III,Safeway Residential,Sponsor Residential,1.5,52,Stephanie Eatton-Johnson,Clinical Director,Unassigned,Assigned,CAPACITY CONFLICT — PEAK OVERFLOW
WT2 - Quarterly Review (Q2),Brian Jackson III,Safeway Residential,Sponsor Residential,1.5,13,Latoya Smith,Clinical Director,Unassigned,Assigned (Smoothed - Wk 12),CAPACITY CONFLICT — CRITICAL OVERFLOW
WT2 - Quarterly Review (Q3),Brian Jackson III,Safeway Residential,Sponsor Residential,1.5,26,Ayaat Albayati,Clinical Operations Director,Unassigned,Assigned (Smoothed - Wk 25),CAPACITY CONFLICT — CRITICAL OVERFLOW
WT2 - Quarterly Review (Q4),Brian Jackson III,Safeway Residential,Sponsor Residential,1.5,39,Ayaat Albayati,Clinical Operations Director,Unassigned,Assigned (Smoothed - Wk 38),CAPACITY CONFLICT — CRITICAL OVERFLOW
WT1 - Annual ISP,DIEDRA MCKESSON,Safeway Residential,Sponsor Residential,3,52,Latoya Smith,Clinical Director,Unassigned,Assigned (DBHDS 14-Day Pre-Due Window - Wk 51),CAPACITY CONFLICT — PEAK OVERFLOW
WT2 - Quarterly Review (Q1),DIEDRA MCKESSON,Safeway Residential,Sponsor Residential,1.5,52,Stephanie Eatton-Johnson,Clinical Director,Unassigned,Assigned,CAPACITY CONFLICT — PEAK OVERFLOW
WT2 - Quarterly Review (Q2),DIEDRA MCKESSON,Safeway Residential,Sponsor Residential,1.5,13,Stephanie Eatton-Johnson,Clinical Director,Unassigned,Assigned (Smoothed - Wk 12),CAPACITY CONFLICT — CRITICAL OVERFLOW
WT2 - Quarterly Review (Q3),DIEDRA MCKESSON,Safeway Residential,Sponsor Residential,1.5,26,Latoya Smith,Clinical Director,Unassigned,Assigned (Smoothed - Wk 25),CAPACITY CONFLICT — CRITICAL OVERFLOW
WT2 - Quarterly Review (Q4),DIEDRA MCKESSON,Safeway Residential,Sponsor Residential,1.5,39,Latoya Smith,Clinical Director,Unassigned,Assigned (Smoothed - Wk 38),CAPACITY CONFLICT — CRITICAL OVERFLOW
WT1 - Annual ISP,Larin Anders,Safeway Residential,Sponsor Residential,3,48,Kristin Williams,DDS 2,Unassigned,Assigned,System Scheduled
WT2 - Quarterly Review (Q1),Larin Anders,Safeway Residential,Sponsor Residential,1.5,48,Ashley Shilo,DDA,Unassigned,Assigned,System Scheduled
WT2 - Quarterly Review (Q2),Larin Anders,Safeway Residential,Sponsor Residential,1.5,9,Kristin Williams,DDS 2,Unassigned,Assigned,System Scheduled
WT2 - Quarterly Review (Q3),Larin Anders,Safeway Residential,Sponsor Residential,1.5,22,Shalette Shaw,DDS 2,Unassigned,Assigned,System Scheduled
WT2 - Quarterly Review (Q4),Larin Anders,Safeway Residential,Sponsor Residential,1.5,35,Shalette Shaw,DDS 2,Unassigned,Assigned,System Scheduled
WT1 - Annual ISP,MONESHA LAMB,Safeway Residential,Sponsor Residential,3,52,Ayaat Albayati,Clinical Operations Director,Unassigned,Assigned (DBHDS 14-Day Pre-Due Window - Wk 51),CAPACITY CONFLICT — PEAK OVERFLOW
WT2 - Quarterly Review (Q1),MONESHA LAMB,Safeway Residential,Sponsor Residential,1.5,52,Stephanie Eatton-Johnson,Clinical Director,Unassigned,Assigned,CAPACITY CONFLICT — PEAK OVERFLOW
WT2 - Quarterly Review (Q2),MONESHA LAMB,Safeway Residential,Sponsor Residential,1.5,13,Ayaat Albayati,Clinical Operations Director,Unassigned,Assigned (Smoothed - Wk 12),CAPACITY CONFLICT — CRITICAL OVERFLOW
WT2 - Quarterly Review (Q3),MONESHA LAMB,Safeway Residential,Sponsor Residential,1.5,26,Stephanie Eatton-Johnson,Clinical Director,Unassigned,Assigned (Smoothed - Wk 25),CAPACITY CONFLICT — CRITICAL OVERFLOW
WT2 - Quarterly Review (Q4),MONESHA LAMB,Safeway Residential,Sponsor Residential,1.5,39,Stephanie Eatton-Johnson,Clinical Director,Unassigned,Assigned (Smoothed - Wk 38),CAPACITY CONFLICT — CRITICAL OVERFLOW
WT1 - Annual ISP,ALYSSA PEKO,Safeway Residential,Supportive In-Home,3,52,Latoya Smith,Clinical Director,Unassigned,Assigned (DBHDS 14-Day Pre-Due Window - Wk 51),CAPACITY CONFLICT — PEAK OVERFLOW
WT2 - Quarterly Review (Q1),ALYSSA PEKO,Safeway Residential,Supportive In-Home,1.5,52,Stephanie Eatton-Johnson,Clinical Director,Unassigned,Assigned,CAPACITY CONFLICT — PEAK OVERFLOW
WT2 - Quarterly Review (Q2),ALYSSA PEKO,Safeway Residential,Supportive In-Home,1.5,13,Latoya Smith,Clinical Director,Unassigned,Assigned (Smoothed - Wk 12),CAPACITY CONFLICT — CRITICAL OVERFLOW
WT2 - Quarterly Review (Q3),ALYSSA PEKO,Safeway Residential,Supportive In-Home,1.5,26,Ayaat Albayati,Clinical Operations Director,Unassigned,Assigned (Smoothed - Wk 25),CAPACITY CONFLICT — CRITICAL OVERFLOW
WT2 - Quarterly Review (Q4),ALYSSA PEKO,Safeway Residential,Supportive In-Home,1.5,39,Ayaat Albayati,Clinical Operations Director,Unassigned,Assigned (Smoothed - Wk 38),CAPACITY CONFLICT — CRITICAL OVERFLOW
WT1 - Annual ISP,CASEY FITZPATRICK,Safeway Residential,Supportive In-Home,3,52,Ayaat Albayati,Clinical Operations Director,Unassigned,Assigned (DBHDS 14-Day Pre-Due Window - Wk 51),CAPACITY CONFLICT — PEAK OVERFLOW
WT2 - Quarterly Review (Q1),CASEY FITZPATRICK,Safeway Residential,Supportive In-Home,1.5,52,Stephanie Eatton-Johnson,Clinical Director,Unassigned,Assigned,CAPACITY CONFLICT — PEAK OVERFLOW
WT2 - Quarterly Review (Q2),CASEY FITZPATRICK,Safeway Residential,Supportive In-Home,1.5,13,Stephanie Eatton-Johnson,Clinical Director,Unassigned,Assigned (Smoothed - Wk 12),CAPACITY CONFLICT — CRITICAL OVERFLOW
WT2 - Quarterly Review (Q3),CASEY FITZPATRICK,Safeway Residential,Supportive In-Home,1.5,26,Latoya Smith,Clinical Director,Unassigned,Assigned (Smoothed - Wk 25),CAPACITY CONFLICT — CRITICAL OVERFLOW
WT2 - Quarterly Review (Q4),CASEY FITZPATRICK,Safeway Residential,Supportive In-Home,1.5,39,Latoya Smith,Clinical Director,Unassigned,Assigned (Smoothed - Wk 38),CAPACITY CONFLICT — CRITICAL OVERFLOW
WT1 - Annual ISP,DEREK SPOHN,Safeway Residential,Supportive In-Home,3,52,Latoya Smith,Clinical Director,Unassigned,Assigned (DBHDS 14-Day Pre-Due Window - Wk 51),CAPACITY CONFLICT — PEAK OVERFLOW
WT2 - Quarterly Review (Q1),DEREK SPOHN,Safeway Residential,Supportive In-Home,1.5,52,Stephanie Eatton-Johnson,Clinical Director,Unassigned,Assigned,CAPACITY CONFLICT — PEAK OVERFLOW
WT2 - Quarterly Review (Q2),DEREK SPOHN,Safeway Residential,Supportive In-Home,1.5,13,Ayaat Albayati,Clinical Operations Director,Unassigned,Assigned (Smoothed - Wk 12),CAPACITY CONFLICT — CRITICAL OVERFLOW
WT2 - Quarterly Review (Q3),DEREK SPOHN,Safeway Residential,Supportive In-Home,1.5,26,Stephanie Eatton-Johnson,Clinical Director,Unassigned,Assigned (Smoothed - Wk 25),CAPACITY CONFLICT — CRITICAL OVERFLOW
WT2 - Quarterly Review (Q4),DEREK SPOHN,Safeway Residential,Supportive In-Home,1.5,39,Stephanie Eatton-Johnson,Clinical Director,Unassigned,Assigned (Smoothed - Wk 38),CAPACITY CONFLICT — CRITICAL OVERFLOW
WT1 - Annual ISP,Durand Edwards,Safeway Residential,Supportive In-Home,3,52,Ayaat Albayati,Clinical Operations Director,Unassigned,Assigned (DBHDS 14-Day Pre-Due Window - Wk 51),CAPACITY CONFLICT — PEAK OVERFLOW
WT2 - Quarterly Review (Q1),Durand Edwards,Safeway Residential,Supportive In-Home,1.5,52,Stephanie Eatton-Johnson,Clinical Director,Unassigned,Assigned,CAPACITY CONFLICT — PEAK OVERFLOW
WT2 - Quarterly Review (Q2),Durand Edwards,Safeway Residential,Supportive In-Home,1.5,13,Latoya Smith,Clinical Director,Unassigned,Assigned (Smoothed - Wk 12),CAPACITY CONFLICT — CRITICAL OVERFLOW
WT2 - Quarterly Review (Q3),Durand Edwards,Safeway Residential,Supportive In-Home,1.5,26,Ayaat Albayati,Clinical Operations Director,Unassigned,Assigned (Smoothed - Wk 25),CAPACITY CONFLICT — CRITICAL OVERFLOW
WT2 - Quarterly Review (Q4),Durand Edwards,Safeway Residential,Supportive In-Home,1.5,39,Ayaat Albayati,Clinical Operations Director,Unassigned,Assigned (Smoothed - Wk 38),CAPACITY CONFLICT — CRITICAL OVERFLOW
WT1 - Annual ISP,LAURA PICKETT,Safeway Residential,Supportive In-Home,3,52,Latoya Smith,Clinical Director,Unassigned,Assigned (DBHDS 14-Day Pre-Due Window - Wk 51),CAPACITY CONFLICT — PEAK OVERFLOW
WT2 - Quarterly Review (Q1),LAURA PICKETT,Safeway Residential,Supportive In-Home,1.5,52,Stephanie Eatton-Johnson,Clinical Director,Unassigned,Assigned,CAPACITY CONFLICT — PEAK OVERFLOW
WT2 - Quarterly Review (Q2),LAURA PICKETT,Safeway Residential,Supportive In-Home,1.5,13,Stephanie Eatton-Johnson,Clinical Director,Unassigned,Assigned (Smoothed - Wk 12),CAPACITY CONFLICT — CRITICAL OVERFLOW
WT2 - Quarterly Review (Q3),LAURA PICKETT,Safeway Residential,Supportive In-Home,1.5,26,Latoya Smith,Clinical Director,Unassigned,Assigned (Smoothed - Wk 25),CAPACITY CONFLICT — CRITICAL OVERFLOW
WT2 - Quarterly Review (Q4),LAURA PICKETT,Safeway Residential,Supportive In-Home,1.5,39,Latoya Smith,Clinical Director,Unassigned,Assigned (Smoothed - Wk 38),CAPACITY CONFLICT — CRITICAL OVERFLOW
WT1 - Annual ISP,Michael Smith,Safeway Residential,Supportive In-Home,3,41,Mohammed,QDDP,Unassigned,Assigned,System Scheduled
WT2 - Quarterly Review (Q1),Michael Smith,Safeway Residential,Supportive In-Home,1.5,41,Ashley Shilo,DDA,Unassigned,Assigned,System Scheduled
WT2 - Quarterly Review (Q2),Michael Smith,Safeway Residential,Supportive In-Home,1.5,2,Jerry Burton,DDS 1,Unassigned,Assigned,System Scheduled
WT2 - Quarterly Review (Q3),Michael Smith,Safeway Residential,Supportive In-Home,1.5,15,Jerry Burton,DDS 1,Unassigned,Assigned,System Scheduled
WT2 - Quarterly Review (Q4),Michael Smith,Safeway Residential,Supportive In-Home,1.5,28,Jerry Burton,DDS 1,Unassigned,Assigned,System Scheduled
WT1 - Annual ISP,MIGUEL ROSARIO,Safeway Residential,Supportive In-Home,3,35,Mohammed,QDDP,Unassigned,Assigned,System Scheduled
WT2 - Quarterly Review (Q1),MIGUEL ROSARIO,Safeway Residential,Supportive In-Home,1.5,35,Kristin Williams,DDS 2,Unassigned,Assigned,System Scheduled
WT2 - Quarterly Review (Q2),MIGUEL ROSARIO,Safeway Residential,Supportive In-Home,1.5,48,Ondrea Wilson,DDA,Unassigned,Assigned,System Scheduled
WT2 - Quarterly Review (Q3),MIGUEL ROSARIO,Safeway Residential,Supportive In-Home,1.5,9,Jerry Burton,DDS 1,Unassigned,Assigned,System Scheduled
WT2 - Quarterly Review (Q4),MIGUEL ROSARIO,Safeway Residential,Supportive In-Home,1.5,22,Kristin Williams,DDS 2,Unassigned,Assigned,System Scheduled
WT1 - Annual ISP,RICHARD BOAMAH,Safeway Residential,Supportive In-Home,3,52,Ayaat Albayati,Clinical Operations Director,Unassigned,Assigned (DBHDS 14-Day Pre-Due Window - Wk 51),CAPACITY CONFLICT — PEAK OVERFLOW
WT2 - Quarterly Review (Q1),RICHARD BOAMAH,Safeway Residential,Supportive In-Home,1.5,52,Stephanie Eatton-Johnson,Clinical Director,Unassigned,Assigned,CAPACITY CONFLICT — PEAK OVERFLOW
WT2 - Quarterly Review (Q2),RICHARD BOAMAH,Safeway Residential,Supportive In-Home,1.5,13,Ayaat Albayati,Clinical Operations Director,Unassigned,Assigned (Smoothed - Wk 12),CAPACITY CONFLICT — CRITICAL OVERFLOW
WT2 - Quarterly Review (Q3),RICHARD BOAMAH,Safeway Residential,Supportive In-Home,1.5,26,Stephanie Eatton-Johnson,Clinical Director,Unassigned,Assigned (Smoothed - Wk 25),CAPACITY CONFLICT — CRITICAL OVERFLOW
WT2 - Quarterly Review (Q4),RICHARD BOAMAH,Safeway Residential,Supportive In-Home,1.5,39,Stephanie Eatton-Johnson,Clinical Director,Unassigned,Assigned (Smoothed - Wk 38),CAPACITY CONFLICT — CRITICAL OVERFLOW
WT1 - Annual ISP,TIMOTHY HOWARD,Safeway Residential,Supportive In-Home,3,43,Kristin Williams,DDS 2,Unassigned,Assigned,System Scheduled
WT2 - Quarterly Review (Q1),TIMOTHY HOWARD,Safeway Residential,Supportive In-Home,1.5,43,Jerry Burton,DDS 1,Unassigned,Assigned,System Scheduled
WT2 - Quarterly Review (Q2),TIMOTHY HOWARD,Safeway Residential,Supportive In-Home,1.5,4,Shalette Shaw,DDS 2,Unassigned,Assigned,System Scheduled
WT2 - Quarterly Review (Q3),TIMOTHY HOWARD,Safeway Residential,Supportive In-Home,1.5,17,Shalette Shaw,DDS 2,Unassigned,Assigned,System Scheduled
WT2 - Quarterly Review (Q4),TIMOTHY HOWARD,Safeway Residential,Supportive In-Home,1.5,30,Kristin Williams,DDS 2,Unassigned,Assigned,System Scheduled
WT1 - Annual ISP,William Clemons,Safeway Residential,Supportive In-Home,3,52,Latoya Smith,Clinical Director,Unassigned,Assigned (DBHDS 14-Day Pre-Due Window - Wk 51),CAPACITY CONFLICT — PEAK OVERFLOW
WT2 - Quarterly Review (Q1),William Clemons,Safeway Residential,Supportive In-Home,1.5,52,Stephanie Eatton-Johnson,Clinical Director,Unassigned,Assigned,CAPACITY CONFLICT — PEAK OVERFLOW
WT2 - Quarterly Review (Q2),William Clemons,Safeway Residential,Supportive In-Home,1.5,13,Latoya Smith,Clinical Director,Unassigned,Assigned (Smoothed - Wk 12),CAPACITY CONFLICT — CRITICAL OVERFLOW
WT2 - Quarterly Review (Q3),William Clemons,Safeway Residential,Supportive In-Home,1.5,26,Ayaat Albayati,Clinical Operations Director,Unassigned,Assigned (Smoothed - Wk 25),CAPACITY CONFLICT — CRITICAL OVERFLOW
WT2 - Quarterly Review (Q4),William Clemons,Safeway Residential,Supportive In-Home,1.5,39,Ayaat Albayati,Clinical Operations Director,Unassigned,Assigned (Smoothed - Wk 38),CAPACITY CONFLICT — CRITICAL OVERFLOW
WT1 - Annual ISP,William Nichols,Safeway Residential,Supportive In-Home,3,52,Ayaat Albayati,Clinical Operations Director,Unassigned,Assigned (DBHDS 14-Day Pre-Due Window - Wk 51),CAPACITY CONFLICT — PEAK OVERFLOW
WT2 - Quarterly Review (Q1),William Nichols,Safeway Residential,Supportive In-Home,1.5,52,Stephanie Eatton-Johnson,Clinical Director,Unassigned,Assigned,CAPACITY CONFLICT — PEAK OVERFLOW
WT2 - Quarterly Review (Q2),William Nichols,Safeway Residential,Supportive In-Home,1.5,13,Stephanie Eatton-Johnson,Clinical Director,Unassigned,Assigned (Smoothed - Wk 12),CAPACITY CONFLICT — CRITICAL OVERFLOW
WT2 - Quarterly Review (Q3),William Nichols,Safeway Residential,Supportive In-Home,1.5,26,Latoya Smith,Clinical Director,Unassigned,Assigned (Smoothed - Wk 25),CAPACITY CONFLICT — CRITICAL OVERFLOW
WT2 - Quarterly Review (Q4),William Nichols,Safeway Residential,Supportive In-Home,1.5,39,Latoya Smith,Clinical Director,Unassigned,Assigned (Smoothed - Wk 38),CAPACITY CONFLICT — CRITICAL OVERFLOW
WT1 - Annual ISP,WILLIAM STRONG,Safeway Residential,Supportive In-Home,3,52,Latoya Smith,Clinical Director,Unassigned,Assigned (DBHDS 14-Day Pre-Due Window - Wk 51),CAPACITY CONFLICT — PEAK OVERFLOW
WT2 - Quarterly Review (Q1),WILLIAM STRONG,Safeway Residential,Supportive In-Home,1.5,52,Stephanie Eatton-Johnson,Clinical Director,Unassigned,Assigned,CAPACITY CONFLICT — PEAK OVERFLOW
WT2 - Quarterly Review (Q2),WILLIAM STRONG,Safeway Residential,Supportive In-Home,1.5,13,Ayaat Albayati,Clinical Operations Director,Unassigned,Assigned (Smoothed - Wk 12),CAPACITY CONFLICT — CRITICAL OVERFLOW
WT2 - Quarterly Review (Q3),WILLIAM STRONG,Safeway Residential,Supportive In-Home,1.5,26,Stephanie Eatton-Johnson,Clinical Director,Unassigned,Assigned (Smoothed - Wk 25),CAPACITY CONFLICT — CRITICAL OVERFLOW
WT2 - Quarterly Review (Q4),WILLIAM STRONG,Safeway Residential,Supportive In-Home,1.5,39,Stephanie Eatton-Johnson,Clinical Director,Unassigned,Assigned (Smoothed - Wk 38),CAPACITY CONFLICT — CRITICAL OVERFLOW
WT1 - Annual ISP,ZEVON BLAIR,Safeway Residential,Supportive In-Home,3,48,Shalette Shaw,DDS 2,Unassigned,Assigned,System Scheduled
WT2 - Quarterly Review (Q1),ZEVON BLAIR,Safeway Residential,Supportive In-Home,1.5,48,Mohammed,QDDP,Unassigned,Assigned,System Scheduled
WT2 - Quarterly Review (Q2),ZEVON BLAIR,Safeway Residential,Supportive In-Home,1.5,9,Mohammed,QDDP,Unassigned,Assigned,System Scheduled
WT2 - Quarterly Review (Q3),ZEVON BLAIR,Safeway Residential,Supportive In-Home,1.5,22,Jerry Burton,DDS 1,Unassigned,Assigned,System Scheduled
WT2 - Quarterly Review (Q4),ZEVON BLAIR,Safeway Residential,Supportive In-Home,1.5,35,Ondrea Wilson,DDA,Unassigned,Assigned,System Scheduled
WT1 - Annual ISP,REID EATON,Serenity Wellness Mental Health Center,Supported Living,3,52,Ayaat Albayati,Clinical Operations Director,Unassigned,Assigned (DBHDS 14-Day Pre-Due Window - Wk 51),CAPACITY CONFLICT — PEAK OVERFLOW
WT2 - Quarterly Review (Q1),REID EATON,Serenity Wellness Mental Health Center,Supported Living,1.5,52,Stephanie Eatton-Johnson,Clinical Director,Unassigned,Assigned,CAPACITY CONFLICT — PEAK OVERFLOW
WT2 - Quarterly Review (Q2),REID EATON,Serenity Wellness Mental Health Center,Supported Living,1.5,13,Latoya Smith,Clinical Director,Unassigned,Assigned (Smoothed - Wk 12),CAPACITY CONFLICT — CRITICAL OVERFLOW
WT2 - Quarterly Review (Q3),REID EATON,Serenity Wellness Mental Health Center,Supported Living,1.5,26,Ayaat Albayati,Clinical Operations Director,Unassigned,Assigned (Smoothed - Wk 25),CAPACITY CONFLICT — CRITICAL OVERFLOW
WT2 - Quarterly Review (Q4),REID EATON,Serenity Wellness Mental Health Center,Supported Living,1.5,39,Ayaat Albayati,Clinical Operations Director,Unassigned,Assigned (Smoothed - Wk 38),CAPACITY CONFLICT — CRITICAL OVERFLOW
WT1 - Annual ISP,Timothy Houck,Solid Rock Supportive Services,Supported Living,3,26,Latoya Smith,Clinical Director,Unassigned,Assigned (Smoothed - Wk 25),CAPACITY CONFLICT — CRITICAL OVERFLOW
WT2 - Quarterly Review (Q1),Timothy Houck,Solid Rock Supportive Services,Supported Living,1.5,26,Stephanie Eatton-Johnson,Clinical Director,Unassigned,Assigned (Smoothed - Wk 25),CAPACITY CONFLICT — CRITICAL OVERFLOW
WT2 - Quarterly Review (Q2),Timothy Houck,Solid Rock Supportive Services,Supported Living,1.5,39,Latoya Smith,Clinical Director,Unassigned,Assigned (Smoothed - Wk 38),CAPACITY CONFLICT — CRITICAL OVERFLOW
WT2 - Quarterly Review (Q3),Timothy Houck,Solid Rock Supportive Services,Supported Living,1.5,52,Latoya Smith,Clinical Director,Unassigned,Assigned,CAPACITY CONFLICT — PEAK OVERFLOW
WT2 - Quarterly Review (Q4),Timothy Houck,Solid Rock Supportive Services,Supported Living,1.5,13,Stephanie Eatton-Johnson,Clinical Director,Unassigned,Assigned (Smoothed - Wk 12),CAPACITY CONFLICT — CRITICAL OVERFLOW
WT1 - Annual ISP,Almoni Smith,The Altruistic Group,Group Home,3,52,Stephanie Eatton-Johnson,Clinical Director,Unassigned,Assigned (DBHDS 14-Day Pre-Due Window - Wk 51),CAPACITY CONFLICT — PEAK OVERFLOW
WT2 - Quarterly Review (Q1),Almoni Smith,The Altruistic Group,Group Home,1.5,52,Ayaat Albayati,Clinical Operations Director,Unassigned,Assigned,CAPACITY CONFLICT — PEAK OVERFLOW
WT2 - Quarterly Review (Q2),Almoni Smith,The Altruistic Group,Group Home,1.5,13,Ayaat Albayati,Clinical Operations Director,Unassigned,Assigned (Smoothed - Wk 12),CAPACITY CONFLICT — CRITICAL OVERFLOW
WT2 - Quarterly Review (Q3),Almoni Smith,The Altruistic Group,Group Home,1.5,26,Ayaat Albayati,Clinical Operations Director,Unassigned,Assigned (Smoothed - Wk 25),CAPACITY CONFLICT — CRITICAL OVERFLOW
WT2 - Quarterly Review (Q4),Almoni Smith,The Altruistic Group,Group Home,1.5,39,Stephanie Eatton-Johnson,Clinical Director,Unassigned,Assigned (Smoothed - Wk 38),CAPACITY CONFLICT — CRITICAL OVERFLOW
WT1 - Annual ISP,Anakin Wilson,The Altruistic Group,Group Home,3,52,Latoya Smith,Clinical Director,Unassigned,Assigned (DBHDS 14-Day Pre-Due Window - Wk 51),CAPACITY CONFLICT — PEAK OVERFLOW
WT2 - Quarterly Review (Q1),Anakin Wilson,The Altruistic Group,Group Home,1.5,52,Ayaat Albayati,Clinical Operations Director,Unassigned,Assigned,CAPACITY CONFLICT — PEAK OVERFLOW
WT2 - Quarterly Review (Q2),Anakin Wilson,The Altruistic Group,Group Home,1.5,13,Latoya Smith,Clinical Director,Unassigned,Assigned (Smoothed - Wk 12),CAPACITY CONFLICT — CRITICAL OVERFLOW
WT2 - Quarterly Review (Q3),Anakin Wilson,The Altruistic Group,Group Home,1.5,26,Stephanie Eatton-Johnson,Clinical Director,Unassigned,Assigned (Smoothed - Wk 25),CAPACITY CONFLICT — CRITICAL OVERFLOW
WT2 - Quarterly Review (Q4),Anakin Wilson,The Altruistic Group,Group Home,1.5,39,Ayaat Albayati,Clinical Operations Director,Unassigned,Assigned (Smoothed - Wk 38),CAPACITY CONFLICT — CRITICAL OVERFLOW
WT1 - Annual ISP,Clinton Poston,The Altruistic Group,Group Home,3,52,Stephanie Eatton-Johnson,Clinical Director,Unassigned,Assigned (DBHDS 14-Day Pre-Due Window - Wk 51),CAPACITY CONFLICT — PEAK OVERFLOW
WT2 - Quarterly Review (Q1),Clinton Poston,The Altruistic Group,Group Home,1.5,52,Ayaat Albayati,Clinical Operations Director,Unassigned,Assigned,CAPACITY CONFLICT — PEAK OVERFLOW
WT2 - Quarterly Review (Q2),Clinton Poston,The Altruistic Group,Group Home,1.5,13,Stephanie Eatton-Johnson,Clinical Director,Unassigned,Assigned (Smoothed - Wk 12),CAPACITY CONFLICT — CRITICAL OVERFLOW
WT2 - Quarterly Review (Q3),Clinton Poston,The Altruistic Group,Group Home,1.5,26,Ayaat Albayati,Clinical Operations Director,Unassigned,Assigned (Smoothed - Wk 25),CAPACITY CONFLICT — CRITICAL OVERFLOW
WT2 - Quarterly Review (Q4),Clinton Poston,The Altruistic Group,Group Home,1.5,39,Latoya Smith,Clinical Director,Unassigned,Assigned (Smoothed - Wk 38),CAPACITY CONFLICT — CRITICAL OVERFLOW
WT1 - Annual ISP,Derek Carter,The Altruistic Group,Group Home,3,52,Latoya Smith,Clinical Director,Unassigned,Assigned (DBHDS 14-Day Pre-Due Window - Wk 51),CAPACITY CONFLICT — PEAK OVERFLOW
WT2 - Quarterly Review (Q1),Derek Carter,The Altruistic Group,Group Home,1.5,52,Ayaat Albayati,Clinical Operations Director,Unassigned,Assigned,CAPACITY CONFLICT — PEAK OVERFLOW
WT2 - Quarterly Review (Q2),Derek Carter,The Altruistic Group,Group Home,1.5,13,Ayaat Albayati,Clinical Operations Director,Unassigned,Assigned (Smoothed - Wk 12),CAPACITY CONFLICT — CRITICAL OVERFLOW
WT2 - Quarterly Review (Q3),Derek Carter,The Altruistic Group,Group Home,1.5,26,Latoya Smith,Clinical Director,Unassigned,Assigned (Smoothed - Wk 25),CAPACITY CONFLICT — CRITICAL OVERFLOW
WT2 - Quarterly Review (Q4),Derek Carter,The Altruistic Group,Group Home,1.5,39,Stephanie Eatton-Johnson,Clinical Director,Unassigned,Assigned (Smoothed - Wk 38),CAPACITY CONFLICT — CRITICAL OVERFLOW
WT1 - Annual ISP,Dominick simon,The Altruistic Group,Group Home,3,52,Stephanie Eatton-Johnson,Clinical Director,Unassigned,Assigned (DBHDS 14-Day Pre-Due Window - Wk 51),CAPACITY CONFLICT — PEAK OVERFLOW
WT2 - Quarterly Review (Q1),Dominick simon,The Altruistic Group,Group Home,1.5,52,Ayaat Albayati,Clinical Operations Director,Unassigned,Assigned,CAPACITY CONFLICT — PEAK OVERFLOW
WT2 - Quarterly Review (Q2),Dominick simon,The Altruistic Group,Group Home,1.5,13,Latoya Smith,Clinical Director,Unassigned,Assigned (Smoothed - Wk 12),CAPACITY CONFLICT — CRITICAL OVERFLOW
WT2 - Quarterly Review (Q3),Dominick simon,The Altruistic Group,Group Home,1.5,26,Stephanie Eatton-Johnson,Clinical Director,Unassigned,Assigned (Smoothed - Wk 25),CAPACITY CONFLICT — CRITICAL OVERFLOW
WT2 - Quarterly Review (Q4),Dominick simon,The Altruistic Group,Group Home,1.5,39,Ayaat Albayati,Clinical Operations Director,Unassigned,Assigned (Smoothed - Wk 38),CAPACITY CONFLICT — CRITICAL OVERFLOW
WT1 - Annual ISP,ERIC BROWN,Thorough Care Development Services,Community Coaching,3,52,Latoya Smith,Clinical Director,Unassigned,Assigned (DBHDS 14-Day Pre-Due Window - Wk 51),CAPACITY CONFLICT — PEAK OVERFLOW
WT2 - Quarterly Review (Q1),ERIC BROWN,Thorough Care Development Services,Community Coaching,1.5,52,Ayaat Albayati,Clinical Operations Director,Unassigned,Assigned,CAPACITY CONFLICT — PEAK OVERFLOW
WT2 - Quarterly Review (Q2),ERIC BROWN,Thorough Care Development Services,Community Coaching,1.5,13,Stephanie Eatton-Johnson,Clinical Director,Unassigned,Assigned (Smoothed - Wk 12),CAPACITY CONFLICT — CRITICAL OVERFLOW
WT2 - Quarterly Review (Q3),ERIC BROWN,Thorough Care Development Services,Community Coaching,1.5,26,Ayaat Albayati,Clinical Operations Director,Unassigned,Assigned (Smoothed - Wk 25),CAPACITY CONFLICT — CRITICAL OVERFLOW
WT2 - Quarterly Review (Q4),ERIC BROWN,Thorough Care Development Services,Community Coaching,1.5,39,Latoya Smith,Clinical Director,Unassigned,Assigned (Smoothed - Wk 38),CAPACITY CONFLICT — CRITICAL OVERFLOW
WT1 - Annual ISP,Kyle Cummins,Thorough Care Development Services,Community Coaching,3,45,Shalette Shaw,DDS 2,Unassigned,Assigned,System Scheduled
WT2 - Quarterly Review (Q1),Kyle Cummins,Thorough Care Development Services,Community Coaching,1.5,45,Mohammed,QDDP,Unassigned,Assigned,System Scheduled
WT2 - Quarterly Review (Q2),Kyle Cummins,Thorough Care Development Services,Community Coaching,1.5,6,Ashley Shilo,DDA,Unassigned,Assigned,System Scheduled
WT2 - Quarterly Review (Q3),Kyle Cummins,Thorough Care Development Services,Community Coaching,1.5,19,Ashley Shilo,DDA,Unassigned,Assigned,System Scheduled
WT2 - Quarterly Review (Q4),Kyle Cummins,Thorough Care Development Services,Community Coaching,1.5,32,Ashley Shilo,DDA,Unassigned,Assigned,System Scheduled
WT1 - Annual ISP,OWEN LIPSCOMB,Thorough Care Development Services,Community Coaching,3,52,Stephanie Eatton-Johnson,Clinical Director,Unassigned,Assigned (DBHDS 14-Day Pre-Due Window - Wk 51),CAPACITY CONFLICT — PEAK OVERFLOW
WT2 - Quarterly Review (Q1),OWEN LIPSCOMB,Thorough Care Development Services,Community Coaching,1.5,52,Ayaat Albayati,Clinical Operations Director,Unassigned,Assigned,CAPACITY CONFLICT — PEAK OVERFLOW
WT2 - Quarterly Review (Q2),OWEN LIPSCOMB,Thorough Care Development Services,Community Coaching,1.5,13,Ayaat Albayati,Clinical Operations Director,Unassigned,Assigned (Smoothed - Wk 12),CAPACITY CONFLICT — CRITICAL OVERFLOW
WT2 - Quarterly Review (Q3),OWEN LIPSCOMB,Thorough Care Development Services,Community Coaching,1.5,26,Latoya Smith,Clinical Director,Unassigned,Assigned (Smoothed - Wk 25),CAPACITY CONFLICT — CRITICAL OVERFLOW
WT2 - Quarterly Review (Q4),OWEN LIPSCOMB,Thorough Care Development Services,Community Coaching,1.5,39,Stephanie Eatton-Johnson,Clinical Director,Unassigned,Assigned (Smoothed - Wk 38),CAPACITY CONFLICT — CRITICAL OVERFLOW
WT1 - Annual ISP,RONALD RICHARDSON,Thorough Care Development Services,Community Coaching,3,52,Latoya Smith,Clinical Director,Unassigned,Assigned (DBHDS 14-Day Pre-Due Window - Wk 51),CAPACITY CONFLICT — PEAK OVERFLOW
WT2 - Quarterly Review (Q1),RONALD RICHARDSON,Thorough Care Development Services,Community Coaching,1.5,52,Ayaat Albayati,Clinical Operations Director,Unassigned,Assigned,CAPACITY CONFLICT — PEAK OVERFLOW
WT2 - Quarterly Review (Q2),RONALD RICHARDSON,Thorough Care Development Services,Community Coaching,1.5,13,Latoya Smith,Clinical Director,Unassigned,Assigned (Smoothed - Wk 12),CAPACITY CONFLICT — CRITICAL OVERFLOW
WT2 - Quarterly Review (Q3),RONALD RICHARDSON,Thorough Care Development Services,Community Coaching,1.5,26,Stephanie Eatton-Johnson,Clinical Director,Unassigned,Assigned (Smoothed - Wk 25),CAPACITY CONFLICT — CRITICAL OVERFLOW
WT2 - Quarterly Review (Q4),RONALD RICHARDSON,Thorough Care Development Services,Community Coaching,1.5,39,Ayaat Albayati,Clinical Operations Director,Unassigned,Assigned (Smoothed - Wk 38),CAPACITY CONFLICT — CRITICAL OVERFLOW
WT1 - Annual ISP,WILLIAM NEWTON,Thorough Care Development Services,Community Coaching,3,52,Stephanie Eatton-Johnson,Clinical Director,Unassigned,Assigned (DBHDS 14-Day Pre-Due Window - Wk 51),CAPACITY CONFLICT — PEAK OVERFLOW
WT2 - Quarterly Review (Q1),WILLIAM NEWTON,Thorough Care Development Services,Community Coaching,1.5,52,Ayaat Albayati,Clinical Operations Director,Unassigned,Assigned,CAPACITY CONFLICT — PEAK OVERFLOW
WT2 - Quarterly Review (Q2),WILLIAM NEWTON,Thorough Care Development Services,Community Coaching,1.5,13,Stephanie Eatton-Johnson,Clinical Director,Unassigned,Assigned (Smoothed - Wk 12),CAPACITY CONFLICT — CRITICAL OVERFLOW
WT2 - Quarterly Review (Q3),WILLIAM NEWTON,Thorough Care Development Services,Community Coaching,1.5,26,Ayaat Albayati,Clinical Operations Director,Unassigned,Assigned (Smoothed - Wk 25),CAPACITY CONFLICT — CRITICAL OVERFLOW
WT2 - Quarterly Review (Q4),WILLIAM NEWTON,Thorough Care Development Services,Community Coaching,1.5,39,Latoya Smith,Clinical Director,Unassigned,Assigned (Smoothed - Wk 38),CAPACITY CONFLICT — CRITICAL OVERFLOW
WT1 - Annual ISP,JAMES WOOD JR,Thorough Care Development Services,Community Engagement,3,41,Ondrea Wilson,DDA,Unassigned,Assigned,System Scheduled
WT2 - Quarterly Review (Q1),JAMES WOOD JR,Thorough Care Development Services,Community Engagement,1.5,41,Shalette Shaw,DDS 2,Unassigned,Assigned,System Scheduled
WT2 - Quarterly Review (Q2),JAMES WOOD JR,Thorough Care Development Services,Community Engagement,1.5,2,Mohammed,QDDP,Unassigned,Assigned,System Scheduled
WT2 - Quarterly Review (Q3),JAMES WOOD JR,Thorough Care Development Services,Community Engagement,1.5,15,Mohammed,QDDP,Unassigned,Assigned,System Scheduled
WT2 - Quarterly Review (Q4),JAMES WOOD JR,Thorough Care Development Services,Community Engagement,1.5,28,Mohammed,QDDP,Unassigned,Assigned,System Scheduled
WT1 - Annual ISP,Matthew Marcellon,Thorough Care Development Services,Community Engagement,3,41,Kristin Williams,DDS 2,Unassigned,Assigned,System Scheduled
WT2 - Quarterly Review (Q1),Matthew Marcellon,Thorough Care Development Services,Community Engagement,1.5,41,Ashley Shilo,DDA,Unassigned,Assigned,System Scheduled
WT2 - Quarterly Review (Q2),Matthew Marcellon,Thorough Care Development Services,Community Engagement,1.5,2,Kristin Williams,DDS 2,Unassigned,Assigned,System Scheduled
WT2 - Quarterly Review (Q3),Matthew Marcellon,Thorough Care Development Services,Community Engagement,1.5,15,Kristin Williams,DDS 2,Unassigned,Assigned,System Scheduled
WT2 - Quarterly Review (Q4),Matthew Marcellon,Thorough Care Development Services,Community Engagement,1.5,28,Kristin Williams,DDS 2,Unassigned,Assigned,System Scheduled
WT1 - Annual ISP,Zachary Shampney,Thorough Care Development Services,Community Engagement,3,52,Latoya Smith,Clinical Director,Unassigned,Assigned (DBHDS 14-Day Pre-Due Window - Wk 51),CAPACITY CONFLICT — PEAK OVERFLOW
WT2 - Quarterly Review (Q1),Zachary Shampney,Thorough Care Development Services,Community Engagement,1.5,52,Ayaat Albayati,Clinical Operations Director,Unassigned,Assigned,CAPACITY CONFLICT — PEAK OVERFLOW
WT2 - Quarterly Review (Q2),Zachary Shampney,Thorough Care Development Services,Community Engagement,1.5,13,Ayaat Albayati,Clinical Operations Director,Unassigned,Assigned (Smoothed - Wk 12),CAPACITY CONFLICT — CRITICAL OVERFLOW
WT2 - Quarterly Review (Q3),Zachary Shampney,Thorough Care Development Services,Community Engagement,1.5,26,Latoya Smith,Clinical Director,Unassigned,Assigned (Smoothed - Wk 25),CAPACITY CONFLICT — CRITICAL OVERFLOW
WT2 - Quarterly Review (Q4),Zachary Shampney,Thorough Care Development Services,Community Engagement,1.5,39,Stephanie Eatton-Johnson,Clinical Director,Unassigned,Assigned (Smoothed - Wk 38),CAPACITY CONFLICT — CRITICAL OVERFLOW
WT1 - Annual ISP,Kyle Cummins,Thorough Care Development Services,Group Home,3,45,Kristin Williams,DDS 2,Unassigned,Assigned,System Scheduled
WT2 - Quarterly Review (Q1),Kyle Cummins,Thorough Care Development Services,Group Home,1.5,45,Ashley Shilo,DDA,Unassigned,Assigned,System Scheduled
WT2 - Quarterly Review (Q2),Kyle Cummins,Thorough Care Development Services,Group Home,1.5,6,Ondrea Wilson,DDA,Unassigned,Assigned,System Scheduled
WT2 - Quarterly Review (Q3),Kyle Cummins,Thorough Care Development Services,Group Home,1.5,19,Ondrea Wilson,DDA,Unassigned,Assigned,System Scheduled
WT2 - Quarterly Review (Q4),Kyle Cummins,Thorough Care Development Services,Group Home,1.5,32,Ondrea Wilson,DDA,Unassigned,Assigned,System Scheduled
WT1 - Annual ISP,Lamond Hall,Thorough Care Development Services,Group Home,3,52,Stephanie Eatton-Johnson,Clinical Director,Unassigned,Assigned (DBHDS 14-Day Pre-Due Window - Wk 51),CAPACITY CONFLICT — PEAK OVERFLOW
WT2 - Quarterly Review (Q1),Lamond Hall,Thorough Care Development Services,Group Home,1.5,52,Ayaat Albayati,Clinical Operations Director,Unassigned,Assigned,CAPACITY CONFLICT — PEAK OVERFLOW
WT2 - Quarterly Review (Q2),Lamond Hall,Thorough Care Development Services,Group Home,1.5,13,Latoya Smith,Clinical Director,Unassigned,Assigned (Smoothed - Wk 12),CAPACITY CONFLICT — CRITICAL OVERFLOW
WT2 - Quarterly Review (Q3),Lamond Hall,Thorough Care Development Services,Group Home,1.5,26,Stephanie Eatton-Johnson,Clinical Director,Unassigned,Assigned (Smoothed - Wk 25),CAPACITY CONFLICT — CRITICAL OVERFLOW
WT2 - Quarterly Review (Q4),Lamond Hall,Thorough Care Development Services,Group Home,1.5,39,Ayaat Albayati,Clinical Operations Director,Unassigned,Assigned (Smoothed - Wk 38),CAPACITY CONFLICT — CRITICAL OVERFLOW
WT1 - Annual ISP,Matthew Marcellon,Thorough Care Development Services,Group Home,3,41,Shalette Shaw,DDS 2,Unassigned,Assigned,System Scheduled
WT2 - Quarterly Review (Q1),Matthew Marcellon,Thorough Care Development Services,Group Home,1.5,41,Mohammed,QDDP,Unassigned,Assigned,System Scheduled
WT2 - Quarterly Review (Q2),Matthew Marcellon,Thorough Care Development Services,Group Home,1.5,2,Ashley Shilo,DDA,Unassigned,Assigned,System Scheduled
WT2 - Quarterly Review (Q3),Matthew Marcellon,Thorough Care Development Services,Group Home,1.5,15,Ashley Shilo,DDA,Unassigned,Assigned,System Scheduled
WT2 - Quarterly Review (Q4),Matthew Marcellon,Thorough Care Development Services,Group Home,1.5,28,Ashley Shilo,DDA,Unassigned,Assigned,System Scheduled
WT1 - Annual ISP,OWEN LIPSCOMB,Thorough Care Development Services,Group Home,3,52,Latoya Smith,Clinical Director,Unassigned,Assigned (DBHDS 14-Day Pre-Due Window - Wk 51),CAPACITY CONFLICT — PEAK OVERFLOW
WT2 - Quarterly Review (Q1),OWEN LIPSCOMB,Thorough Care Development Services,Group Home,1.5,52,Ayaat Albayati,Clinical Operations Director,Unassigned,Assigned,CAPACITY CONFLICT — PEAK OVERFLOW
WT2 - Quarterly Review (Q2),OWEN LIPSCOMB,Thorough Care Development Services,Group Home,1.5,13,Stephanie Eatton-Johnson,Clinical Director,Unassigned,Assigned (Smoothed - Wk 12),CAPACITY CONFLICT — CRITICAL OVERFLOW
WT2 - Quarterly Review (Q3),OWEN LIPSCOMB,Thorough Care Development Services,Group Home,1.5,26,Ayaat Albayati,Clinical Operations Director,Unassigned,Assigned (Smoothed - Wk 25),CAPACITY CONFLICT — CRITICAL OVERFLOW
WT2 - Quarterly Review (Q4),OWEN LIPSCOMB,Thorough Care Development Services,Group Home,1.5,39,Latoya Smith,Clinical Director,Unassigned,Assigned (Smoothed - Wk 38),CAPACITY CONFLICT — CRITICAL OVERFLOW
WT1 - Annual ISP,W'QUAN ADAMS,Thorough Care Development Services,Group Home,3,37,Ondrea Wilson,DDA,Unassigned,Assigned,System Scheduled
WT2 - Quarterly Review (Q1),W'QUAN ADAMS,Thorough Care Development Services,Group Home,1.5,37,Shalette Shaw,DDS 2,Unassigned,Assigned,System Scheduled
WT2 - Quarterly Review (Q2),W'QUAN ADAMS,Thorough Care Development Services,Group Home,1.5,50,Kristin Williams,DDS 2,Unassigned,Assigned,System Scheduled
WT2 - Quarterly Review (Q3),W'QUAN ADAMS,Thorough Care Development Services,Group Home,1.5,11,Ondrea Wilson,DDA,Unassigned,Assigned,System Scheduled
WT2 - Quarterly Review (Q4),W'QUAN ADAMS,Thorough Care Development Services,Group Home,1.5,24,Ondrea Wilson,DDA,Unassigned,Assigned,System Scheduled
WT1 - Annual ISP,WILLIAM NEWTON,Thorough Care Development Services,Group Home,3,42,Ondrea Wilson,DDA,Unassigned,Assigned,System Scheduled
WT2 - Quarterly Review (Q1),WILLIAM NEWTON,Thorough Care Development Services,Group Home,1.5,42,Shalette Shaw,DDS 2,Unassigned,Assigned,System Scheduled
WT2 - Quarterly Review (Q2),WILLIAM NEWTON,Thorough Care Development Services,Group Home,1.5,3,Mohammed,QDDP,Unassigned,Assigned,System Scheduled
WT2 - Quarterly Review (Q3),WILLIAM NEWTON,Thorough Care Development Services,Group Home,1.5,16,Mohammed,QDDP,Unassigned,Assigned,System Scheduled
WT2 - Quarterly Review (Q4),WILLIAM NEWTON,Thorough Care Development Services,Group Home,1.5,29,Mohammed,QDDP,Unassigned,Assigned,System Scheduled
WT1 - Annual ISP,Zachary Shampney,Thorough Care Development Services,Group Home,3,52,Stephanie Eatton-Johnson,Clinical Director,Unassigned,Assigned (DBHDS 14-Day Pre-Due Window - Wk 51),CAPACITY CONFLICT — PEAK OVERFLOW
WT2 - Quarterly Review (Q1),Zachary Shampney,Thorough Care Development Services,Group Home,1.5,52,Ayaat Albayati,Clinical Operations Director,Unassigned,Assigned,CAPACITY CONFLICT — PEAK OVERFLOW
WT2 - Quarterly Review (Q2),Zachary Shampney,Thorough Care Development Services,Group Home,1.5,13,Ayaat Albayati,Clinical Operations Director,Unassigned,Assigned (Smoothed - Wk 12),CAPACITY CONFLICT — CRITICAL OVERFLOW
WT2 - Quarterly Review (Q3),Zachary Shampney,Thorough Care Development Services,Group Home,1.5,26,Latoya Smith,Clinical Director,Unassigned,Assigned (Smoothed - Wk 25),CAPACITY CONFLICT — CRITICAL OVERFLOW
WT2 - Quarterly Review (Q4),Zachary Shampney,Thorough Care Development Services,Group Home,1.5,39,Stephanie Eatton-Johnson,Clinical Director,Unassigned,Assigned (Smoothed - Wk 38),CAPACITY CONFLICT — CRITICAL OVERFLOW
WT1 - Annual ISP,BRYAN ANDERSON,Truu Life,Group Home,3,52,Latoya Smith,Clinical Director,Unassigned,Assigned (DBHDS 14-Day Pre-Due Window - Wk 51),CAPACITY CONFLICT — PEAK OVERFLOW
WT2 - Quarterly Review (Q1),BRYAN ANDERSON,Truu Life,Group Home,1.5,52,Ayaat Albayati,Clinical Operations Director,Unassigned,Assigned,CAPACITY CONFLICT — PEAK OVERFLOW
WT2 - Quarterly Review (Q2),BRYAN ANDERSON,Truu Life,Group Home,1.5,13,Latoya Smith,Clinical Director,Unassigned,Assigned (Smoothed - Wk 12),CAPACITY CONFLICT — CRITICAL OVERFLOW
WT2 - Quarterly Review (Q3),BRYAN ANDERSON,Truu Life,Group Home,1.5,26,Stephanie Eatton-Johnson,Clinical Director,Unassigned,Assigned (Smoothed - Wk 25),CAPACITY CONFLICT — CRITICAL OVERFLOW
WT2 - Quarterly Review (Q4),BRYAN ANDERSON,Truu Life,Group Home,1.5,39,Ayaat Albayati,Clinical Operations Director,Unassigned,Assigned (Smoothed - Wk 38),CAPACITY CONFLICT — CRITICAL OVERFLOW
WT1 - Annual ISP,TRAEVON MICKIE,Truu Life,Group Home,3,52,Stephanie Eatton-Johnson,Clinical Director,Unassigned,Assigned (DBHDS 14-Day Pre-Due Window - Wk 51),CAPACITY CONFLICT — PEAK OVERFLOW
WT2 - Quarterly Review (Q1),TRAEVON MICKIE,Truu Life,Group Home,1.5,52,Ayaat Albayati,Clinical Operations Director,Unassigned,Assigned,CAPACITY CONFLICT — PEAK OVERFLOW
WT2 - Quarterly Review (Q2),TRAEVON MICKIE,Truu Life,Group Home,1.5,13,Stephanie Eatton-Johnson,Clinical Director,Unassigned,Assigned (Smoothed - Wk 12),CAPACITY CONFLICT — CRITICAL OVERFLOW
WT2 - Quarterly Review (Q3),TRAEVON MICKIE,Truu Life,Group Home,1.5,26,Ayaat Albayati,Clinical Operations Director,Unassigned,Assigned (Smoothed - Wk 25),CAPACITY CONFLICT — CRITICAL OVERFLOW
WT2 - Quarterly Review (Q4),TRAEVON MICKIE,Truu Life,Group Home,1.5,39,Latoya Smith,Clinical Director,Unassigned,Assigned (Smoothed - Wk 38),CAPACITY CONFLICT — CRITICAL OVERFLOW
WT1 - Annual ISP,Travis Ford,Truu Life,Group Home,3,52,Latoya Smith,Clinical Director,Unassigned,Assigned (DBHDS 14-Day Pre-Due Window - Wk 51),CAPACITY CONFLICT — PEAK OVERFLOW
WT2 - Quarterly Review (Q1),Travis Ford,Truu Life,Group Home,1.5,52,Ayaat Albayati,Clinical Operations Director,Unassigned,Assigned,CAPACITY CONFLICT — PEAK OVERFLOW
WT2 - Quarterly Review (Q2),Travis Ford,Truu Life,Group Home,1.5,13,Ayaat Albayati,Clinical Operations Director,Unassigned,Assigned (Smoothed - Wk 12),CAPACITY CONFLICT — CRITICAL OVERFLOW
WT2 - Quarterly Review (Q3),Travis Ford,Truu Life,Group Home,1.5,26,Latoya Smith,Clinical Director,Unassigned,Assigned (Smoothed - Wk 25),CAPACITY CONFLICT — CRITICAL OVERFLOW
WT2 - Quarterly Review (Q4),Travis Ford,Truu Life,Group Home,1.5,39,Stephanie Eatton-Johnson,Clinical Director,Unassigned,Assigned (Smoothed - Wk 38),CAPACITY CONFLICT — CRITICAL OVERFLOW
WT1 - Annual ISP,KAREN POOLOS,TyShaes Unique Engaging Hands,Community Engagement,3,52,Stephanie Eatton-Johnson,Clinical Director,Unassigned,Assigned (DBHDS 14-Day Pre-Due Window - Wk 51),CAPACITY CONFLICT — PEAK OVERFLOW
WT2 - Quarterly Review (Q1),KAREN POOLOS,TyShaes Unique Engaging Hands,Community Engagement,1.5,52,Ayaat Albayati,Clinical Operations Director,Unassigned,Assigned,CAPACITY CONFLICT — PEAK OVERFLOW
WT2 - Quarterly Review (Q2),KAREN POOLOS,TyShaes Unique Engaging Hands,Community Engagement,1.5,13,Latoya Smith,Clinical Director,Unassigned,Assigned (Smoothed - Wk 12),CAPACITY CONFLICT — CRITICAL OVERFLOW
WT2 - Quarterly Review (Q3),KAREN POOLOS,TyShaes Unique Engaging Hands,Community Engagement,1.5,26,Stephanie Eatton-Johnson,Clinical Director,Unassigned,Assigned (Smoothed - Wk 25),CAPACITY CONFLICT — CRITICAL OVERFLOW
WT2 - Quarterly Review (Q4),KAREN POOLOS,TyShaes Unique Engaging Hands,Community Engagement,1.5,39,Ayaat Albayati,Clinical Operations Director,Unassigned,Assigned (Smoothed - Wk 38),CAPACITY CONFLICT — CRITICAL OVERFLOW
WT1 - Annual ISP,TEEONSHA BAILEY,TyShaes Unique Engaging Hands,Community Engagement,3,52,Latoya Smith,Clinical Director,Unassigned,Assigned,CAPACITY CONFLICT — PEAK OVERFLOW
WT2 - Quarterly Review (Q1),TEEONSHA BAILEY,TyShaes Unique Engaging Hands,Community Engagement,1.5,52,Ayaat Albayati,Clinical Operations Director,Unassigned,Assigned,CAPACITY CONFLICT — PEAK OVERFLOW
WT2 - Quarterly Review (Q2),TEEONSHA BAILEY,TyShaes Unique Engaging Hands,Community Engagement,1.5,13,Stephanie Eatton-Johnson,Clinical Director,Unassigned,Assigned (Smoothed - Wk 12),CAPACITY CONFLICT — CRITICAL OVERFLOW
WT2 - Quarterly Review (Q3),TEEONSHA BAILEY,TyShaes Unique Engaging Hands,Community Engagement,1.5,26,Ayaat Albayati,Clinical Operations Director,Unassigned,Assigned (Smoothed - Wk 25),CAPACITY CONFLICT — CRITICAL OVERFLOW
WT2 - Quarterly Review (Q4),TEEONSHA BAILEY,TyShaes Unique Engaging Hands,Community Engagement,1.5,39,Latoya Smith,Clinical Director,Unassigned,Assigned (Smoothed - Wk 38),CAPACITY CONFLICT — CRITICAL OVERFLOW
WT1 - Annual ISP,BRIAN FORT,Unitus Family Services,Community Coaching,3,44,Shalette Shaw,DDS 2,Unassigned,Assigned,System Scheduled
WT2 - Quarterly Review (Q1),BRIAN FORT,Unitus Family Services,Community Coaching,1.5,44,Mohammed,QDDP,Unassigned,Assigned,System Scheduled
WT2 - Quarterly Review (Q2),BRIAN FORT,Unitus Family Services,Community Coaching,1.5,5,Ashley Shilo,DDA,Unassigned,Assigned,System Scheduled
WT2 - Quarterly Review (Q3),BRIAN FORT,Unitus Family Services,Community Coaching,1.5,18,Ashley Shilo,DDA,Unassigned,Assigned,System Scheduled
WT2 - Quarterly Review (Q4),BRIAN FORT,Unitus Family Services,Community Coaching,1.5,31,Ashley Shilo,DDA,Unassigned,Assigned,System Scheduled
WT1 - Annual ISP,Clara Rutan,Unitus Family Services,Community Coaching,3,38,Kristin Williams,DDS 2,Unassigned,Assigned,System Scheduled
WT2 - Quarterly Review (Q1),Clara Rutan,Unitus Family Services,Community Coaching,1.5,38,Ashley Shilo,DDA,Unassigned,Assigned,System Scheduled
WT2 - Quarterly Review (Q2),Clara Rutan,Unitus Family Services,Community Coaching,1.5,51,Kristin Williams,DDS 2,Unassigned,Assigned,System Scheduled
WT2 - Quarterly Review (Q3),Clara Rutan,Unitus Family Services,Community Coaching,1.5,12,Jerry Burton,DDS 1,Unassigned,Assigned,System Scheduled
WT2 - Quarterly Review (Q4),Clara Rutan,Unitus Family Services,Community Coaching,1.5,25,Jerry Burton,DDS 1,Unassigned,Assigned,System Scheduled
WT1 - Annual ISP,Frank Benson,Unitus Family Services,Community Coaching,3,52,Stephanie Eatton-Johnson,Clinical Director,Unassigned,Assigned,CAPACITY CONFLICT — PEAK OVERFLOW
WT2 - Quarterly Review (Q1),Frank Benson,Unitus Family Services,Community Coaching,1.5,52,Ayaat Albayati,Clinical Operations Director,Unassigned,Assigned,CAPACITY CONFLICT — PEAK OVERFLOW
WT2 - Quarterly Review (Q2),Frank Benson,Unitus Family Services,Community Coaching,1.5,13,Ayaat Albayati,Clinical Operations Director,Unassigned,Assigned (Smoothed - Wk 12),CAPACITY CONFLICT — CRITICAL OVERFLOW
WT2 - Quarterly Review (Q3),Frank Benson,Unitus Family Services,Community Coaching,1.5,26,Latoya Smith,Clinical Director,Unassigned,Assigned (Smoothed - Wk 25),CAPACITY CONFLICT — CRITICAL OVERFLOW
WT2 - Quarterly Review (Q4),Frank Benson,Unitus Family Services,Community Coaching,1.5,39,Stephanie Eatton-Johnson,Clinical Director,Unassigned,Assigned (Smoothed - Wk 38),CAPACITY CONFLICT — CRITICAL OVERFLOW
WT1 - Annual ISP,Holly Lack,Unitus Family Services,Community Coaching,3,52,Latoya Smith,Clinical Director,Unassigned,Assigned,CAPACITY CONFLICT — PEAK OVERFLOW
WT2 - Quarterly Review (Q1),Holly Lack,Unitus Family Services,Community Coaching,1.5,52,Ayaat Albayati,Clinical Operations Director,Unassigned,Assigned,CAPACITY CONFLICT — PEAK OVERFLOW
WT2 - Quarterly Review (Q2),Holly Lack,Unitus Family Services,Community Coaching,1.5,13,Latoya Smith,Clinical Director,Unassigned,Assigned (Smoothed - Wk 12),CAPACITY CONFLICT — CRITICAL OVERFLOW
WT2 - Quarterly Review (Q3),Holly Lack,Unitus Family Services,Community Coaching,1.5,26,Stephanie Eatton-Johnson,Clinical Director,Unassigned,Assigned (Smoothed - Wk 25),CAPACITY CONFLICT — CRITICAL OVERFLOW
WT2 - Quarterly Review (Q4),Holly Lack,Unitus Family Services,Community Coaching,1.5,39,Ayaat Albayati,Clinical Operations Director,Unassigned,Assigned (Smoothed - Wk 38),CAPACITY CONFLICT — CRITICAL OVERFLOW
WT1 - Annual ISP,JOSEPH HINES,Unitus Family Services,Community Coaching,3,39,Latoya Smith,Clinical Director,Unassigned,Assigned (Smoothed - Wk 38),CAPACITY CONFLICT — CRITICAL OVERFLOW
WT2 - Quarterly Review (Q1),JOSEPH HINES,Unitus Family Services,Community Coaching,1.5,39,Stephanie Eatton-Johnson,Clinical Director,Unassigned,Assigned (Smoothed - Wk 38),CAPACITY CONFLICT — CRITICAL OVERFLOW
WT2 - Quarterly Review (Q2),JOSEPH HINES,Unitus Family Services,Community Coaching,1.5,52,Stephanie Eatton-Johnson,Clinical Director,Unassigned,Assigned,CAPACITY CONFLICT — PEAK OVERFLOW
WT2 - Quarterly Review (Q3),JOSEPH HINES,Unitus Family Services,Community Coaching,1.5,13,Stephanie Eatton-Johnson,Clinical Director,Unassigned,Assigned (Smoothed - Wk 12),CAPACITY CONFLICT — CRITICAL OVERFLOW
WT2 - Quarterly Review (Q4),JOSEPH HINES,Unitus Family Services,Community Coaching,1.5,26,Ayaat Albayati,Clinical Operations Director,Unassigned,Assigned (Smoothed - Wk 25),CAPACITY CONFLICT — CRITICAL OVERFLOW
WT1 - Annual ISP,Louie Hall,Unitus Family Services,Community Coaching,3,52,Ayaat Albayati,Clinical Operations Director,Unassigned,Assigned,CAPACITY CONFLICT — PEAK OVERFLOW
WT2 - Quarterly Review (Q1),Louie Hall,Unitus Family Services,Community Coaching,1.5,52,Latoya Smith,Clinical Director,Unassigned,Assigned,CAPACITY CONFLICT — PEAK OVERFLOW
WT2 - Quarterly Review (Q2),Louie Hall,Unitus Family Services,Community Coaching,1.5,13,Ayaat Albayati,Clinical Operations Director,Unassigned,Assigned (Smoothed - Wk 12),CAPACITY CONFLICT — CRITICAL OVERFLOW
WT2 - Quarterly Review (Q3),Louie Hall,Unitus Family Services,Community Coaching,1.5,26,Latoya Smith,Clinical Director,Unassigned,Assigned (Smoothed - Wk 25),CAPACITY CONFLICT — CRITICAL OVERFLOW
WT2 - Quarterly Review (Q4),Louie Hall,Unitus Family Services,Community Coaching,1.5,39,Ayaat Albayati,Clinical Operations Director,Unassigned,Assigned (Smoothed - Wk 38),CAPACITY CONFLICT — CRITICAL OVERFLOW
WT1 - Annual ISP,WILLIAM BROWN,Unitus Family Services,Community Coaching,3,52,Stephanie Eatton-Johnson,Clinical Director,Unassigned,Assigned,CAPACITY CONFLICT — PEAK OVERFLOW
WT2 - Quarterly Review (Q1),WILLIAM BROWN,Unitus Family Services,Community Coaching,1.5,52,Latoya Smith,Clinical Director,Unassigned,Assigned,CAPACITY CONFLICT — PEAK OVERFLOW
WT2 - Quarterly Review (Q2),WILLIAM BROWN,Unitus Family Services,Community Coaching,1.5,13,Latoya Smith,Clinical Director,Unassigned,Assigned (Smoothed - Wk 12),CAPACITY CONFLICT — CRITICAL OVERFLOW
WT2 - Quarterly Review (Q3),WILLIAM BROWN,Unitus Family Services,Community Coaching,1.5,26,Stephanie Eatton-Johnson,Clinical Director,Unassigned,Assigned (Smoothed - Wk 25),CAPACITY CONFLICT — CRITICAL OVERFLOW
WT2 - Quarterly Review (Q4),WILLIAM BROWN,Unitus Family Services,Community Coaching,1.5,39,Stephanie Eatton-Johnson,Clinical Director,Unassigned,Assigned (Smoothed - Wk 38),CAPACITY CONFLICT — CRITICAL OVERFLOW
WT1 - Annual ISP,Dwayne Coleman,Unitus Family Services,Community Engagement,3,52,Ayaat Albayati,Clinical Operations Director,Unassigned,Assigned,CAPACITY CONFLICT — PEAK OVERFLOW
WT2 - Quarterly Review (Q1),Dwayne Coleman,Unitus Family Services,Community Engagement,1.5,52,Latoya Smith,Clinical Director,Unassigned,Assigned,CAPACITY CONFLICT — PEAK OVERFLOW
WT2 - Quarterly Review (Q2),Dwayne Coleman,Unitus Family Services,Community Engagement,1.5,13,Stephanie Eatton-Johnson,Clinical Director,Unassigned,Assigned (Smoothed - Wk 12),CAPACITY CONFLICT — CRITICAL OVERFLOW
WT2 - Quarterly Review (Q3),Dwayne Coleman,Unitus Family Services,Community Engagement,1.5,26,Ayaat Albayati,Clinical Operations Director,Unassigned,Assigned (Smoothed - Wk 25),CAPACITY CONFLICT — CRITICAL OVERFLOW
WT2 - Quarterly Review (Q4),Dwayne Coleman,Unitus Family Services,Community Engagement,1.5,39,Ayaat Albayati,Clinical Operations Director,Unassigned,Assigned (Smoothed - Wk 38),CAPACITY CONFLICT — CRITICAL OVERFLOW
WT1 - Annual ISP,Holly Lack,Unitus Family Services,Community Engagement,3,52,Stephanie Eatton-Johnson,Clinical Director,Unassigned,Assigned - Leadership Buffer,Temporary Peak Buffer (Reassign Upon Hiring)
WT2 - Quarterly Review (Q1),Holly Lack,Unitus Family Services,Community Engagement,1.5,52,Latoya Smith,Clinical Director,Unassigned,Assigned,CAPACITY CONFLICT — PEAK OVERFLOW
WT2 - Quarterly Review (Q2),Holly Lack,Unitus Family Services,Community Engagement,1.5,13,Ayaat Albayati,Clinical Operations Director,Unassigned,Assigned (Smoothed - Wk 12),CAPACITY CONFLICT — CRITICAL OVERFLOW
WT2 - Quarterly Review (Q3),Holly Lack,Unitus Family Services,Community Engagement,1.5,26,Latoya Smith,Clinical Director,Unassigned,Assigned (Smoothed - Wk 25),CAPACITY CONFLICT — CRITICAL OVERFLOW
WT2 - Quarterly Review (Q4),Holly Lack,Unitus Family Services,Community Engagement,1.5,39,Latoya Smith,Clinical Director,Unassigned,Assigned (Smoothed - Wk 38),CAPACITY CONFLICT — CRITICAL OVERFLOW
WT1 - Annual ISP,Julieta Franco-Adorno,Unitus Family Services,Community Engagement,3,52,Ayaat Albayati,Clinical Operations Director,Unassigned,Assigned - Leadership Buffer,Temporary Peak Buffer (Reassign Upon Hiring)
WT2 - Quarterly Review (Q1),Julieta Franco-Adorno,Unitus Family Services,Community Engagement,1.5,52,Latoya Smith,Clinical Director,Unassigned,Assigned,CAPACITY CONFLICT — PEAK OVERFLOW
WT2 - Quarterly Review (Q2),Julieta Franco-Adorno,Unitus Family Services,Community Engagement,1.5,13,Latoya Smith,Clinical Director,Unassigned,Assigned (Smoothed - Wk 12),CAPACITY CONFLICT — CRITICAL OVERFLOW
WT2 - Quarterly Review (Q3),Julieta Franco-Adorno,Unitus Family Services,Community Engagement,1.5,26,Stephanie Eatton-Johnson,Clinical Director,Unassigned,Assigned (Smoothed - Wk 25),CAPACITY CONFLICT — CRITICAL OVERFLOW
WT2 - Quarterly Review (Q4),Julieta Franco-Adorno,Unitus Family Services,Community Engagement,1.5,39,Stephanie Eatton-Johnson,Clinical Director,Unassigned,Assigned (Smoothed - Wk 38),CAPACITY CONFLICT — CRITICAL OVERFLOW
WT1 - Annual ISP,KANISHA WILLIAMS,Unitus Family Services,Community Engagement,3,52,Stephanie Eatton-Johnson,Clinical Director,Unassigned,Assigned - Leadership Buffer,Temporary Peak Buffer (Reassign Upon Hiring)
WT2 - Quarterly Review (Q1),KANISHA WILLIAMS,Unitus Family Services,Community Engagement,1.5,52,Latoya Smith,Clinical Director,Unassigned,Assigned,CAPACITY CONFLICT — PEAK OVERFLOW
WT2 - Quarterly Review (Q2),KANISHA WILLIAMS,Unitus Family Services,Community Engagement,1.5,13,Stephanie Eatton-Johnson,Clinical Director,Unassigned,Assigned (Smoothed - Wk 12),CAPACITY CONFLICT — CRITICAL OVERFLOW
WT2 - Quarterly Review (Q3),KANISHA WILLIAMS,Unitus Family Services,Community Engagement,1.5,26,Ayaat Albayati,Clinical Operations Director,Unassigned,Assigned (Smoothed - Wk 25),CAPACITY CONFLICT — CRITICAL OVERFLOW
WT2 - Quarterly Review (Q4),KANISHA WILLIAMS,Unitus Family Services,Community Engagement,1.5,39,Ayaat Albayati,Clinical Operations Director,Unassigned,Assigned (Smoothed - Wk 38),CAPACITY CONFLICT — CRITICAL OVERFLOW
WT1 - Annual ISP,KEITH BYRD,Unitus Family Services,Community Engagement,3,52,Ayaat Albayati,Clinical Operations Director,Unassigned,Assigned - Leadership Buffer,Temporary Peak Buffer (Reassign Upon Hiring)
WT2 - Quarterly Review (Q1),KEITH BYRD,Unitus Family Services,Community Engagement,1.5,52,Latoya Smith,Clinical Director,Unassigned,Assigned,CAPACITY CONFLICT — PEAK OVERFLOW
WT2 - Quarterly Review (Q2),KEITH BYRD,Unitus Family Services,Community Engagement,1.5,13,Ayaat Albayati,Clinical Operations Director,Unassigned,Assigned (Smoothed - Wk 12),CAPACITY CONFLICT — CRITICAL OVERFLOW
WT2 - Quarterly Review (Q3),KEITH BYRD,Unitus Family Services,Community Engagement,1.5,26,Latoya Smith,Clinical Director,Unassigned,Assigned (Smoothed - Wk 25),CAPACITY CONFLICT — CRITICAL OVERFLOW
WT2 - Quarterly Review (Q4),KEITH BYRD,Unitus Family Services,Community Engagement,1.5,39,Latoya Smith,Clinical Director,Unassigned,Assigned (Smoothed - Wk 38),CAPACITY CONFLICT — CRITICAL OVERFLOW
WT1 - Annual ISP,KELLY CROWELL,Unitus Family Services,Community Engagement,3,52,Stephanie Eatton-Johnson,Clinical Director,Unassigned,Assigned - Leadership Buffer,Temporary Peak Buffer (Reassign Upon Hiring)
WT2 - Quarterly Review (Q1),KELLY CROWELL,Unitus Family Services,Community Engagement,1.5,52,Latoya Smith,Clinical Director,Unassigned,Assigned,CAPACITY CONFLICT — PEAK OVERFLOW
WT2 - Quarterly Review (Q2),KELLY CROWELL,Unitus Family Services,Community Engagement,1.5,13,Latoya Smith,Clinical Director,Unassigned,Assigned (Smoothed - Wk 12),CAPACITY CONFLICT — CRITICAL OVERFLOW
WT2 - Quarterly Review (Q3),KELLY CROWELL,Unitus Family Services,Community Engagement,1.5,26,Stephanie Eatton-Johnson,Clinical Director,Unassigned,Assigned (Smoothed - Wk 25),CAPACITY CONFLICT — CRITICAL OVERFLOW
WT2 - Quarterly Review (Q4),KELLY CROWELL,Unitus Family Services,Community Engagement,1.5,39,Stephanie Eatton-Johnson,Clinical Director,Unassigned,Assigned (Smoothed - Wk 38),CAPACITY CONFLICT — CRITICAL OVERFLOW
WT1 - Annual ISP,Labrinka Jenkins,Unitus Family Services,Community Engagement,3,45,Ondrea Wilson,DDA,Unassigned,Assigned,System Scheduled
WT2 - Quarterly Review (Q1),Labrinka Jenkins,Unitus Family Services,Community Engagement,1.5,45,Mohammed,QDDP,Unassigned,Assigned,System Scheduled
WT2 - Quarterly Review (Q2),Labrinka Jenkins,Unitus Family Services,Community Engagement,1.5,6,Shalette Shaw,DDS 2,Unassigned,Assigned,System Scheduled
WT2 - Quarterly Review (Q3),Labrinka Jenkins,Unitus Family Services,Community Engagement,1.5,19,Shalette Shaw,DDS 2,Unassigned,Assigned,System Scheduled
WT2 - Quarterly Review (Q4),Labrinka Jenkins,Unitus Family Services,Community Engagement,1.5,32,Shalette Shaw,DDS 2,Unassigned,Assigned,System Scheduled
WT1 - Annual ISP,MARKELL SIMMONS,Unitus Family Services,Community Engagement,3,40,Kristin Williams,DDS 2,Unassigned,Assigned,System Scheduled
WT2 - Quarterly Review (Q1),MARKELL SIMMONS,Unitus Family Services,Community Engagement,1.5,40,Ashley Shilo,DDA,Unassigned,Assigned,System Scheduled
WT2 - Quarterly Review (Q2),MARKELL SIMMONS,Unitus Family Services,Community Engagement,1.5,1,Kristin Williams,DDS 2,Unassigned,Assigned,System Scheduled
WT2 - Quarterly Review (Q3),MARKELL SIMMONS,Unitus Family Services,Community Engagement,1.5,14,Shalette Shaw,DDS 2,Unassigned,Assigned,System Scheduled
WT2 - Quarterly Review (Q4),MARKELL SIMMONS,Unitus Family Services,Community Engagement,1.5,27,Shalette Shaw,DDS 2,Unassigned,Assigned,System Scheduled
WT1 - Annual ISP,MEGAN MILLER,Unitus Family Services,Community Engagement,3,52,Ayaat Albayati,Clinical Operations Director,Unassigned,Assigned - Leadership Buffer,Temporary Peak Buffer (Reassign Upon Hiring)
WT2 - Quarterly Review (Q1),MEGAN MILLER,Unitus Family Services,Community Engagement,1.5,52,Latoya Smith,Clinical Director,Unassigned,Assigned,CAPACITY CONFLICT — PEAK OVERFLOW
WT2 - Quarterly Review (Q2),MEGAN MILLER,Unitus Family Services,Community Engagement,1.5,13,Stephanie Eatton-Johnson,Clinical Director,Unassigned,Assigned (Smoothed - Wk 12),CAPACITY CONFLICT — CRITICAL OVERFLOW
WT2 - Quarterly Review (Q3),MEGAN MILLER,Unitus Family Services,Community Engagement,1.5,26,Ayaat Albayati,Clinical Operations Director,Unassigned,Assigned (Smoothed - Wk 25),CAPACITY CONFLICT — CRITICAL OVERFLOW
WT2 - Quarterly Review (Q4),MEGAN MILLER,Unitus Family Services,Community Engagement,1.5,39,Ayaat Albayati,Clinical Operations Director,Unassigned,Assigned (Smoothed - Wk 38),CAPACITY CONFLICT — CRITICAL OVERFLOW
WT1 - Annual ISP,MARY SEWARD,Unitus Family Services,Community Engagement,3,52,Stephanie Eatton-Johnson,Clinical Director,Unassigned,Assigned - Leadership Buffer,Temporary Peak Buffer (Reassign Upon Hiring)
WT2 - Quarterly Review (Q1),MARY SEWARD,Unitus Family Services,Community Engagement,1.5,52,Latoya Smith,Clinical Director,Unassigned,Assigned,CAPACITY CONFLICT — PEAK OVERFLOW
WT2 - Quarterly Review (Q2),MARY SEWARD,Unitus Family Services,Community Engagement,1.5,13,Ayaat Albayati,Clinical Operations Director,Unassigned,Assigned (Smoothed - Wk 12),CAPACITY CONFLICT — CRITICAL OVERFLOW
WT2 - Quarterly Review (Q3),MARY SEWARD,Unitus Family Services,Community Engagement,1.5,26,Latoya Smith,Clinical Director,Unassigned,Assigned (Smoothed - Wk 25),CAPACITY CONFLICT — CRITICAL OVERFLOW
WT2 - Quarterly Review (Q4),MARY SEWARD,Unitus Family Services,Community Engagement,1.5,39,Latoya Smith,Clinical Director,Unassigned,Assigned (Smoothed - Wk 38),CAPACITY CONFLICT — CRITICAL OVERFLOW
WT1 - Annual ISP,Maurice Savage,Unitus Family Services,Community Engagement,3,52,Ayaat Albayati,Clinical Operations Director,Unassigned,Assigned - Leadership Buffer,Temporary Peak Buffer (Reassign Upon Hiring)
WT2 - Quarterly Review (Q1),Maurice Savage,Unitus Family Services,Community Engagement,1.5,52,Latoya Smith,Clinical Director,Unassigned,Assigned,CAPACITY CONFLICT — PEAK OVERFLOW
WT2 - Quarterly Review (Q2),Maurice Savage,Unitus Family Services,Community Engagement,1.5,13,Latoya Smith,Clinical Director,Unassigned,Assigned (Smoothed - Wk 12),CAPACITY CONFLICT — CRITICAL OVERFLOW
WT2 - Quarterly Review (Q3),Maurice Savage,Unitus Family Services,Community Engagement,1.5,26,Stephanie Eatton-Johnson,Clinical Director,Unassigned,Assigned (Smoothed - Wk 25),CAPACITY CONFLICT — CRITICAL OVERFLOW
WT2 - Quarterly Review (Q4),Maurice Savage,Unitus Family Services,Community Engagement,1.5,39,Stephanie Eatton-Johnson,Clinical Director,Unassigned,Assigned (Smoothed - Wk 38),CAPACITY CONFLICT — CRITICAL OVERFLOW
WT1 - Annual ISP,Patricia Schoenherr,Unitus Family Services,Community Engagement,3,52,Stephanie Eatton-Johnson,Clinical Director,Unassigned,Assigned - Leadership Buffer,Temporary Peak Buffer (Reassign Upon Hiring)
WT2 - Quarterly Review (Q1),Patricia Schoenherr,Unitus Family Services,Community Engagement,1.5,52,Latoya Smith,Clinical Director,Unassigned,Assigned,CAPACITY CONFLICT — PEAK OVERFLOW
WT2 - Quarterly Review (Q2),Patricia Schoenherr,Unitus Family Services,Community Engagement,1.5,13,Stephanie Eatton-Johnson,Clinical Director,Unassigned,Assigned (Smoothed - Wk 12),CAPACITY CONFLICT — CRITICAL OVERFLOW
WT2 - Quarterly Review (Q3),Patricia Schoenherr,Unitus Family Services,Community Engagement,1.5,26,Ayaat Albayati,Clinical Operations Director,Unassigned,Assigned (Smoothed - Wk 25),CAPACITY CONFLICT — CRITICAL OVERFLOW
WT2 - Quarterly Review (Q4),Patricia Schoenherr,Unitus Family Services,Community Engagement,1.5,39,Ayaat Albayati,Clinical Operations Director,Unassigned,Assigned (Smoothed - Wk 38),CAPACITY CONFLICT — CRITICAL OVERFLOW
WT1 - Annual ISP,Ryan Warren,Unitus Family Services,Community Engagement,3,52,Ayaat Albayati,Clinical Operations Director,Unassigned,Assigned - Leadership Buffer,Temporary Peak Buffer (Reassign Upon Hiring)
WT2 - Quarterly Review (Q1),Ryan Warren,Unitus Family Services,Community Engagement,1.5,52,Latoya Smith,Clinical Director,Unassigned,Assigned,CAPACITY CONFLICT — PEAK OVERFLOW
WT2 - Quarterly Review (Q2),Ryan Warren,Unitus Family Services,Community Engagement,1.5,13,Ayaat Albayati,Clinical Operations Director,Unassigned,Assigned (Smoothed - Wk 12),CAPACITY CONFLICT — CRITICAL OVERFLOW
WT2 - Quarterly Review (Q3),Ryan Warren,Unitus Family Services,Community Engagement,1.5,26,Latoya Smith,Clinical Director,Unassigned,Assigned (Smoothed - Wk 25),CAPACITY CONFLICT — CRITICAL OVERFLOW
WT2 - Quarterly Review (Q4),Ryan Warren,Unitus Family Services,Community Engagement,1.5,39,Latoya Smith,Clinical Director,Unassigned,Assigned (Smoothed - Wk 38),CAPACITY CONFLICT — CRITICAL OVERFLOW
WT1 - Annual ISP,Samantha McIntosh,Unitus Family Services,Community Engagement,3,37,Mohammed,QDDP,Unassigned,Assigned,System Scheduled
WT2 - Quarterly Review (Q1),Samantha McIntosh,Unitus Family Services,Community Engagement,1.5,37,Kristin Williams,DDS 2,Unassigned,Assigned,System Scheduled
WT2 - Quarterly Review (Q2),Samantha McIntosh,Unitus Family Services,Community Engagement,1.5,50,Ashley Shilo,DDA,Unassigned,Assigned,System Scheduled
WT2 - Quarterly Review (Q3),Samantha McIntosh,Unitus Family Services,Community Engagement,1.5,11,Shalette Shaw,DDS 2,Unassigned,Assigned,System Scheduled
WT2 - Quarterly Review (Q4),Samantha McIntosh,Unitus Family Services,Community Engagement,1.5,24,Shalette Shaw,DDS 2,Unassigned,Assigned,System Scheduled
WT1 - Annual ISP,Steven Mcallister,Unitus Family Services,Community Engagement,3,43,Mohammed,QDDP,Unassigned,Assigned,System Scheduled
WT2 - Quarterly Review (Q1),Steven Mcallister,Unitus Family Services,Community Engagement,1.5,43,Ondrea Wilson,DDA,Unassigned,Assigned,System Scheduled
WT2 - Quarterly Review (Q2),Steven Mcallister,Unitus Family Services,Community Engagement,1.5,4,Mohammed,QDDP,Unassigned,Assigned,System Scheduled
WT2 - Quarterly Review (Q3),Steven Mcallister,Unitus Family Services,Community Engagement,1.5,17,Mohammed,QDDP,Unassigned,Assigned,System Scheduled
WT2 - Quarterly Review (Q4),Steven Mcallister,Unitus Family Services,Community Engagement,1.5,30,Ashley Shilo,DDA,Unassigned,Assigned,System Scheduled
WT1 - Annual ISP,Taniya Kelly,Unitus Family Services,Community Engagement,3,52,Stephanie Eatton-Johnson,Clinical Director,Unassigned,Assigned - Leadership Buffer,Temporary Peak Buffer (Reassign Upon Hiring)
WT2 - Quarterly Review (Q1),Taniya Kelly,Unitus Family Services,Community Engagement,1.5,52,Latoya Smith,Clinical Director,Unassigned,Assigned,CAPACITY CONFLICT — PEAK OVERFLOW
WT2 - Quarterly Review (Q2),Taniya Kelly,Unitus Family Services,Community Engagement,1.5,13,Latoya Smith,Clinical Director,Unassigned,Assigned (Smoothed - Wk 12),CAPACITY CONFLICT — CRITICAL OVERFLOW
WT2 - Quarterly Review (Q3),Taniya Kelly,Unitus Family Services,Community Engagement,1.5,26,Stephanie Eatton-Johnson,Clinical Director,Unassigned,Assigned (Smoothed - Wk 25),CAPACITY CONFLICT — CRITICAL OVERFLOW
WT2 - Quarterly Review (Q4),Taniya Kelly,Unitus Family Services,Community Engagement,1.5,39,Stephanie Eatton-Johnson,Clinical Director,Unassigned,Assigned (Smoothed - Wk 38),CAPACITY CONFLICT — CRITICAL OVERFLOW
WT1 - Annual ISP,Thomas Moody,Unitus Family Services,Community Engagement,3,40,Ondrea Wilson,DDA,Unassigned,Assigned,System Scheduled
WT2 - Quarterly Review (Q1),Thomas Moody,Unitus Family Services,Community Engagement,1.5,40,Shalette Shaw,DDS 2,Unassigned,Assigned,System Scheduled
WT2 - Quarterly Review (Q2),Thomas Moody,Unitus Family Services,Community Engagement,1.5,1,Ashley Shilo,DDA,Unassigned,Assigned,System Scheduled
WT2 - Quarterly Review (Q3),Thomas Moody,Unitus Family Services,Community Engagement,1.5,14,Mohammed,QDDP,Unassigned,Assigned,System Scheduled
WT2 - Quarterly Review (Q4),Thomas Moody,Unitus Family Services,Community Engagement,1.5,27,Mohammed,QDDP,Unassigned,Assigned,System Scheduled
WT1 - Annual ISP,Tyee Drummond,Unitus Family Services,Community Engagement,3,52,Ayaat Albayati,Clinical Operations Director,Unassigned,Assigned - Leadership Buffer,Temporary Peak Buffer (Reassign Upon Hiring)
WT2 - Quarterly Review (Q1),Tyee Drummond,Unitus Family Services,Community Engagement,1.5,52,Latoya Smith,Clinical Director,Unassigned,Assigned (10-Day Post-Quarter Window - Wk 1),CAPACITY CONFLICT — PEAK OVERFLOW
WT2 - Quarterly Review (Q2),Tyee Drummond,Unitus Family Services,Community Engagement,1.5,13,Stephanie Eatton-Johnson,Clinical Director,Unassigned,Assigned (Smoothed - Wk 12),CAPACITY CONFLICT — CRITICAL OVERFLOW
WT2 - Quarterly Review (Q3),Tyee Drummond,Unitus Family Services,Community Engagement,1.5,26,Ayaat Albayati,Clinical Operations Director,Unassigned,Assigned (Smoothed - Wk 25),CAPACITY CONFLICT — CRITICAL OVERFLOW
WT2 - Quarterly Review (Q4),Tyee Drummond,Unitus Family Services,Community Engagement,1.5,39,Ayaat Albayati,Clinical Operations Director,Unassigned,Assigned (Smoothed - Wk 38),CAPACITY CONFLICT — CRITICAL OVERFLOW
WT1 - Annual ISP,TYRONE ELLISON,Unitus Family Services,Community Engagement,3,52,Stephanie Eatton-Johnson,Clinical Director,Unassigned,Assigned - Leadership Buffer,Temporary Peak Buffer (Reassign Upon Hiring)
WT2 - Quarterly Review (Q1),TYRONE ELLISON,Unitus Family Services,Community Engagement,1.5,52,Latoya Smith,Clinical Director,Unassigned,Assigned (10-Day Post-Quarter Window - Wk 1),CAPACITY CONFLICT — PEAK OVERFLOW
WT2 - Quarterly Review (Q2),TYRONE ELLISON,Unitus Family Services,Community Engagement,1.5,13,Ayaat Albayati,Clinical Operations Director,Unassigned,Assigned (Smoothed - Wk 12),CAPACITY CONFLICT — CRITICAL OVERFLOW
WT2 - Quarterly Review (Q3),TYRONE ELLISON,Unitus Family Services,Community Engagement,1.5,26,Latoya Smith,Clinical Director,Unassigned,Assigned (Smoothed - Wk 25),CAPACITY CONFLICT — CRITICAL OVERFLOW
WT2 - Quarterly Review (Q4),TYRONE ELLISON,Unitus Family Services,Community Engagement,1.5,39,Latoya Smith,Clinical Director,Unassigned,Assigned (Smoothed - Wk 38),CAPACITY CONFLICT — CRITICAL OVERFLOW
WT1 - Annual ISP,Violet Gannon,Unitus Family Services,Community Engagement,3,51,Ondrea Wilson,DDA,Unassigned,Assigned,System Scheduled
WT2 - Quarterly Review (Q1),Violet Gannon,Unitus Family Services,Community Engagement,1.5,51,Mohammed,QDDP,Unassigned,Assigned,System Scheduled
WT2 - Quarterly Review (Q2),Violet Gannon,Unitus Family Services,Community Engagement,1.5,12,Mohammed,QDDP,Unassigned,Assigned,System Scheduled
WT2 - Quarterly Review (Q3),Violet Gannon,Unitus Family Services,Community Engagement,1.5,25,Mohammed,QDDP,Unassigned,Assigned,System Scheduled
WT2 - Quarterly Review (Q4),Violet Gannon,Unitus Family Services,Community Engagement,1.5,38,Ondrea Wilson,DDA,Unassigned,Assigned,System Scheduled
WT1 - Annual ISP,Clara Rutan,Unitus Family Services,Group Home,3,38,Mohammed,QDDP,Unassigned,Assigned,System Scheduled
WT2 - Quarterly Review (Q1),Clara Rutan,Unitus Family Services,Group Home,1.5,38,Ashley Shilo,DDA,Unassigned,Assigned,System Scheduled
WT2 - Quarterly Review (Q2),Clara Rutan,Unitus Family Services,Group Home,1.5,51,Kristin Williams,DDS 2,Unassigned,Assigned,System Scheduled
WT2 - Quarterly Review (Q3),Clara Rutan,Unitus Family Services,Group Home,1.5,12,Kristin Williams,DDS 2,Unassigned,Assigned,System Scheduled
WT2 - Quarterly Review (Q4),Clara Rutan,Unitus Family Services,Group Home,1.5,25,Kristin Williams,DDS 2,Unassigned,Assigned,System Scheduled
WT1 - Annual ISP,Dwayne Coleman,Unitus Family Services,Group Home,3,52,Ayaat Albayati,Clinical Operations Director,Unassigned,Assigned - Leadership Buffer,Temporary Peak Buffer (Reassign Upon Hiring)
WT2 - Quarterly Review (Q1),Dwayne Coleman,Unitus Family Services,Group Home,1.5,52,Latoya Smith,Clinical Director,Unassigned,Assigned (10-Day Post-Quarter Window - Wk 1),CAPACITY CONFLICT — PEAK OVERFLOW
WT2 - Quarterly Review (Q2),Dwayne Coleman,Unitus Family Services,Group Home,1.5,13,Latoya Smith,Clinical Director,Unassigned,Assigned (Smoothed - Wk 12),CAPACITY CONFLICT — CRITICAL OVERFLOW
WT2 - Quarterly Review (Q3),Dwayne Coleman,Unitus Family Services,Group Home,1.5,26,Stephanie Eatton-Johnson,Clinical Director,Unassigned,Assigned (Smoothed - Wk 25),CAPACITY CONFLICT — CRITICAL OVERFLOW
WT2 - Quarterly Review (Q4),Dwayne Coleman,Unitus Family Services,Group Home,1.5,39,Stephanie Eatton-Johnson,Clinical Director,Unassigned,Assigned (Smoothed - Wk 38),CAPACITY CONFLICT — CRITICAL OVERFLOW
WT1 - Annual ISP,Holly Lack,Unitus Family Services,Group Home,3,52,Stephanie Eatton-Johnson,Clinical Director,Unassigned,Assigned - Leadership Buffer,Temporary Peak Buffer (Reassign Upon Hiring)
WT2 - Quarterly Review (Q1),Holly Lack,Unitus Family Services,Group Home,1.5,52,Latoya Smith,Clinical Director,Unassigned,Assigned (10-Day Post-Quarter Window - Wk 1),CAPACITY CONFLICT — PEAK OVERFLOW
WT2 - Quarterly Review (Q2),Holly Lack,Unitus Family Services,Group Home,1.5,13,Stephanie Eatton-Johnson,Clinical Director,Unassigned,Assigned (Smoothed - Wk 12),CAPACITY CONFLICT — CRITICAL OVERFLOW
WT2 - Quarterly Review (Q3),Holly Lack,Unitus Family Services,Group Home,1.5,26,Ayaat Albayati,Clinical Operations Director,Unassigned,Assigned (Smoothed - Wk 25),CAPACITY CONFLICT — CRITICAL OVERFLOW
WT2 - Quarterly Review (Q4),Holly Lack,Unitus Family Services,Group Home,1.5,39,Ayaat Albayati,Clinical Operations Director,Unassigned,Assigned (Smoothed - Wk 38),CAPACITY CONFLICT — CRITICAL OVERFLOW
WT1 - Annual ISP,JOSEPH HINES,Unitus Family Services,Group Home,3,39,Latoya Smith,Clinical Director,Unassigned,Assigned (Smoothed - Wk 38),CAPACITY CONFLICT — CRITICAL OVERFLOW
WT2 - Quarterly Review (Q1),JOSEPH HINES,Unitus Family Services,Group Home,1.5,39,Stephanie Eatton-Johnson,Clinical Director,Unassigned,Assigned (Smoothed - Wk 38),CAPACITY CONFLICT — CRITICAL OVERFLOW
WT2 - Quarterly Review (Q2),JOSEPH HINES,Unitus Family Services,Group Home,1.5,52,Ayaat Albayati,Clinical Operations Director,Unassigned,Assigned (10-Day Post-Quarter Window - Wk 1),CAPACITY CONFLICT — PEAK OVERFLOW
WT2 - Quarterly Review (Q3),JOSEPH HINES,Unitus Family Services,Group Home,1.5,13,Ayaat Albayati,Clinical Operations Director,Unassigned,Assigned (Smoothed - Wk 12),CAPACITY CONFLICT — CRITICAL OVERFLOW
WT2 - Quarterly Review (Q4),JOSEPH HINES,Unitus Family Services,Group Home,1.5,26,Latoya Smith,Clinical Director,Unassigned,Assigned (Smoothed - Wk 25),CAPACITY CONFLICT — CRITICAL OVERFLOW
WT1 - Annual ISP,Louie Hall,Unitus Family Services,Group Home,3,52,Latoya Smith,Clinical Director,Unassigned,Assigned - Leadership Buffer,Temporary Peak Buffer (Reassign Upon Hiring)
WT2 - Quarterly Review (Q1),Louie Hall,Unitus Family Services,Group Home,1.5,52,Stephanie Eatton-Johnson,Clinical Director,Unassigned,Assigned (10-Day Post-Quarter Window - Wk 1),CAPACITY CONFLICT — PEAK OVERFLOW
WT2 - Quarterly Review (Q2),Louie Hall,Unitus Family Services,Group Home,1.5,13,Latoya Smith,Clinical Director,Unassigned,Assigned (Smoothed - Wk 12),CAPACITY CONFLICT — CRITICAL OVERFLOW
WT2 - Quarterly Review (Q3),Louie Hall,Unitus Family Services,Group Home,1.5,26,Stephanie Eatton-Johnson,Clinical Director,Unassigned,Assigned (Smoothed - Wk 25),CAPACITY CONFLICT — CRITICAL OVERFLOW
WT2 - Quarterly Review (Q4),Louie Hall,Unitus Family Services,Group Home,1.5,39,Ayaat Albayati,Clinical Operations Director,Unassigned,Assigned (Smoothed - Wk 38),CAPACITY CONFLICT — CRITICAL OVERFLOW
WT1 - Annual ISP,Maurice Savage,Unitus Family Services,Group Home,3,52,Ayaat Albayati,Clinical Operations Director,Unassigned,Assigned - Leadership Buffer,Temporary Peak Buffer (Reassign Upon Hiring)
WT2 - Quarterly Review (Q1),Maurice Savage,Unitus Family Services,Group Home,1.5,52,Stephanie Eatton-Johnson,Clinical Director,Unassigned,Assigned (10-Day Post-Quarter Window - Wk 1),CAPACITY CONFLICT — PEAK OVERFLOW
WT2 - Quarterly Review (Q2),Maurice Savage,Unitus Family Services,Group Home,1.5,13,Stephanie Eatton-Johnson,Clinical Director,Unassigned,Assigned (Smoothed - Wk 12),CAPACITY CONFLICT — CRITICAL OVERFLOW
WT2 - Quarterly Review (Q3),Maurice Savage,Unitus Family Services,Group Home,1.5,26,Ayaat Albayati,Clinical Operations Director,Unassigned,Assigned (Smoothed - Wk 25),CAPACITY CONFLICT — CRITICAL OVERFLOW
WT2 - Quarterly Review (Q4),Maurice Savage,Unitus Family Services,Group Home,1.5,39,Stephanie Eatton-Johnson,Clinical Director,Unassigned,Assigned (Smoothed - Wk 38),CAPACITY CONFLICT — CRITICAL OVERFLOW
WT1 - Annual ISP,TYRONE ELLISON,Unitus Family Services,Group Home,3,52,Latoya Smith,Clinical Director,Unassigned,Assigned - Leadership Buffer,Temporary Peak Buffer (Reassign Upon Hiring)
WT2 - Quarterly Review (Q1),TYRONE ELLISON,Unitus Family Services,Group Home,1.5,52,Stephanie Eatton-Johnson,Clinical Director,Unassigned,Assigned (10-Day Post-Quarter Window - Wk 1),CAPACITY CONFLICT — PEAK OVERFLOW
WT2 - Quarterly Review (Q2),TYRONE ELLISON,Unitus Family Services,Group Home,1.5,13,Ayaat Albayati,Clinical Operations Director,Unassigned,Assigned (Smoothed - Wk 12),CAPACITY CONFLICT — CRITICAL OVERFLOW
WT2 - Quarterly Review (Q3),TYRONE ELLISON,Unitus Family Services,Group Home,1.5,26,Latoya Smith,Clinical Director,Unassigned,Assigned (Smoothed - Wk 25),CAPACITY CONFLICT — CRITICAL OVERFLOW
WT2 - Quarterly Review (Q4),TYRONE ELLISON,Unitus Family Services,Group Home,1.5,39,Ayaat Albayati,Clinical Operations Director,Unassigned,Assigned (Smoothed - Wk 38),CAPACITY CONFLICT — CRITICAL OVERFLOW
WT1 - Annual ISP,Cyrus Davis,Unitus Family Services,Supportive In-Home,3,52,Ayaat Albayati,Clinical Operations Director,Unassigned,Assigned - Leadership Buffer,Temporary Peak Buffer (Reassign Upon Hiring)
WT2 - Quarterly Review (Q1),Cyrus Davis,Unitus Family Services,Supportive In-Home,1.5,52,Stephanie Eatton-Johnson,Clinical Director,Unassigned,Assigned (10-Day Post-Quarter Window - Wk 1),CAPACITY CONFLICT — PEAK OVERFLOW
WT2 - Quarterly Review (Q2),Cyrus Davis,Unitus Family Services,Supportive In-Home,1.5,13,Latoya Smith,Clinical Director,Unassigned,Assigned (Smoothed - Wk 12),CAPACITY CONFLICT — CRITICAL OVERFLOW
WT2 - Quarterly Review (Q3),Cyrus Davis,Unitus Family Services,Supportive In-Home,1.5,26,Stephanie Eatton-Johnson,Clinical Director,Unassigned,Assigned (Smoothed - Wk 25),CAPACITY CONFLICT — CRITICAL OVERFLOW
WT2 - Quarterly Review (Q4),Cyrus Davis,Unitus Family Services,Supportive In-Home,1.5,39,Latoya Smith,Clinical Director,Unassigned,Assigned (Smoothed - Wk 38),CAPACITY CONFLICT — CRITICAL OVERFLOW
WT1 - Annual ISP,Patrick Lucas,Unitus Family Services,Supportive In-Home,3,41,Kristin Williams,DDS 2,Unassigned,Assigned,System Scheduled
WT2 - Quarterly Review (Q1),Patrick Lucas,Unitus Family Services,Supportive In-Home,1.5,41,Ashley Shilo,DDA,Unassigned,Assigned,System Scheduled
WT2 - Quarterly Review (Q2),Patrick Lucas,Unitus Family Services,Supportive In-Home,1.5,2,Ondrea Wilson,DDA,Unassigned,Assigned,System Scheduled
WT2 - Quarterly Review (Q3),Patrick Lucas,Unitus Family Services,Supportive In-Home,1.5,15,Ondrea Wilson,DDA,Unassigned,Assigned,System Scheduled
WT2 - Quarterly Review (Q4),Patrick Lucas,Unitus Family Services,Supportive In-Home,1.5,28,Ondrea Wilson,DDA,Unassigned,Assigned,System Scheduled
WT1 - Annual ISP,Kameron Goodloe,Unity Youth Services,Community Engagement,3,52,Latoya Smith,Clinical Director,Unassigned,Assigned - Leadership Buffer,Temporary Peak Buffer (Reassign Upon Hiring)
WT2 - Quarterly Review (Q1),Kameron Goodloe,Unity Youth Services,Community Engagement,1.5,52,Stephanie Eatton-Johnson,Clinical Director,Unassigned,Assigned (10-Day Post-Quarter Window - Wk 1),CAPACITY CONFLICT — PEAK OVERFLOW
WT2 - Quarterly Review (Q2),Kameron Goodloe,Unity Youth Services,Community Engagement,1.5,13,Stephanie Eatton-Johnson,Clinical Director,Unassigned,Assigned (Smoothed - Wk 12),CAPACITY CONFLICT — CRITICAL OVERFLOW
WT2 - Quarterly Review (Q3),Kameron Goodloe,Unity Youth Services,Community Engagement,1.5,26,Ayaat Albayati,Clinical Operations Director,Unassigned,Assigned (Smoothed - Wk 25),CAPACITY CONFLICT — CRITICAL OVERFLOW
WT2 - Quarterly Review (Q4),Kameron Goodloe,Unity Youth Services,Community Engagement,1.5,39,Stephanie Eatton-Johnson,Clinical Director,Unassigned,Assigned (Smoothed - Wk 38),CAPACITY CONFLICT — CRITICAL OVERFLOW
WT1 - Annual ISP,Jonathan Code,Utopia C&C,Community Engagement,3,52,Ayaat Albayati,Clinical Operations Director,Unassigned,Assigned - Leadership Buffer,Temporary Peak Buffer (Reassign Upon Hiring)
WT2 - Quarterly Review (Q1),Jonathan Code,Utopia C&C,Community Engagement,1.5,52,Stephanie Eatton-Johnson,Clinical Director,Unassigned,Assigned (10-Day Post-Quarter Window - Wk 1),CAPACITY CONFLICT — PEAK OVERFLOW
WT2 - Quarterly Review (Q2),Jonathan Code,Utopia C&C,Community Engagement,1.5,13,Ayaat Albayati,Clinical Operations Director,Unassigned,Assigned (Smoothed - Wk 12),CAPACITY CONFLICT — CRITICAL OVERFLOW
WT2 - Quarterly Review (Q3),Jonathan Code,Utopia C&C,Community Engagement,1.5,26,Latoya Smith,Clinical Director,Unassigned,Assigned (Smoothed - Wk 25),CAPACITY CONFLICT — CRITICAL OVERFLOW
WT2 - Quarterly Review (Q4),Jonathan Code,Utopia C&C,Community Engagement,1.5,39,Ayaat Albayati,Clinical Operations Director,Unassigned,Assigned (Smoothed - Wk 38),CAPACITY CONFLICT — CRITICAL OVERFLOW
WT1 - Annual ISP,Soo Min Yoon,Utopia C&C,Group Home,3,52,Latoya Smith,Clinical Director,Unassigned,Assigned - Leadership Buffer,Temporary Peak Buffer (Reassign Upon Hiring)
WT2 - Quarterly Review (Q1),Soo Min Yoon,Utopia C&C,Group Home,1.5,52,Stephanie Eatton-Johnson,Clinical Director,Unassigned,Assigned (10-Day Post-Quarter Window - Wk 1),CAPACITY CONFLICT — PEAK OVERFLOW
WT2 - Quarterly Review (Q2),Soo Min Yoon,Utopia C&C,Group Home,1.5,13,Latoya Smith,Clinical Director,Unassigned,Assigned (Smoothed - Wk 12),CAPACITY CONFLICT — CRITICAL OVERFLOW
WT2 - Quarterly Review (Q3),Soo Min Yoon,Utopia C&C,Group Home,1.5,26,Stephanie Eatton-Johnson,Clinical Director,Unassigned,Assigned (Smoothed - Wk 25),CAPACITY CONFLICT — CRITICAL OVERFLOW
WT2 - Quarterly Review (Q4),Soo Min Yoon,Utopia C&C,Group Home,1.5,39,Latoya Smith,Clinical Director,Unassigned,Assigned (Smoothed - Wk 38),CAPACITY CONFLICT — CRITICAL OVERFLOW
WT1 - Annual ISP,Daniel Branch,VARTS,Group Home,3,52,Ayaat Albayati,Clinical Operations Director,Unassigned,Assigned - Leadership Buffer,Temporary Peak Buffer (Reassign Upon Hiring)
WT2 - Quarterly Review (Q1),Daniel Branch,VARTS,Group Home,1.5,52,Stephanie Eatton-Johnson,Clinical Director,Unassigned,Assigned (10-Day Post-Quarter Window - Wk 1),CAPACITY CONFLICT — PEAK OVERFLOW
WT2 - Quarterly Review (Q2),Daniel Branch,VARTS,Group Home,1.5,13,Stephanie Eatton-Johnson,Clinical Director,Unassigned,Assigned (Smoothed - Wk 12),CAPACITY CONFLICT — CRITICAL OVERFLOW
WT2 - Quarterly Review (Q3),Daniel Branch,VARTS,Group Home,1.5,26,Ayaat Albayati,Clinical Operations Director,Unassigned,Assigned (Smoothed - Wk 25),CAPACITY CONFLICT — CRITICAL OVERFLOW
WT2 - Quarterly Review (Q4),Daniel Branch,VARTS,Group Home,1.5,39,Stephanie Eatton-Johnson,Clinical Director,Unassigned,Assigned (Smoothed - Wk 38),CAPACITY CONFLICT — CRITICAL OVERFLOW
WT1 - Annual ISP,Jacob Mutchler,VARTS,Group Home,3,39,Ayaat Albayati,Clinical Operations Director,Unassigned,Assigned (Smoothed - Wk 37),CAPACITY CONFLICT — CRITICAL OVERFLOW
WT2 - Quarterly Review (Q1),Jacob Mutchler,VARTS,Group Home,1.5,39,Latoya Smith,Clinical Director,Unassigned,Assigned (Smoothed - Wk 38),CAPACITY CONFLICT — CRITICAL OVERFLOW
WT2 - Quarterly Review (Q2),Jacob Mutchler,VARTS,Group Home,1.5,52,Latoya Smith,Clinical Director,Unassigned,Assigned (10-Day Post-Quarter Window - Wk 1),CAPACITY CONFLICT — PEAK OVERFLOW
WT2 - Quarterly Review (Q3),Jacob Mutchler,VARTS,Group Home,1.5,13,Ayaat Albayati,Clinical Operations Director,Unassigned,Assigned (Smoothed - Wk 12),CAPACITY CONFLICT — CRITICAL OVERFLOW
WT2 - Quarterly Review (Q4),Jacob Mutchler,VARTS,Group Home,1.5,26,Latoya Smith,Clinical Director,Unassigned,Assigned (Smoothed - Wk 25),CAPACITY CONFLICT — CRITICAL OVERFLOW
WT1 - Annual ISP,Timothy Simms,VARTS,Group Home,3,39,Stephanie Eatton-Johnson,Clinical Director,Unassigned,Assigned (Smoothed - Wk 37),CAPACITY CONFLICT — CRITICAL OVERFLOW
WT2 - Quarterly Review (Q1),Timothy Simms,VARTS,Group Home,1.5,39,Latoya Smith,Clinical Director,Unassigned,Assigned (Smoothed - Wk 38),CAPACITY CONFLICT — CRITICAL OVERFLOW
WT2 - Quarterly Review (Q2),Timothy Simms,VARTS,Group Home,1.5,52,Stephanie Eatton-Johnson,Clinical Director,Unassigned,Assigned (10-Day Post-Quarter Window - Wk 1),CAPACITY CONFLICT — PEAK OVERFLOW
WT2 - Quarterly Review (Q3),Timothy Simms,VARTS,Group Home,1.5,13,Latoya Smith,Clinical Director,Unassigned,Assigned (Smoothed - Wk 12),CAPACITY CONFLICT — CRITICAL OVERFLOW
WT2 - Quarterly Review (Q4),Timothy Simms,VARTS,Group Home,1.5,26,Stephanie Eatton-Johnson,Clinical Director,Unassigned,Assigned (Smoothed - Wk 25),CAPACITY CONFLICT — CRITICAL OVERFLOW
WT1 - Annual ISP,Avonda Ridley,Vision Beyond Behaviors,Community Engagement,3,52,Ayaat Albayati,Clinical Operations Director,Unassigned,Assigned - Leadership Buffer,Temporary Peak Buffer (Reassign Upon Hiring)
WT2 - Quarterly Review (Q1),Avonda Ridley,Vision Beyond Behaviors,Community Engagement,1.5,52,Latoya Smith,Clinical Director,Unassigned,Assigned (10-Day Post-Quarter Window - Wk 1),CAPACITY CONFLICT — PEAK OVERFLOW
WT2 - Quarterly Review (Q2),Avonda Ridley,Vision Beyond Behaviors,Community Engagement,1.5,13,Stephanie Eatton-Johnson,Clinical Director,Unassigned,Assigned (Smoothed - Wk 12),CAPACITY CONFLICT — CRITICAL OVERFLOW
WT2 - Quarterly Review (Q3),Avonda Ridley,Vision Beyond Behaviors,Community Engagement,1.5,26,Ayaat Albayati,Clinical Operations Director,Unassigned,Assigned (Smoothed - Wk 25),CAPACITY CONFLICT — CRITICAL OVERFLOW
WT2 - Quarterly Review (Q4),Avonda Ridley,Vision Beyond Behaviors,Community Engagement,1.5,39,Ayaat Albayati,Clinical Operations Director,Unassigned,Assigned (Smoothed - Wk 38),CAPACITY CONFLICT — CRITICAL OVERFLOW
WT1 - Annual ISP,Brandon Reynolds,Vision Beyond Behaviors,Community Engagement,3,52,Stephanie Eatton-Johnson,Clinical Director,Unassigned,Assigned - Leadership Buffer,Temporary Peak Buffer (Reassign Upon Hiring)
WT2 - Quarterly Review (Q1),Brandon Reynolds,Vision Beyond Behaviors,Community Engagement,1.5,52,Latoya Smith,Clinical Director,Unassigned,Assigned (10-Day Post-Quarter Window - Wk 1),CAPACITY CONFLICT — PEAK OVERFLOW
WT2 - Quarterly Review (Q2),Brandon Reynolds,Vision Beyond Behaviors,Community Engagement,1.5,13,Ayaat Albayati,Clinical Operations Director,Unassigned,Assigned (Smoothed - Wk 12),CAPACITY CONFLICT — CRITICAL OVERFLOW
WT2 - Quarterly Review (Q3),Brandon Reynolds,Vision Beyond Behaviors,Community Engagement,1.5,26,Latoya Smith,Clinical Director,Unassigned,Assigned (Smoothed - Wk 25),CAPACITY CONFLICT — CRITICAL OVERFLOW
WT2 - Quarterly Review (Q4),Brandon Reynolds,Vision Beyond Behaviors,Community Engagement,1.5,39,Latoya Smith,Clinical Director,Unassigned,Assigned (Smoothed - Wk 38),CAPACITY CONFLICT — CRITICAL OVERFLOW
WT1 - Annual ISP,Brittany Kerns,Vision Beyond Behaviors,Community Engagement,3,52,Ayaat Albayati,Clinical Operations Director,Unassigned,Assigned - Leadership Buffer,Temporary Peak Buffer (Reassign Upon Hiring)
WT2 - Quarterly Review (Q1),Brittany Kerns,Vision Beyond Behaviors,Community Engagement,1.5,52,Latoya Smith,Clinical Director,Unassigned,Assigned (10-Day Post-Quarter Window - Wk 1),CAPACITY CONFLICT — PEAK OVERFLOW
WT2 - Quarterly Review (Q2),Brittany Kerns,Vision Beyond Behaviors,Community Engagement,1.5,13,Latoya Smith,Clinical Director,Unassigned,Assigned (Smoothed - Wk 12),CAPACITY CONFLICT — CRITICAL OVERFLOW
WT2 - Quarterly Review (Q3),Brittany Kerns,Vision Beyond Behaviors,Community Engagement,1.5,26,Stephanie Eatton-Johnson,Clinical Director,Unassigned,Assigned (Smoothed - Wk 25),CAPACITY CONFLICT — CRITICAL OVERFLOW
WT2 - Quarterly Review (Q4),Brittany Kerns,Vision Beyond Behaviors,Community Engagement,1.5,39,Stephanie Eatton-Johnson,Clinical Director,Unassigned,Assigned (Smoothed - Wk 38),CAPACITY CONFLICT — CRITICAL OVERFLOW
WT1 - Annual ISP,Candi Thaxton,Vision Beyond Behaviors,Community Engagement,3,52,Stephanie Eatton-Johnson,Clinical Director,Unassigned,Assigned - Leadership Buffer,Temporary Peak Buffer (Reassign Upon Hiring)
WT2 - Quarterly Review (Q1),Candi Thaxton,Vision Beyond Behaviors,Community Engagement,1.5,52,Latoya Smith,Clinical Director,Unassigned,Assigned (10-Day Post-Quarter Window - Wk 1),CAPACITY CONFLICT — PEAK OVERFLOW
WT2 - Quarterly Review (Q2),Candi Thaxton,Vision Beyond Behaviors,Community Engagement,1.5,13,Stephanie Eatton-Johnson,Clinical Director,Unassigned,Assigned (Smoothed - Wk 12),CAPACITY CONFLICT — CRITICAL OVERFLOW
WT2 - Quarterly Review (Q3),Candi Thaxton,Vision Beyond Behaviors,Community Engagement,1.5,26,Ayaat Albayati,Clinical Operations Director,Unassigned,Assigned (Smoothed - Wk 25),CAPACITY CONFLICT — CRITICAL OVERFLOW
WT2 - Quarterly Review (Q4),Candi Thaxton,Vision Beyond Behaviors,Community Engagement,1.5,39,Ayaat Albayati,Clinical Operations Director,Unassigned,Assigned (Smoothed - Wk 38),CAPACITY CONFLICT — CRITICAL OVERFLOW
WT1 - Annual ISP,CASSANDRA EMBREY,Vision Beyond Behaviors,Community Engagement,3,52,Ayaat Albayati,Clinical Operations Director,Unassigned,Assigned - Leadership Buffer,Temporary Peak Buffer (Reassign Upon Hiring)
WT2 - Quarterly Review (Q1),CASSANDRA EMBREY,Vision Beyond Behaviors,Community Engagement,1.5,52,Latoya Smith,Clinical Director,Unassigned,Assigned (10-Day Post-Quarter Window - Wk 1),CAPACITY CONFLICT — PEAK OVERFLOW
WT2 - Quarterly Review (Q2),CASSANDRA EMBREY,Vision Beyond Behaviors,Community Engagement,1.5,13,Ayaat Albayati,Clinical Operations Director,Unassigned,Assigned (Smoothed - Wk 12),CAPACITY CONFLICT — CRITICAL OVERFLOW
WT2 - Quarterly Review (Q3),CASSANDRA EMBREY,Vision Beyond Behaviors,Community Engagement,1.5,26,Latoya Smith,Clinical Director,Unassigned,Assigned (Smoothed - Wk 25),CAPACITY CONFLICT — CRITICAL OVERFLOW
WT2 - Quarterly Review (Q4),CASSANDRA EMBREY,Vision Beyond Behaviors,Community Engagement,1.5,39,Latoya Smith,Clinical Director,Unassigned,Assigned (Smoothed - Wk 38),CAPACITY CONFLICT — CRITICAL OVERFLOW
WT1 - Annual ISP,Christian Adkins,Vision Beyond Behaviors,Community Engagement,3,52,Stephanie Eatton-Johnson,Clinical Director,Unassigned,Assigned - Leadership Buffer,Temporary Peak Buffer (Reassign Upon Hiring)
WT2 - Quarterly Review (Q1),Christian Adkins,Vision Beyond Behaviors,Community Engagement,1.5,52,Latoya Smith,Clinical Director,Unassigned,Assigned (10-Day Post-Quarter Window - Wk 1),CAPACITY CONFLICT — PEAK OVERFLOW
WT2 - Quarterly Review (Q2),Christian Adkins,Vision Beyond Behaviors,Community Engagement,1.5,13,Latoya Smith,Clinical Director,Unassigned,Assigned (Smoothed - Wk 12),CAPACITY CONFLICT — CRITICAL OVERFLOW
WT2 - Quarterly Review (Q3),Christian Adkins,Vision Beyond Behaviors,Community Engagement,1.5,26,Stephanie Eatton-Johnson,Clinical Director,Unassigned,Assigned (Smoothed - Wk 25),CAPACITY CONFLICT — CRITICAL OVERFLOW
WT2 - Quarterly Review (Q4),Christian Adkins,Vision Beyond Behaviors,Community Engagement,1.5,39,Stephanie Eatton-Johnson,Clinical Director,Unassigned,Assigned (Smoothed - Wk 38),CAPACITY CONFLICT — CRITICAL OVERFLOW
WT1 - Annual ISP,CHRISTINA HATCHER,Vision Beyond Behaviors,Community Engagement,3,52,Ayaat Albayati,Clinical Operations Director,Unassigned,Assigned - Leadership Buffer,Temporary Peak Buffer (Reassign Upon Hiring)
WT2 - Quarterly Review (Q1),CHRISTINA HATCHER,Vision Beyond Behaviors,Community Engagement,1.5,52,Latoya Smith,Clinical Director,Unassigned,Assigned (10-Day Post-Quarter Window - Wk 1),CAPACITY CONFLICT — PEAK OVERFLOW
WT2 - Quarterly Review (Q2),CHRISTINA HATCHER,Vision Beyond Behaviors,Community Engagement,1.5,13,Stephanie Eatton-Johnson,Clinical Director,Unassigned,Assigned (Smoothed - Wk 12),CAPACITY CONFLICT — CRITICAL OVERFLOW
WT2 - Quarterly Review (Q3),CHRISTINA HATCHER,Vision Beyond Behaviors,Community Engagement,1.5,26,Ayaat Albayati,Clinical Operations Director,Unassigned,Assigned (Smoothed - Wk 25),CAPACITY CONFLICT — CRITICAL OVERFLOW
WT2 - Quarterly Review (Q4),CHRISTINA HATCHER,Vision Beyond Behaviors,Community Engagement,1.5,39,Ayaat Albayati,Clinical Operations Director,Unassigned,Assigned (Smoothed - Wk 38),CAPACITY CONFLICT — CRITICAL OVERFLOW
WT1 - Annual ISP,Hanan Eisenberg,Vision Beyond Behaviors,Community Engagement,3,52,Stephanie Eatton-Johnson,Clinical Director,Unassigned,Assigned - Leadership Buffer,Temporary Peak Buffer (Reassign Upon Hiring)
WT2 - Quarterly Review (Q1),Hanan Eisenberg,Vision Beyond Behaviors,Community Engagement,1.5,52,Latoya Smith,Clinical Director,Unassigned,Assigned (10-Day Post-Quarter Window - Wk 1),CAPACITY CONFLICT — PEAK OVERFLOW
WT2 - Quarterly Review (Q2),Hanan Eisenberg,Vision Beyond Behaviors,Community Engagement,1.5,13,Ayaat Albayati,Clinical Operations Director,Unassigned,Assigned (Smoothed - Wk 12),CAPACITY CONFLICT — CRITICAL OVERFLOW
WT2 - Quarterly Review (Q3),Hanan Eisenberg,Vision Beyond Behaviors,Community Engagement,1.5,26,Latoya Smith,Clinical Director,Unassigned,Assigned (Smoothed - Wk 25),CAPACITY CONFLICT — CRITICAL OVERFLOW
WT2 - Quarterly Review (Q4),Hanan Eisenberg,Vision Beyond Behaviors,Community Engagement,1.5,39,Latoya Smith,Clinical Director,Unassigned,Assigned (Smoothed - Wk 38),CAPACITY CONFLICT — CRITICAL OVERFLOW
WT1 - Annual ISP,JOSEPH RUSSELL,Vision Beyond Behaviors,Community Engagement,3,52,Ayaat Albayati,Clinical Operations Director,Unassigned,Assigned - Leadership Buffer,Temporary Peak Buffer (Reassign Upon Hiring)
WT2 - Quarterly Review (Q1),JOSEPH RUSSELL,Vision Beyond Behaviors,Community Engagement,1.5,52,Latoya Smith,Clinical Director,Unassigned,Assigned (10-Day Post-Quarter Window - Wk 1),CAPACITY CONFLICT — PEAK OVERFLOW
WT2 - Quarterly Review (Q2),JOSEPH RUSSELL,Vision Beyond Behaviors,Community Engagement,1.5,13,Latoya Smith,Clinical Director,Unassigned,Assigned (Smoothed - Wk 12),CAPACITY CONFLICT — CRITICAL OVERFLOW
WT2 - Quarterly Review (Q3),JOSEPH RUSSELL,Vision Beyond Behaviors,Community Engagement,1.5,26,Stephanie Eatton-Johnson,Clinical Director,Unassigned,Assigned (Smoothed - Wk 25),CAPACITY CONFLICT — CRITICAL OVERFLOW
WT2 - Quarterly Review (Q4),JOSEPH RUSSELL,Vision Beyond Behaviors,Community Engagement,1.5,39,Stephanie Eatton-Johnson,Clinical Director,Unassigned,Assigned (Smoothed - Wk 38),CAPACITY CONFLICT — CRITICAL OVERFLOW
WT1 - Annual ISP,Kyrsten Simmons,Vision Beyond Behaviors,Community Engagement,3,52,Stephanie Eatton-Johnson,Clinical Director,Unassigned,Assigned - Leadership Buffer,Temporary Peak Buffer (Reassign Upon Hiring)
WT2 - Quarterly Review (Q1),Kyrsten Simmons,Vision Beyond Behaviors,Community Engagement,1.5,52,Latoya Smith,Clinical Director,Unassigned,Assigned (10-Day Post-Quarter Window - Wk 1),CAPACITY CONFLICT — PEAK OVERFLOW
WT2 - Quarterly Review (Q2),Kyrsten Simmons,Vision Beyond Behaviors,Community Engagement,1.5,13,Stephanie Eatton-Johnson,Clinical Director,Unassigned,Assigned (Smoothed - Wk 12),CAPACITY CONFLICT — CRITICAL OVERFLOW
WT2 - Quarterly Review (Q3),Kyrsten Simmons,Vision Beyond Behaviors,Community Engagement,1.5,26,Ayaat Albayati,Clinical Operations Director,Unassigned,Assigned (Smoothed - Wk 25),CAPACITY CONFLICT — CRITICAL OVERFLOW
WT2 - Quarterly Review (Q4),Kyrsten Simmons,Vision Beyond Behaviors,Community Engagement,1.5,39,Ayaat Albayati,Clinical Operations Director,Unassigned,Assigned (Smoothed - Wk 38),CAPACITY CONFLICT — CRITICAL OVERFLOW
WT1 - Annual ISP,Marquis Ramey-Shade,Vision Beyond Behaviors,Community Engagement,3,52,Ayaat Albayati,Clinical Operations Director,Unassigned,Assigned - Leadership Buffer,Temporary Peak Buffer (Reassign Upon Hiring)
WT2 - Quarterly Review (Q1),Marquis Ramey-Shade,Vision Beyond Behaviors,Community Engagement,1.5,52,Latoya Smith,Clinical Director,Unassigned,Assigned (10-Day Post-Quarter Window - Wk 1),CAPACITY CONFLICT — PEAK OVERFLOW
WT2 - Quarterly Review (Q2),Marquis Ramey-Shade,Vision Beyond Behaviors,Community Engagement,1.5,13,Ayaat Albayati,Clinical Operations Director,Unassigned,Assigned (Smoothed - Wk 12),CAPACITY CONFLICT — CRITICAL OVERFLOW
WT2 - Quarterly Review (Q3),Marquis Ramey-Shade,Vision Beyond Behaviors,Community Engagement,1.5,26,Latoya Smith,Clinical Director,Unassigned,Assigned (Smoothed - Wk 25),CAPACITY CONFLICT — CRITICAL OVERFLOW
WT2 - Quarterly Review (Q4),Marquis Ramey-Shade,Vision Beyond Behaviors,Community Engagement,1.5,39,Latoya Smith,Clinical Director,Unassigned,Assigned (Smoothed - Wk 37),CAPACITY CONFLICT — CRITICAL OVERFLOW
WT1 - Annual ISP,Michael Talbott,Vision Beyond Behaviors,Community Engagement,3,52,Stephanie Eatton-Johnson,Clinical Director,Unassigned,Assigned - Leadership Buffer,Temporary Peak Buffer (Reassign Upon Hiring)
WT2 - Quarterly Review (Q1),Michael Talbott,Vision Beyond Behaviors,Community Engagement,1.5,52,Latoya Smith,Clinical Director,Unassigned,Assigned (10-Day Post-Quarter Window - Wk 1),CAPACITY CONFLICT — PEAK OVERFLOW
WT2 - Quarterly Review (Q2),Michael Talbott,Vision Beyond Behaviors,Community Engagement,1.5,13,Latoya Smith,Clinical Director,Unassigned,Assigned (Smoothed - Wk 12),CAPACITY CONFLICT — CRITICAL OVERFLOW
WT2 - Quarterly Review (Q3),Michael Talbott,Vision Beyond Behaviors,Community Engagement,1.5,26,Stephanie Eatton-Johnson,Clinical Director,Unassigned,Assigned (Smoothed - Wk 25),CAPACITY CONFLICT — CRITICAL OVERFLOW
WT2 - Quarterly Review (Q4),Michael Talbott,Vision Beyond Behaviors,Community Engagement,1.5,39,Stephanie Eatton-Johnson,Clinical Director,Unassigned,Assigned (Smoothed - Wk 37),CAPACITY CONFLICT — CRITICAL OVERFLOW
WT1 - Annual ISP,NAJAE' MILLER,Vision Beyond Behaviors,Community Engagement,3,52,Ayaat Albayati,Clinical Operations Director,Unassigned,Assigned - Leadership Buffer,Temporary Peak Buffer (Reassign Upon Hiring)
WT2 - Quarterly Review (Q1),NAJAE' MILLER,Vision Beyond Behaviors,Community Engagement,1.5,52,Latoya Smith,Clinical Director,Unassigned,Assigned (10-Day Post-Quarter Window - Wk 1),CAPACITY CONFLICT — PEAK OVERFLOW
WT2 - Quarterly Review (Q2),NAJAE' MILLER,Vision Beyond Behaviors,Community Engagement,1.5,13,Stephanie Eatton-Johnson,Clinical Director,Unassigned,Assigned (Smoothed - Wk 12),CAPACITY CONFLICT — CRITICAL OVERFLOW
WT2 - Quarterly Review (Q3),NAJAE' MILLER,Vision Beyond Behaviors,Community Engagement,1.5,26,Ayaat Albayati,Clinical Operations Director,Unassigned,Assigned (Smoothed - Wk 25),CAPACITY CONFLICT — CRITICAL OVERFLOW
WT2 - Quarterly Review (Q4),NAJAE' MILLER,Vision Beyond Behaviors,Community Engagement,1.5,39,Ayaat Albayati,Clinical Operations Director,Unassigned,Assigned (Smoothed - Wk 37),CAPACITY CONFLICT — CRITICAL OVERFLOW
WT1 - Annual ISP,Nikhol Talbert,Vision Beyond Behaviors,Community Engagement,3,52,Stephanie Eatton-Johnson,Clinical Director,Unassigned,Assigned - Leadership Buffer,Temporary Peak Buffer (Reassign Upon Hiring)
WT2 - Quarterly Review (Q1),Nikhol Talbert,Vision Beyond Behaviors,Community Engagement,1.5,52,Latoya Smith,Clinical Director,Unassigned,Assigned (10-Day Post-Quarter Window - Wk 1),CAPACITY CONFLICT — PEAK OVERFLOW
WT2 - Quarterly Review (Q2),Nikhol Talbert,Vision Beyond Behaviors,Community Engagement,1.5,13,Ayaat Albayati,Clinical Operations Director,Unassigned,Assigned (Smoothed - Wk 12),CAPACITY CONFLICT — CRITICAL OVERFLOW
WT2 - Quarterly Review (Q3),Nikhol Talbert,Vision Beyond Behaviors,Community Engagement,1.5,26,Latoya Smith,Clinical Director,Unassigned,Assigned (Smoothed - Wk 25),CAPACITY CONFLICT — CRITICAL OVERFLOW
WT2 - Quarterly Review (Q4),Nikhol Talbert,Vision Beyond Behaviors,Community Engagement,1.5,39,Latoya Smith,Clinical Director,Unassigned,Assigned (Smoothed - Wk 37),CAPACITY CONFLICT — CRITICAL OVERFLOW
WT1 - Annual ISP,Samuel Flockhart,Vision Beyond Behaviors,Community Engagement,3,52,Ayaat Albayati,Clinical Operations Director,Unassigned,Assigned - Leadership Buffer,Temporary Peak Buffer (Reassign Upon Hiring)
WT2 - Quarterly Review (Q1),Samuel Flockhart,Vision Beyond Behaviors,Community Engagement,1.5,52,Latoya Smith,Clinical Director,Unassigned,Assigned (10-Day Post-Quarter Window - Wk 1),CAPACITY CONFLICT — PEAK OVERFLOW
WT2 - Quarterly Review (Q2),Samuel Flockhart,Vision Beyond Behaviors,Community Engagement,1.5,13,Latoya Smith,Clinical Director,Unassigned,Assigned (Smoothed - Wk 12),CAPACITY CONFLICT — CRITICAL OVERFLOW
WT2 - Quarterly Review (Q3),Samuel Flockhart,Vision Beyond Behaviors,Community Engagement,1.5,26,Stephanie Eatton-Johnson,Clinical Director,Unassigned,Assigned (Smoothed - Wk 25),CAPACITY CONFLICT — CRITICAL OVERFLOW
WT2 - Quarterly Review (Q4),Samuel Flockhart,Vision Beyond Behaviors,Community Engagement,1.5,39,Stephanie Eatton-Johnson,Clinical Director,Unassigned,Assigned (Smoothed - Wk 37),CAPACITY CONFLICT — CRITICAL OVERFLOW
WT1 - Annual ISP,SAUEL CASTILLO,Vision Beyond Behaviors,Community Engagement,3,52,Stephanie Eatton-Johnson,Clinical Director,Unassigned,Assigned - Leadership Buffer,Temporary Peak Buffer (Reassign Upon Hiring)
WT2 - Quarterly Review (Q1),SAUEL CASTILLO,Vision Beyond Behaviors,Community Engagement,1.5,52,Latoya Smith,Clinical Director,Unassigned,Assigned (10-Day Post-Quarter Window - Wk 1),CAPACITY CONFLICT — PEAK OVERFLOW
WT2 - Quarterly Review (Q2),SAUEL CASTILLO,Vision Beyond Behaviors,Community Engagement,1.5,13,Stephanie Eatton-Johnson,Clinical Director,Unassigned,Assigned (Smoothed - Wk 12),CAPACITY CONFLICT — CRITICAL OVERFLOW
WT2 - Quarterly Review (Q3),SAUEL CASTILLO,Vision Beyond Behaviors,Community Engagement,1.5,26,Ayaat Albayati,Clinical Operations Director,Unassigned,Assigned (Smoothed - Wk 25),CAPACITY CONFLICT — CRITICAL OVERFLOW
WT2 - Quarterly Review (Q4),SAUEL CASTILLO,Vision Beyond Behaviors,Community Engagement,1.5,39,Ayaat Albayati,Clinical Operations Director,Unassigned,Assigned (Smoothed - Wk 37),CAPACITY CONFLICT — CRITICAL OVERFLOW
WT1 - Annual ISP,Shayuana Catron,Vision Beyond Behaviors,Community Engagement,3,52,Ayaat Albayati,Clinical Operations Director,Unassigned,Assigned - Leadership Buffer,Temporary Peak Buffer (Reassign Upon Hiring)
WT2 - Quarterly Review (Q1),Shayuana Catron,Vision Beyond Behaviors,Community Engagement,1.5,52,Latoya Smith,Clinical Director,Unassigned,Assigned (10-Day Post-Quarter Window - Wk 1),CAPACITY CONFLICT — PEAK OVERFLOW
WT2 - Quarterly Review (Q2),Shayuana Catron,Vision Beyond Behaviors,Community Engagement,1.5,13,Ayaat Albayati,Clinical Operations Director,Unassigned,Assigned (Smoothed - Wk 12),CAPACITY CONFLICT — CRITICAL OVERFLOW
WT2 - Quarterly Review (Q3),Shayuana Catron,Vision Beyond Behaviors,Community Engagement,1.5,26,Latoya Smith,Clinical Director,Unassigned,Assigned (Smoothed - Wk 25),CAPACITY CONFLICT — CRITICAL OVERFLOW
WT2 - Quarterly Review (Q4),Shayuana Catron,Vision Beyond Behaviors,Community Engagement,1.5,39,Latoya Smith,Clinical Director,Unassigned,Assigned (Smoothed - Wk 37),CAPACITY CONFLICT — CRITICAL OVERFLOW
WT1 - Annual ISP,Teona Goetz,Vision Beyond Behaviors,Community Engagement,3,52,Stephanie Eatton-Johnson,Clinical Director,Unassigned,Assigned - Leadership Buffer,Temporary Peak Buffer (Reassign Upon Hiring)
WT2 - Quarterly Review (Q1),Teona Goetz,Vision Beyond Behaviors,Community Engagement,1.5,52,Latoya Smith,Clinical Director,Unassigned,Assigned (10-Day Post-Quarter Window - Wk 1),CAPACITY CONFLICT — PEAK OVERFLOW
WT2 - Quarterly Review (Q2),Teona Goetz,Vision Beyond Behaviors,Community Engagement,1.5,13,Latoya Smith,Clinical Director,Unassigned,Assigned (Smoothed - Wk 12),CAPACITY CONFLICT — CRITICAL OVERFLOW
WT2 - Quarterly Review (Q3),Teona Goetz,Vision Beyond Behaviors,Community Engagement,1.5,26,Stephanie Eatton-Johnson,Clinical Director,Unassigned,Assigned (Smoothed - Wk 25),CAPACITY CONFLICT — CRITICAL OVERFLOW
WT2 - Quarterly Review (Q4),Teona Goetz,Vision Beyond Behaviors,Community Engagement,1.5,39,Stephanie Eatton-Johnson,Clinical Director,Unassigned,Assigned (Smoothed - Wk 37),CAPACITY CONFLICT — CRITICAL OVERFLOW
WT1 - Annual ISP,Tika vanderhoof,Vision Beyond Behaviors,Community Engagement,3,52,Ayaat Albayati,Clinical Operations Director,Unassigned,Assigned - Leadership Buffer,Temporary Peak Buffer (Reassign Upon Hiring)
WT2 - Quarterly Review (Q1),Tika vanderhoof,Vision Beyond Behaviors,Community Engagement,1.5,52,Latoya Smith,Clinical Director,Unassigned,Assigned (10-Day Post-Quarter Window - Wk 1),CAPACITY CONFLICT — PEAK OVERFLOW
WT2 - Quarterly Review (Q2),Tika vanderhoof,Vision Beyond Behaviors,Community Engagement,1.5,13,Stephanie Eatton-Johnson,Clinical Director,Unassigned,Assigned (Smoothed - Wk 12),CAPACITY CONFLICT — CRITICAL OVERFLOW
WT2 - Quarterly Review (Q3),Tika vanderhoof,Vision Beyond Behaviors,Community Engagement,1.5,26,Ayaat Albayati,Clinical Operations Director,Unassigned,Assigned (Smoothed - Wk 25),CAPACITY CONFLICT — CRITICAL OVERFLOW
WT2 - Quarterly Review (Q4),Tika vanderhoof,Vision Beyond Behaviors,Community Engagement,1.5,39,Ayaat Albayati,Clinical Operations Director,Unassigned,Assigned (Smoothed - Wk 37),CAPACITY CONFLICT — CRITICAL OVERFLOW
WT1 - Annual ISP,TIMOTHY VERVILLE,Vision Beyond Behaviors,Community Engagement,3,52,Stephanie Eatton-Johnson,Clinical Director,Unassigned,Assigned - Leadership Buffer,Temporary Peak Buffer (Reassign Upon Hiring)
WT2 - Quarterly Review (Q1),TIMOTHY VERVILLE,Vision Beyond Behaviors,Community Engagement,1.5,52,Latoya Smith,Clinical Director,Unassigned,Assigned (10-Day Post-Quarter Window - Wk 1),CAPACITY CONFLICT — PEAK OVERFLOW
WT2 - Quarterly Review (Q2),TIMOTHY VERVILLE,Vision Beyond Behaviors,Community Engagement,1.5,13,Ayaat Albayati,Clinical Operations Director,Unassigned,Assigned (Smoothed - Wk 12),CAPACITY CONFLICT — CRITICAL OVERFLOW
WT2 - Quarterly Review (Q3),TIMOTHY VERVILLE,Vision Beyond Behaviors,Community Engagement,1.5,26,Latoya Smith,Clinical Director,Unassigned,Assigned (Smoothed - Wk 25),CAPACITY CONFLICT — CRITICAL OVERFLOW
WT2 - Quarterly Review (Q4),TIMOTHY VERVILLE,Vision Beyond Behaviors,Community Engagement,1.5,39,Latoya Smith,Clinical Director,Unassigned,Assigned (Smoothed - Wk 37),CAPACITY CONFLICT — CRITICAL OVERFLOW
WT1 - Annual ISP,TONYA HAYDEN,Vision Beyond Behaviors,Community Engagement,3,52,Ayaat Albayati,Clinical Operations Director,Unassigned,Assigned - Leadership Buffer,Temporary Peak Buffer (Reassign Upon Hiring)
WT2 - Quarterly Review (Q1),TONYA HAYDEN,Vision Beyond Behaviors,Community Engagement,1.5,52,Latoya Smith,Clinical Director,Unassigned,Assigned (10-Day Post-Quarter Window - Wk 1),CAPACITY CONFLICT — PEAK OVERFLOW
WT2 - Quarterly Review (Q2),TONYA HAYDEN,Vision Beyond Behaviors,Community Engagement,1.5,13,Latoya Smith,Clinical Director,Unassigned,Assigned (Smoothed - Wk 12),CAPACITY CONFLICT — CRITICAL OVERFLOW
WT2 - Quarterly Review (Q3),TONYA HAYDEN,Vision Beyond Behaviors,Community Engagement,1.5,26,Stephanie Eatton-Johnson,Clinical Director,Unassigned,Assigned (Smoothed - Wk 25),CAPACITY CONFLICT — CRITICAL OVERFLOW
WT2 - Quarterly Review (Q4),TONYA HAYDEN,Vision Beyond Behaviors,Community Engagement,1.5,39,Stephanie Eatton-Johnson,Clinical Director,Unassigned,Assigned (Smoothed - Wk 37),CAPACITY CONFLICT — CRITICAL OVERFLOW
WT1 - Annual ISP,BRITTANY BRYANT,Vision Beyond Behaviors,Day Support,3,52,Stephanie Eatton-Johnson,Clinical Director,Unassigned,Assigned - Leadership Buffer,Temporary Peak Buffer (Reassign Upon Hiring)
WT2 - Quarterly Review (Q1),BRITTANY BRYANT,Vision Beyond Behaviors,Day Support,1.5,52,Latoya Smith,Clinical Director,Unassigned,Assigned (10-Day Post-Quarter Window - Wk 1),CAPACITY CONFLICT — PEAK OVERFLOW
WT2 - Quarterly Review (Q2),BRITTANY BRYANT,Vision Beyond Behaviors,Day Support,1.5,13,Stephanie Eatton-Johnson,Clinical Director,Unassigned,Assigned (Smoothed - Wk 12),CAPACITY CONFLICT — CRITICAL OVERFLOW
WT2 - Quarterly Review (Q3),BRITTANY BRYANT,Vision Beyond Behaviors,Day Support,1.5,26,Ayaat Albayati,Clinical Operations Director,Unassigned,Assigned (Smoothed - Wk 25),CAPACITY CONFLICT — CRITICAL OVERFLOW
WT2 - Quarterly Review (Q4),BRITTANY BRYANT,Vision Beyond Behaviors,Day Support,1.5,39,Ayaat Albayati,Clinical Operations Director,Unassigned,Assigned (Smoothed - Wk 37),CAPACITY CONFLICT — CRITICAL OVERFLOW
WT1 - Annual ISP,CARLDARIUS PETTICOLAS,Vision Beyond Behaviors,Day Support,3,52,Ayaat Albayati,Clinical Operations Director,Unassigned,Assigned - Leadership Buffer,Temporary Peak Buffer (Reassign Upon Hiring)
WT2 - Quarterly Review (Q1),CARLDARIUS PETTICOLAS,Vision Beyond Behaviors,Day Support,1.5,52,Latoya Smith,Clinical Director,Unassigned,Assigned (10-Day Post-Quarter Window - Wk 1),CAPACITY CONFLICT — PEAK OVERFLOW
WT2 - Quarterly Review (Q2),CARLDARIUS PETTICOLAS,Vision Beyond Behaviors,Day Support,1.5,13,Ayaat Albayati,Clinical Operations Director,Unassigned,Assigned (Smoothed - Wk 12),CAPACITY CONFLICT — CRITICAL OVERFLOW
WT2 - Quarterly Review (Q3),CARLDARIUS PETTICOLAS,Vision Beyond Behaviors,Day Support,1.5,26,Latoya Smith,Clinical Director,Unassigned,Assigned (Smoothed - Wk 25),CAPACITY CONFLICT — CRITICAL OVERFLOW
WT2 - Quarterly Review (Q4),CARLDARIUS PETTICOLAS,Vision Beyond Behaviors,Day Support,1.5,39,Latoya Smith,Clinical Director,Unassigned,Assigned (Smoothed - Wk 37),CAPACITY CONFLICT — CRITICAL OVERFLOW
WT1 - Annual ISP,DEBORAH WILSON,Vision Beyond Behaviors,Day Support,3,52,Stephanie Eatton-Johnson,Clinical Director,Unassigned,Assigned - Leadership Buffer,Temporary Peak Buffer (Reassign Upon Hiring)
WT2 - Quarterly Review (Q1),DEBORAH WILSON,Vision Beyond Behaviors,Day Support,1.5,52,Latoya Smith,Clinical Director,Unassigned,Assigned (10-Day Post-Quarter Window - Wk 1),CAPACITY CONFLICT — PEAK OVERFLOW
WT2 - Quarterly Review (Q2),DEBORAH WILSON,Vision Beyond Behaviors,Day Support,1.5,13,Latoya Smith,Clinical Director,Unassigned,Assigned (Smoothed - Wk 12),CAPACITY CONFLICT — CRITICAL OVERFLOW
WT2 - Quarterly Review (Q3),DEBORAH WILSON,Vision Beyond Behaviors,Day Support,1.5,26,Stephanie Eatton-Johnson,Clinical Director,Unassigned,Assigned (Smoothed - Wk 25),CAPACITY CONFLICT — CRITICAL OVERFLOW
WT2 - Quarterly Review (Q4),DEBORAH WILSON,Vision Beyond Behaviors,Day Support,1.5,39,Stephanie Eatton-Johnson,Clinical Director,Unassigned,Assigned (Smoothed - Wk 37),CAPACITY CONFLICT — CRITICAL OVERFLOW
WT1 - Annual ISP,John Daulton,Vision Beyond Behaviors,Group Home,3,52,Ayaat Albayati,Clinical Operations Director,Unassigned,Assigned - Leadership Buffer,Temporary Peak Buffer (Reassign Upon Hiring)
WT2 - Quarterly Review (Q1),John Daulton,Vision Beyond Behaviors,Group Home,1.5,52,Latoya Smith,Clinical Director,Unassigned,Assigned (10-Day Post-Quarter Window - Wk 1),CAPACITY CONFLICT — PEAK OVERFLOW
WT2 - Quarterly Review (Q2),John Daulton,Vision Beyond Behaviors,Group Home,1.5,13,Stephanie Eatton-Johnson,Clinical Director,Unassigned,Assigned (Smoothed - Wk 12),CAPACITY CONFLICT — CRITICAL OVERFLOW
WT2 - Quarterly Review (Q3),John Daulton,Vision Beyond Behaviors,Group Home,1.5,26,Ayaat Albayati,Clinical Operations Director,Unassigned,Assigned (Smoothed - Wk 25),CAPACITY CONFLICT — CRITICAL OVERFLOW
WT2 - Quarterly Review (Q4),John Daulton,Vision Beyond Behaviors,Group Home,1.5,39,Ayaat Albayati,Clinical Operations Director,Unassigned,Assigned (Smoothed - Wk 37),CAPACITY CONFLICT — CRITICAL OVERFLOW
WT1 - Annual ISP,JOSHUA TUCKER,Vision Beyond Behaviors,Group Home,3,52,Stephanie Eatton-Johnson,Clinical Director,Unassigned,Assigned - Leadership Buffer,Temporary Peak Buffer (Reassign Upon Hiring)
WT2 - Quarterly Review (Q1),JOSHUA TUCKER,Vision Beyond Behaviors,Group Home,1.5,52,Latoya Smith,Clinical Director,Unassigned,Assigned (10-Day Post-Quarter Window - Wk 1),CAPACITY CONFLICT — PEAK OVERFLOW
WT2 - Quarterly Review (Q2),JOSHUA TUCKER,Vision Beyond Behaviors,Group Home,1.5,13,Ayaat Albayati,Clinical Operations Director,Unassigned,Assigned (Smoothed - Wk 12),CAPACITY CONFLICT — CRITICAL OVERFLOW
WT2 - Quarterly Review (Q3),JOSHUA TUCKER,Vision Beyond Behaviors,Group Home,1.5,26,Latoya Smith,Clinical Director,Unassigned,Assigned (Smoothed - Wk 25),CAPACITY CONFLICT — CRITICAL OVERFLOW
WT2 - Quarterly Review (Q4),JOSHUA TUCKER,Vision Beyond Behaviors,Group Home,1.5,39,Latoya Smith,Clinical Director,Unassigned,Assigned (Smoothed - Wk 37),CAPACITY CONFLICT — CRITICAL OVERFLOW
WT1 - Annual ISP,Jewan Cowans,Vision Beyond Behaviors,Group Home,3,52,Ayaat Albayati,Clinical Operations Director,Unassigned,Assigned - Leadership Buffer,Temporary Peak Buffer (Reassign Upon Hiring)
WT2 - Quarterly Review (Q1),Jewan Cowans,Vision Beyond Behaviors,Group Home,1.5,52,Latoya Smith,Clinical Director,Unassigned,Assigned (10-Day Post-Quarter Window - Wk 1),CAPACITY CONFLICT — PEAK OVERFLOW
WT2 - Quarterly Review (Q2),Jewan Cowans,Vision Beyond Behaviors,Group Home,1.5,13,Latoya Smith,Clinical Director,Unassigned,Assigned (Smoothed - Wk 12),CAPACITY CONFLICT — CRITICAL OVERFLOW
WT2 - Quarterly Review (Q3),Jewan Cowans,Vision Beyond Behaviors,Group Home,1.5,26,Stephanie Eatton-Johnson,Clinical Director,Unassigned,Assigned (Smoothed - Wk 25),CAPACITY CONFLICT — CRITICAL OVERFLOW
WT2 - Quarterly Review (Q4),Jewan Cowans,Vision Beyond Behaviors,Group Home,1.5,39,Stephanie Eatton-Johnson,Clinical Director,Unassigned,Assigned (Smoothed - Wk 37),CAPACITY CONFLICT — CRITICAL OVERFLOW
WT1 - Annual ISP,JULIA CAMPOS,Vision Beyond Behaviors,Sponsored Residential,3,43,Shalette Shaw,DDS 2,Unassigned,Assigned,System Scheduled
WT2 - Quarterly Review (Q1),JULIA CAMPOS,Vision Beyond Behaviors,Sponsored Residential,1.5,43,Kristin Williams,DDS 2,Unassigned,Assigned,System Scheduled
WT2 - Quarterly Review (Q2),JULIA CAMPOS,Vision Beyond Behaviors,Sponsored Residential,1.5,4,Kristin Williams,DDS 2,Unassigned,Assigned,System Scheduled
WT2 - Quarterly Review (Q3),JULIA CAMPOS,Vision Beyond Behaviors,Sponsored Residential,1.5,17,Kristin Williams,DDS 2,Unassigned,Assigned,System Scheduled
WT2 - Quarterly Review (Q4),JULIA CAMPOS,Vision Beyond Behaviors,Sponsored Residential,1.5,30,Ondrea Wilson,DDA,Unassigned,Assigned,System Scheduled
WT1 - Annual ISP,Kaitlin Weymouth,Vision Beyond Behaviors,Sponsored Residential,3,52,Stephanie Eatton-Johnson,Clinical Director,Unassigned,Assigned - Leadership Buffer,Temporary Peak Buffer (Reassign Upon Hiring)
WT2 - Quarterly Review (Q1),Kaitlin Weymouth,Vision Beyond Behaviors,Sponsored Residential,1.5,52,Latoya Smith,Clinical Director,Unassigned,Assigned (10-Day Post-Quarter Window - Wk 1),CAPACITY CONFLICT — PEAK OVERFLOW
WT2 - Quarterly Review (Q2),Kaitlin Weymouth,Vision Beyond Behaviors,Sponsored Residential,1.5,13,Stephanie Eatton-Johnson,Clinical Director,Unassigned,Assigned (Smoothed - Wk 12),CAPACITY CONFLICT — CRITICAL OVERFLOW
WT2 - Quarterly Review (Q3),Kaitlin Weymouth,Vision Beyond Behaviors,Sponsored Residential,1.5,26,Ayaat Albayati,Clinical Operations Director,Unassigned,Assigned (Smoothed - Wk 25),CAPACITY CONFLICT — CRITICAL OVERFLOW
WT2 - Quarterly Review (Q4),Kaitlin Weymouth,Vision Beyond Behaviors,Sponsored Residential,1.5,39,Ayaat Albayati,Clinical Operations Director,Unassigned,Assigned (Smoothed - Wk 37),CAPACITY CONFLICT — CRITICAL OVERFLOW
WT1 - Annual ISP,RICHARD RAMSEY,Vision Beyond Behaviors,Sponsored Residential,3,52,Ayaat Albayati,Clinical Operations Director,Unassigned,Assigned - Leadership Buffer,Temporary Peak Buffer (Reassign Upon Hiring)
WT2 - Quarterly Review (Q1),RICHARD RAMSEY,Vision Beyond Behaviors,Sponsored Residential,1.5,52,Latoya Smith,Clinical Director,Unassigned,Assigned (10-Day Post-Quarter Window - Wk 1),CAPACITY CONFLICT — PEAK OVERFLOW
WT2 - Quarterly Review (Q2),RICHARD RAMSEY,Vision Beyond Behaviors,Sponsored Residential,1.5,13,Ayaat Albayati,Clinical Operations Director,Unassigned,Assigned (Smoothed - Wk 12),CAPACITY CONFLICT — CRITICAL OVERFLOW
WT2 - Quarterly Review (Q3),RICHARD RAMSEY,Vision Beyond Behaviors,Sponsored Residential,1.5,26,Latoya Smith,Clinical Director,Unassigned,Assigned (Smoothed - Wk 25),CAPACITY CONFLICT — CRITICAL OVERFLOW
WT2 - Quarterly Review (Q4),RICHARD RAMSEY,Vision Beyond Behaviors,Sponsored Residential,1.5,39,Latoya Smith,Clinical Director,Unassigned,Assigned (Smoothed - Wk 37),CAPACITY CONFLICT — CRITICAL OVERFLOW
WT1 - Annual ISP,LEONARD BRADLEY,WeCare II,Supportive In-Home,3,52,Stephanie Eatton-Johnson,Clinical Director,Unassigned,Assigned - Leadership Buffer,Temporary Peak Buffer (Reassign Upon Hiring)
WT2 - Quarterly Review (Q1),LEONARD BRADLEY,WeCare II,Supportive In-Home,1.5,52,Latoya Smith,Clinical Director,Unassigned,Assigned (10-Day Post-Quarter Window - Wk 1),CAPACITY CONFLICT — PEAK OVERFLOW
WT2 - Quarterly Review (Q2),LEONARD BRADLEY,WeCare II,Supportive In-Home,1.5,13,Latoya Smith,Clinical Director,Unassigned,Assigned (Smoothed - Wk 12),CAPACITY CONFLICT — CRITICAL OVERFLOW
WT2 - Quarterly Review (Q3),LEONARD BRADLEY,WeCare II,Supportive In-Home,1.5,26,Stephanie Eatton-Johnson,Clinical Director,Unassigned,Assigned (Smoothed - Wk 25),CAPACITY CONFLICT — CRITICAL OVERFLOW
WT2 - Quarterly Review (Q4),LEONARD BRADLEY,WeCare II,Supportive In-Home,1.5,39,Stephanie Eatton-Johnson,Clinical Director,Unassigned,Assigned (Smoothed - Wk 37),CAPACITY CONFLICT — CRITICAL OVERFLOW
WT1 - Annual ISP,Robert Gallagher,WeCare II,Supportive In-Home,3,52,Ayaat Albayati,Clinical Operations Director,Unassigned,Assigned - Leadership Buffer,Temporary Peak Buffer (Reassign Upon Hiring)
WT2 - Quarterly Review (Q1),Robert Gallagher,WeCare II,Supportive In-Home,1.5,52,Latoya Smith,Clinical Director,Unassigned,Assigned (10-Day Post-Quarter Window - Wk 1),CAPACITY CONFLICT — PEAK OVERFLOW
WT2 - Quarterly Review (Q2),Robert Gallagher,WeCare II,Supportive In-Home,1.5,13,Stephanie Eatton-Johnson,Clinical Director,Unassigned,Assigned (Smoothed - Wk 12),CAPACITY CONFLICT — CRITICAL OVERFLOW
WT2 - Quarterly Review (Q3),Robert Gallagher,WeCare II,Supportive In-Home,1.5,26,Ayaat Albayati,Clinical Operations Director,Unassigned,Assigned (Smoothed - Wk 25),CAPACITY CONFLICT — CRITICAL OVERFLOW
WT2 - Quarterly Review (Q4),Robert Gallagher,WeCare II,Supportive In-Home,1.5,39,Ayaat Albayati,Clinical Operations Director,Unassigned,Assigned (Smoothed - Wk 37),CAPACITY CONFLICT — CRITICAL OVERFLOW
WT1 - Annual ISP,LeSean Bruce,WeCare II,Supportive In-Home,3,52,Stephanie Eatton-Johnson,Clinical Director,Unassigned,Assigned - Leadership Buffer,Temporary Peak Buffer (Reassign Upon Hiring)
WT2 - Quarterly Review (Q1),LeSean Bruce,WeCare II,Supportive In-Home,1.5,52,Latoya Smith,Clinical Director,Unassigned,Assigned (10-Day Post-Quarter Window - Wk 1),CAPACITY CONFLICT — PEAK OVERFLOW
WT2 - Quarterly Review (Q2),LeSean Bruce,WeCare II,Supportive In-Home,1.5,13,Ayaat Albayati,Clinical Operations Director,Unassigned,Assigned (Smoothed - Wk 12),CAPACITY CONFLICT — CRITICAL OVERFLOW
WT2 - Quarterly Review (Q3),LeSean Bruce,WeCare II,Supportive In-Home,1.5,26,Latoya Smith,Clinical Director,Unassigned,Assigned (Smoothed - Wk 25),CAPACITY CONFLICT — CRITICAL OVERFLOW
WT2 - Quarterly Review (Q4),LeSean Bruce,WeCare II,Supportive In-Home,1.5,39,Latoya Smith,Clinical Director,Unassigned,Assigned (Smoothed - Wk 37),CAPACITY CONFLICT — CRITICAL OVERFLOW
WT1 - Annual ISP,Avonda Ridley,Vision Beyond Behaviors,Day Support,3,52,Ayaat Albayati,Clinical Operations Director,Unassigned,Assigned - Leadership Buffer,Temporary Peak Buffer (Reassign Upon Hiring)
WT2 - Quarterly Review (Q1),Avonda Ridley,Vision Beyond Behaviors,Day Support,1.5,52,Latoya Smith,Clinical Director,Unassigned,Assigned (10-Day Post-Quarter Window - Wk 1),CAPACITY CONFLICT — PEAK OVERFLOW
WT2 - Quarterly Review (Q2),Avonda Ridley,Vision Beyond Behaviors,Day Support,1.5,13,Latoya Smith,Clinical Director,Unassigned,Assigned (Smoothed - Wk 12),CAPACITY CONFLICT — CRITICAL OVERFLOW
WT2 - Quarterly Review (Q3),Avonda Ridley,Vision Beyond Behaviors,Day Support,1.5,26,Stephanie Eatton-Johnson,Clinical Director,Unassigned,Assigned (Smoothed - Wk 25),CAPACITY CONFLICT — CRITICAL OVERFLOW
WT2 - Quarterly Review (Q4),Avonda Ridley,Vision Beyond Behaviors,Day Support,1.5,39,Stephanie Eatton-Johnson,Clinical Director,Unassigned,Assigned (Smoothed - Wk 37),CAPACITY CONFLICT — CRITICAL OVERFLOW
WT1 - Annual ISP,Brandon Reynolds,Vision Beyond Behaviors,Community Engagement,3,52,Stephanie Eatton-Johnson,Clinical Director,Unassigned,Assigned - Leadership Buffer,Temporary Peak Buffer (Reassign Upon Hiring)
WT2 - Quarterly Review (Q1),Brandon Reynolds,Vision Beyond Behaviors,Community Engagement,1.5,52,Latoya Smith,Clinical Director,Unassigned,Assigned (10-Day Post-Quarter Window - Wk 1),CAPACITY CONFLICT — PEAK OVERFLOW
WT2 - Quarterly Review (Q2),Brandon Reynolds,Vision Beyond Behaviors,Community Engagement,1.5,13,Stephanie Eatton-Johnson,Clinical Director,Unassigned,Assigned (Smoothed - Wk 12),CAPACITY CONFLICT — CRITICAL OVERFLOW
WT2 - Quarterly Review (Q3),Brandon Reynolds,Vision Beyond Behaviors,Community Engagement,1.5,26,Ayaat Albayati,Clinical Operations Director,Unassigned,Assigned (Smoothed - Wk 25),CAPACITY CONFLICT — CRITICAL OVERFLOW
WT2 - Quarterly Review (Q4),Brandon Reynolds,Vision Beyond Behaviors,Community Engagement,1.5,39,Ayaat Albayati,Clinical Operations Director,Unassigned,Assigned (Smoothed - Wk 37),CAPACITY CONFLICT — CRITICAL OVERFLOW
WT1 - Annual ISP,Brandon Reynolds,Vision Beyond Behaviors,Group Home,3,52,Ayaat Albayati,Clinical Operations Director,Unassigned,Assigned - Leadership Buffer,Temporary Peak Buffer (Reassign Upon Hiring)
WT2 - Quarterly Review (Q1),Brandon Reynolds,Vision Beyond Behaviors,Group Home,1.5,52,Latoya Smith,Clinical Director,Unassigned,Assigned (10-Day Post-Quarter Window - Wk 1),CAPACITY CONFLICT — PEAK OVERFLOW
WT2 - Quarterly Review (Q2),Brandon Reynolds,Vision Beyond Behaviors,Group Home,1.5,13,Ayaat Albayati,Clinical Operations Director,Unassigned,Assigned (Smoothed - Wk 12),CAPACITY CONFLICT — CRITICAL OVERFLOW
WT2 - Quarterly Review (Q3),Brandon Reynolds,Vision Beyond Behaviors,Group Home,1.5,26,Latoya Smith,Clinical Director,Unassigned,Assigned (Smoothed - Wk 25),CAPACITY CONFLICT — CRITICAL OVERFLOW
WT2 - Quarterly Review (Q4),Brandon Reynolds,Vision Beyond Behaviors,Group Home,1.5,39,Latoya Smith,Clinical Director,Unassigned,Assigned (Smoothed - Wk 37),CAPACITY CONFLICT — CRITICAL OVERFLOW
WT1 - Annual ISP,Brittany Kerns,Vision Beyond Behaviors,Community Engagement,3,52,Stephanie Eatton-Johnson,Clinical Director,Unassigned,Assigned - Leadership Buffer,Temporary Peak Buffer (Reassign Upon Hiring)
WT2 - Quarterly Review (Q1),Brittany Kerns,Vision Beyond Behaviors,Community Engagement,1.5,52,Latoya Smith,Clinical Director,Unassigned,Assigned (10-Day Post-Quarter Window - Wk 1),CAPACITY CONFLICT — PEAK OVERFLOW
WT2 - Quarterly Review (Q2),Brittany Kerns,Vision Beyond Behaviors,Community Engagement,1.5,13,Latoya Smith,Clinical Director,Unassigned,Assigned (Smoothed - Wk 12),CAPACITY CONFLICT — CRITICAL OVERFLOW
WT2 - Quarterly Review (Q3),Brittany Kerns,Vision Beyond Behaviors,Community Engagement,1.5,26,Stephanie Eatton-Johnson,Clinical Director,Unassigned,Assigned (Smoothed - Wk 25),CAPACITY CONFLICT — CRITICAL OVERFLOW
WT2 - Quarterly Review (Q4),Brittany Kerns,Vision Beyond Behaviors,Community Engagement,1.5,39,Stephanie Eatton-Johnson,Clinical Director,Unassigned,Assigned (Smoothed - Wk 37),CAPACITY CONFLICT — CRITICAL OVERFLOW
WT1 - Annual ISP,Brittany Kerns,Vision Beyond Behaviors,Sponsored Residential,3,52,Ayaat Albayati,Clinical Operations Director,Unassigned,Assigned - Leadership Buffer,Temporary Peak Buffer (Reassign Upon Hiring)
WT2 - Quarterly Review (Q1),Brittany Kerns,Vision Beyond Behaviors,Sponsored Residential,1.5,52,Latoya Smith,Clinical Director,Unassigned,Assigned (10-Day Post-Quarter Window - Wk 1),CAPACITY CONFLICT — PEAK OVERFLOW
WT2 - Quarterly Review (Q2),Brittany Kerns,Vision Beyond Behaviors,Sponsored Residential,1.5,13,Stephanie Eatton-Johnson,Clinical Director,Unassigned,Assigned (Smoothed - Wk 12),CAPACITY CONFLICT — CRITICAL OVERFLOW
WT2 - Quarterly Review (Q3),Brittany Kerns,Vision Beyond Behaviors,Sponsored Residential,1.5,26,Ayaat Albayati,Clinical Operations Director,Unassigned,Assigned (Smoothed - Wk 25),CAPACITY CONFLICT — CRITICAL OVERFLOW
WT2 - Quarterly Review (Q4),Brittany Kerns,Vision Beyond Behaviors,Sponsored Residential,1.5,39,Ayaat Albayati,Clinical Operations Director,Unassigned,Assigned (Smoothed - Wk 37),CAPACITY CONFLICT — CRITICAL OVERFLOW
WT1 - Annual ISP,Candi Thaxton,Vision Beyond Behaviors,Community Engagement,3,52,Stephanie Eatton-Johnson,Clinical Director,Unassigned,Assigned - Leadership Buffer,Temporary Peak Buffer (Reassign Upon Hiring)
WT2 - Quarterly Review (Q1),Candi Thaxton,Vision Beyond Behaviors,Community Engagement,1.5,52,Latoya Smith,Clinical Director,Unassigned,Assigned (10-Day Post-Quarter Window - Wk 1),CAPACITY CONFLICT — PEAK OVERFLOW
WT2 - Quarterly Review (Q2),Candi Thaxton,Vision Beyond Behaviors,Community Engagement,1.5,13,Ayaat Albayati,Clinical Operations Director,Unassigned,Assigned (Smoothed - Wk 12),CAPACITY CONFLICT — CRITICAL OVERFLOW
WT2 - Quarterly Review (Q3),Candi Thaxton,Vision Beyond Behaviors,Community Engagement,1.5,26,Latoya Smith,Clinical Director,Unassigned,Assigned (Smoothed - Wk 25),CAPACITY CONFLICT — CRITICAL OVERFLOW
WT2 - Quarterly Review (Q4),Candi Thaxton,Vision Beyond Behaviors,Community Engagement,1.5,39,Latoya Smith,Clinical Director,Unassigned,Assigned (Smoothed - Wk 37),CAPACITY CONFLICT — CRITICAL OVERFLOW
WT1 - Annual ISP,Candi Thaxton,Vision Beyond Behaviors,Group Home,3,52,Ayaat Albayati,Clinical Operations Director,Unassigned,Assigned - Leadership Buffer,Temporary Peak Buffer (Reassign Upon Hiring)
WT2 - Quarterly Review (Q1),Candi Thaxton,Vision Beyond Behaviors,Group Home,1.5,52,Latoya Smith,Clinical Director,Unassigned,Assigned (10-Day Post-Quarter Window - Wk 1),CAPACITY CONFLICT — PEAK OVERFLOW
WT2 - Quarterly Review (Q2),Candi Thaxton,Vision Beyond Behaviors,Group Home,1.5,13,Latoya Smith,Clinical Director,Unassigned,Assigned (Smoothed - Wk 12),CAPACITY CONFLICT — CRITICAL OVERFLOW
WT2 - Quarterly Review (Q3),Candi Thaxton,Vision Beyond Behaviors,Group Home,1.5,26,Stephanie Eatton-Johnson,Clinical Director,Unassigned,Assigned (Smoothed - Wk 25),CAPACITY CONFLICT — CRITICAL OVERFLOW
WT2 - Quarterly Review (Q4),Candi Thaxton,Vision Beyond Behaviors,Group Home,1.5,39,Stephanie Eatton-Johnson,Clinical Director,Unassigned,Assigned (Smoothed - Wk 37),CAPACITY CONFLICT — CRITICAL OVERFLOW
WT1 - Annual ISP,CASSANDRA EMBREY,Vision Beyond Behaviors,Community Engagement,3,52,Stephanie Eatton-Johnson,Clinical Director,Unassigned,Assigned - Leadership Buffer,Temporary Peak Buffer (Reassign Upon Hiring)
WT2 - Quarterly Review (Q1),CASSANDRA EMBREY,Vision Beyond Behaviors,Community Engagement,1.5,52,Latoya Smith,Clinical Director,Unassigned,Assigned (10-Day Post-Quarter Window - Wk 1),CAPACITY CONFLICT — PEAK OVERFLOW
WT2 - Quarterly Review (Q2),CASSANDRA EMBREY,Vision Beyond Behaviors,Community Engagement,1.5,13,Stephanie Eatton-Johnson,Clinical Director,Unassigned,Assigned (Smoothed - Wk 12),CAPACITY CONFLICT — CRITICAL OVERFLOW
WT2 - Quarterly Review (Q3),CASSANDRA EMBREY,Vision Beyond Behaviors,Community Engagement,1.5,26,Ayaat Albayati,Clinical Operations Director,Unassigned,Assigned (Smoothed - Wk 25),CAPACITY CONFLICT — CRITICAL OVERFLOW
WT2 - Quarterly Review (Q4),CASSANDRA EMBREY,Vision Beyond Behaviors,Community Engagement,1.5,39,Ayaat Albayati,Clinical Operations Director,Unassigned,Assigned (Smoothed - Wk 37),CAPACITY CONFLICT — CRITICAL OVERFLOW
WT1 - Annual ISP,CASSANDRA EMBREY,Vision Beyond Behaviors,Group Home,3,52,Ayaat Albayati,Clinical Operations Director,Unassigned,Assigned - Leadership Buffer,Temporary Peak Buffer (Reassign Upon Hiring)
WT2 - Quarterly Review (Q1),CASSANDRA EMBREY,Vision Beyond Behaviors,Group Home,1.5,52,Latoya Smith,Clinical Director,Unassigned,Assigned (10-Day Post-Quarter Window - Wk 1),CAPACITY CONFLICT — PEAK OVERFLOW
WT2 - Quarterly Review (Q2),CASSANDRA EMBREY,Vision Beyond Behaviors,Group Home,1.5,13,Ayaat Albayati,Clinical Operations Director,Unassigned,Assigned (Smoothed - Wk 11),CAPACITY CONFLICT — CRITICAL OVERFLOW
WT2 - Quarterly Review (Q3),CASSANDRA EMBREY,Vision Beyond Behaviors,Group Home,1.5,26,Latoya Smith,Clinical Director,Unassigned,Assigned (Smoothed - Wk 25),CAPACITY CONFLICT — CRITICAL OVERFLOW
WT2 - Quarterly Review (Q4),CASSANDRA EMBREY,Vision Beyond Behaviors,Group Home,1.5,39,Latoya Smith,Clinical Director,Unassigned,Assigned (Smoothed - Wk 37),CAPACITY CONFLICT — CRITICAL OVERFLOW
WT1 - Annual ISP,Christian Adkins,Vision Beyond Behaviors,Community Engagement,3,52,Stephanie Eatton-Johnson,Clinical Director,Unassigned,Assigned - Leadership Buffer,Temporary Peak Buffer (Reassign Upon Hiring)
WT2 - Quarterly Review (Q1),Christian Adkins,Vision Beyond Behaviors,Community Engagement,1.5,52,Latoya Smith,Clinical Director,Unassigned,Assigned (10-Day Post-Quarter Window - Wk 1),CAPACITY CONFLICT — PEAK OVERFLOW
WT2 - Quarterly Review (Q2),Christian Adkins,Vision Beyond Behaviors,Community Engagement,1.5,13,Latoya Smith,Clinical Director,Unassigned,Assigned (Smoothed - Wk 11),CAPACITY CONFLICT — CRITICAL OVERFLOW
WT2 - Quarterly Review (Q3),Christian Adkins,Vision Beyond Behaviors,Community Engagement,1.5,26,Stephanie Eatton-Johnson,Clinical Director,Unassigned,Assigned (Smoothed - Wk 25),CAPACITY CONFLICT — CRITICAL OVERFLOW
WT2 - Quarterly Review (Q4),Christian Adkins,Vision Beyond Behaviors,Community Engagement,1.5,39,Stephanie Eatton-Johnson,Clinical Director,Unassigned,Assigned (Smoothed - Wk 37),CAPACITY CONFLICT — CRITICAL OVERFLOW
WT1 - Annual ISP,Christian Adkins,Vision Beyond Behaviors,Group Home,3,52,Ayaat Albayati,Clinical Operations Director,Unassigned,Assigned - Leadership Buffer,Temporary Peak Buffer (Reassign Upon Hiring)
WT2 - Quarterly Review (Q1),Christian Adkins,Vision Beyond Behaviors,Group Home,1.5,52,Latoya Smith,Clinical Director,Unassigned,Assigned (10-Day Post-Quarter Window - Wk 1),CAPACITY CONFLICT — PEAK OVERFLOW
WT2 - Quarterly Review (Q2),Christian Adkins,Vision Beyond Behaviors,Group Home,1.5,13,Stephanie Eatton-Johnson,Clinical Director,Unassigned,Assigned (Smoothed - Wk 11),CAPACITY CONFLICT — CRITICAL OVERFLOW
WT2 - Quarterly Review (Q3),Christian Adkins,Vision Beyond Behaviors,Group Home,1.5,26,Ayaat Albayati,Clinical Operations Director,Unassigned,Assigned (Smoothed - Wk 24),CAPACITY CONFLICT — CRITICAL OVERFLOW
WT2 - Quarterly Review (Q4),Christian Adkins,Vision Beyond Behaviors,Group Home,1.5,39,Ayaat Albayati,Clinical Operations Director,Unassigned,Assigned (Smoothed - Wk 37),CAPACITY CONFLICT — CRITICAL OVERFLOW
WT1 - Annual ISP,CHRISTINA HATCHER,Vision Beyond Behaviors,Community Engagement,3,52,Stephanie Eatton-Johnson,Clinical Director,Unassigned,Assigned - Leadership Buffer,Temporary Peak Buffer (Reassign Upon Hiring)
WT2 - Quarterly Review (Q1),CHRISTINA HATCHER,Vision Beyond Behaviors,Community Engagement,1.5,52,Latoya Smith,Clinical Director,Unassigned,Assigned (10-Day Post-Quarter Window - Wk 1),CAPACITY CONFLICT — PEAK OVERFLOW
WT2 - Quarterly Review (Q2),CHRISTINA HATCHER,Vision Beyond Behaviors,Community Engagement,1.5,13,Ayaat Albayati,Clinical Operations Director,Unassigned,Assigned (Smoothed - Wk 11),CAPACITY CONFLICT — CRITICAL OVERFLOW
WT2 - Quarterly Review (Q3),CHRISTINA HATCHER,Vision Beyond Behaviors,Community Engagement,1.5,26,Latoya Smith,Clinical Director,Unassigned,Assigned (Smoothed - Wk 24),CAPACITY CONFLICT — CRITICAL OVERFLOW
WT2 - Quarterly Review (Q4),CHRISTINA HATCHER,Vision Beyond Behaviors,Community Engagement,1.5,39,Latoya Smith,Clinical Director,Unassigned,Assigned (Smoothed - Wk 37),CAPACITY CONFLICT — CRITICAL OVERFLOW
WT1 - Annual ISP,CHRISTINA HATCHER,Vision Beyond Behaviors,Group Home,3,52,Ayaat Albayati,Clinical Operations Director,Unassigned,Assigned - Leadership Buffer,Temporary Peak Buffer (Reassign Upon Hiring)
WT2 - Quarterly Review (Q1),CHRISTINA HATCHER,Vision Beyond Behaviors,Group Home,1.5,52,Latoya Smith,Clinical Director,Unassigned,Assigned (10-Day Post-Quarter Window - Wk 1),CAPACITY CONFLICT — PEAK OVERFLOW
WT2 - Quarterly Review (Q2),CHRISTINA HATCHER,Vision Beyond Behaviors,Group Home,1.5,13,Latoya Smith,Clinical Director,Unassigned,Assigned (Smoothed - Wk 11),CAPACITY CONFLICT — CRITICAL OVERFLOW
WT2 - Quarterly Review (Q3),CHRISTINA HATCHER,Vision Beyond Behaviors,Group Home,1.5,26,Stephanie Eatton-Johnson,Clinical Director,Unassigned,Assigned (Smoothed - Wk 24),CAPACITY CONFLICT — CRITICAL OVERFLOW
WT2 - Quarterly Review (Q4),CHRISTINA HATCHER,Vision Beyond Behaviors,Group Home,1.5,39,Stephanie Eatton-Johnson,Clinical Director,Unassigned,Assigned (Smoothed - Wk 37),CAPACITY CONFLICT — CRITICAL OVERFLOW
WT1 - Annual ISP,Hanan Eisenberg,Vision Beyond Behaviors,Day Support,3,52,Stephanie Eatton-Johnson,Clinical Director,Unassigned,Assigned - Leadership Buffer,Temporary Peak Buffer (Reassign Upon Hiring)
WT2 - Quarterly Review (Q1),Hanan Eisenberg,Vision Beyond Behaviors,Day Support,1.5,52,Latoya Smith,Clinical Director,Unassigned,Assigned (10-Day Post-Quarter Window - Wk 1),CAPACITY CONFLICT — PEAK OVERFLOW
WT2 - Quarterly Review (Q2),Hanan Eisenberg,Vision Beyond Behaviors,Day Support,1.5,13,Stephanie Eatton-Johnson,Clinical Director,Unassigned,Assigned (Smoothed - Wk 11),CAPACITY CONFLICT — CRITICAL OVERFLOW
WT2 - Quarterly Review (Q3),Hanan Eisenberg,Vision Beyond Behaviors,Day Support,1.5,26,Ayaat Albayati,Clinical Operations Director,Unassigned,Assigned (Smoothed - Wk 24),CAPACITY CONFLICT — CRITICAL OVERFLOW
WT2 - Quarterly Review (Q4),Hanan Eisenberg,Vision Beyond Behaviors,Day Support,1.5,39,Ayaat Albayati,Clinical Operations Director,Unassigned,Assigned (Smoothed - Wk 37),CAPACITY CONFLICT — CRITICAL OVERFLOW
WT1 - Annual ISP,Hanan Eisenberg,Vision Beyond Behaviors,Group Home,3,52,Ayaat Albayati,Clinical Operations Director,Unassigned,Assigned - Leadership Buffer,Temporary Peak Buffer (Reassign Upon Hiring)
WT2 - Quarterly Review (Q1),Hanan Eisenberg,Vision Beyond Behaviors,Group Home,1.5,52,Latoya Smith,Clinical Director,Unassigned,Assigned (10-Day Post-Quarter Window - Wk 1),CAPACITY CONFLICT — PEAK OVERFLOW
WT2 - Quarterly Review (Q2),Hanan Eisenberg,Vision Beyond Behaviors,Group Home,1.5,13,Ayaat Albayati,Clinical Operations Director,Unassigned,Assigned (Smoothed - Wk 11),CAPACITY CONFLICT — CRITICAL OVERFLOW
WT2 - Quarterly Review (Q3),Hanan Eisenberg,Vision Beyond Behaviors,Group Home,1.5,26,Latoya Smith,Clinical Director,Unassigned,Assigned (Smoothed - Wk 24),CAPACITY CONFLICT — CRITICAL OVERFLOW
WT2 - Quarterly Review (Q4),Hanan Eisenberg,Vision Beyond Behaviors,Group Home,1.5,39,Latoya Smith,Clinical Director,Unassigned,Assigned (Smoothed - Wk 37),CAPACITY CONFLICT — CRITICAL OVERFLOW
WT1 - Annual ISP,JOSEPH RUSSELL,Vision Beyond Behaviors,Community Engagement,3,52,Stephanie Eatton-Johnson,Clinical Director,Unassigned,Assigned - Leadership Buffer,Temporary Peak Buffer (Reassign Upon Hiring)
WT2 - Quarterly Review (Q1),JOSEPH RUSSELL,Vision Beyond Behaviors,Community Engagement,1.5,52,Latoya Smith,Clinical Director,Unassigned,Assigned (10-Day Post-Quarter Window - Wk 1),CAPACITY CONFLICT — PEAK OVERFLOW
WT2 - Quarterly Review (Q2),JOSEPH RUSSELL,Vision Beyond Behaviors,Community Engagement,1.5,13,Latoya Smith,Clinical Director,Unassigned,Assigned (Smoothed - Wk 11),CAPACITY CONFLICT — CRITICAL OVERFLOW
WT2 - Quarterly Review (Q3),JOSEPH RUSSELL,Vision Beyond Behaviors,Community Engagement,1.5,26,Stephanie Eatton-Johnson,Clinical Director,Unassigned,Assigned (Smoothed - Wk 24),CAPACITY CONFLICT — CRITICAL OVERFLOW
WT2 - Quarterly Review (Q4),JOSEPH RUSSELL,Vision Beyond Behaviors,Community Engagement,1.5,39,Stephanie Eatton-Johnson,Clinical Director,Unassigned,Assigned (Smoothed - Wk 37),CAPACITY CONFLICT — CRITICAL OVERFLOW
WT1 - Annual ISP,JOSEPH RUSSELL,Vision Beyond Behaviors,Group Home,3,52,Ayaat Albayati,Clinical Operations Director,Unassigned,Assigned - Leadership Buffer,Temporary Peak Buffer (Reassign Upon Hiring)
WT2 - Quarterly Review (Q1),JOSEPH RUSSELL,Vision Beyond Behaviors,Group Home,1.5,52,Latoya Smith,Clinical Director,Unassigned,Assigned (10-Day Post-Quarter Window - Wk 1),CAPACITY CONFLICT — PEAK OVERFLOW
WT2 - Quarterly Review (Q2),JOSEPH RUSSELL,Vision Beyond Behaviors,Group Home,1.5,13,Stephanie Eatton-Johnson,Clinical Director,Unassigned,Assigned (Smoothed - Wk 11),CAPACITY CONFLICT — CRITICAL OVERFLOW
WT2 - Quarterly Review (Q3),JOSEPH RUSSELL,Vision Beyond Behaviors,Group Home,1.5,26,Ayaat Albayati,Clinical Operations Director,Unassigned,Assigned (Smoothed - Wk 24),CAPACITY CONFLICT — CRITICAL OVERFLOW
WT2 - Quarterly Review (Q4),JOSEPH RUSSELL,Vision Beyond Behaviors,Group Home,1.5,39,Ayaat Albayati,Clinical Operations Director,Unassigned,Assigned (Smoothed - Wk 37),CAPACITY CONFLICT — CRITICAL OVERFLOW
WT1 - Annual ISP,Kyrsten Simmons,Vision Beyond Behaviors,Community Engagement,3,52,Stephanie Eatton-Johnson,Clinical Director,Unassigned,Assigned - Leadership Buffer,Temporary Peak Buffer (Reassign Upon Hiring)
WT2 - Quarterly Review (Q1),Kyrsten Simmons,Vision Beyond Behaviors,Community Engagement,1.5,52,Latoya Smith,Clinical Director,Unassigned,Assigned (10-Day Post-Quarter Window - Wk 1),CAPACITY CONFLICT — PEAK OVERFLOW
WT2 - Quarterly Review (Q2),Kyrsten Simmons,Vision Beyond Behaviors,Community Engagement,1.5,13,Ayaat Albayati,Clinical Operations Director,Unassigned,Assigned (Smoothed - Wk 11),CAPACITY CONFLICT — CRITICAL OVERFLOW
WT2 - Quarterly Review (Q3),Kyrsten Simmons,Vision Beyond Behaviors,Community Engagement,1.5,26,Latoya Smith,Clinical Director,Unassigned,Assigned (Smoothed - Wk 24),CAPACITY CONFLICT — CRITICAL OVERFLOW
WT2 - Quarterly Review (Q4),Kyrsten Simmons,Vision Beyond Behaviors,Community Engagement,1.5,39,Latoya Smith,Clinical Director,Unassigned,Assigned (Smoothed - Wk 37),CAPACITY CONFLICT — CRITICAL OVERFLOW
WT1 - Annual ISP,Kyrsten Simmons,Vision Beyond Behaviors,Group Home,3,52,Ayaat Albayati,Clinical Operations Director,Unassigned,Assigned - Leadership Buffer,Temporary Peak Buffer (Reassign Upon Hiring)
WT2 - Quarterly Review (Q1),Kyrsten Simmons,Vision Beyond Behaviors,Group Home,1.5,52,Latoya Smith,Clinical Director,Unassigned,Assigned (10-Day Post-Quarter Window - Wk 1),CAPACITY CONFLICT — PEAK OVERFLOW
WT2 - Quarterly Review (Q2),Kyrsten Simmons,Vision Beyond Behaviors,Group Home,1.5,13,Latoya Smith,Clinical Director,Unassigned,Assigned (Smoothed - Wk 11),CAPACITY CONFLICT — CRITICAL OVERFLOW
WT2 - Quarterly Review (Q3),Kyrsten Simmons,Vision Beyond Behaviors,Group Home,1.5,26,Stephanie Eatton-Johnson,Clinical Director,Unassigned,Assigned (Smoothed - Wk 24),CAPACITY CONFLICT — CRITICAL OVERFLOW
WT2 - Quarterly Review (Q4),Kyrsten Simmons,Vision Beyond Behaviors,Group Home,1.5,39,Stephanie Eatton-Johnson,Clinical Director,Unassigned,Assigned (Smoothed - Wk 37),CAPACITY CONFLICT — CRITICAL OVERFLOW
WT1 - Annual ISP,Marquis Ramey-Shade,Vision Beyond Behaviors,Community Engagement,3,52,Stephanie Eatton-Johnson,Clinical Director,Unassigned,Assigned - Leadership Buffer,Temporary Peak Buffer (Reassign Upon Hiring)
WT2 - Quarterly Review (Q1),Marquis Ramey-Shade,Vision Beyond Behaviors,Community Engagement,1.5,52,Latoya Smith,Clinical Director,Unassigned,Assigned (10-Day Post-Quarter Window - Wk 1),CAPACITY CONFLICT — PEAK OVERFLOW
WT2 - Quarterly Review (Q2),Marquis Ramey-Shade,Vision Beyond Behaviors,Community Engagement,1.5,13,Stephanie Eatton-Johnson,Clinical Director,Unassigned,Assigned (Smoothed - Wk 11),CAPACITY CONFLICT — CRITICAL OVERFLOW
WT2 - Quarterly Review (Q3),Marquis Ramey-Shade,Vision Beyond Behaviors,Community Engagement,1.5,26,Ayaat Albayati,Clinical Operations Director,Unassigned,Assigned (Smoothed - Wk 24),CAPACITY CONFLICT — CRITICAL OVERFLOW
WT2 - Quarterly Review (Q4),Marquis Ramey-Shade,Vision Beyond Behaviors,Community Engagement,1.5,39,Ayaat Albayati,Clinical Operations Director,Unassigned,Assigned (Smoothed - Wk 37),CAPACITY CONFLICT — CRITICAL OVERFLOW
WT1 - Annual ISP,Marquis Ramey-Shade,Vision Beyond Behaviors,Group Home,3,52,Ayaat Albayati,Clinical Operations Director,Unassigned,Assigned - Leadership Buffer,Temporary Peak Buffer (Reassign Upon Hiring)
WT2 - Quarterly Review (Q1),Marquis Ramey-Shade,Vision Beyond Behaviors,Group Home,1.5,52,Latoya Smith,Clinical Director,Unassigned,Assigned (10-Day Post-Quarter Window - Wk 1),CAPACITY CONFLICT — PEAK OVERFLOW
WT2 - Quarterly Review (Q2),Marquis Ramey-Shade,Vision Beyond Behaviors,Group Home,1.5,13,Ayaat Albayati,Clinical Operations Director,Unassigned,Assigned (Smoothed - Wk 11),CAPACITY CONFLICT — CRITICAL OVERFLOW
WT2 - Quarterly Review (Q3),Marquis Ramey-Shade,Vision Beyond Behaviors,Group Home,1.5,26,Latoya Smith,Clinical Director,Unassigned,Assigned (Smoothed - Wk 24),CAPACITY CONFLICT — CRITICAL OVERFLOW
WT2 - Quarterly Review (Q4),Marquis Ramey-Shade,Vision Beyond Behaviors,Group Home,1.5,39,Latoya Smith,Clinical Director,Unassigned,Assigned (Smoothed - Wk 37),CAPACITY CONFLICT — CRITICAL OVERFLOW
WT1 - Annual ISP,Michael Talbott,Vision Beyond Behaviors,Community Engagement,3,52,Stephanie Eatton-Johnson,Clinical Director,Unassigned,Assigned - Leadership Buffer,Temporary Peak Buffer (Reassign Upon Hiring)
WT2 - Quarterly Review (Q1),Michael Talbott,Vision Beyond Behaviors,Community Engagement,1.5,52,Latoya Smith,Clinical Director,Unassigned,Assigned (10-Day Post-Quarter Window - Wk 1),CAPACITY CONFLICT — PEAK OVERFLOW
WT2 - Quarterly Review (Q2),Michael Talbott,Vision Beyond Behaviors,Community Engagement,1.5,13,Latoya Smith,Clinical Director,Unassigned,Assigned (Smoothed - Wk 11),CAPACITY CONFLICT — CRITICAL OVERFLOW
WT2 - Quarterly Review (Q3),Michael Talbott,Vision Beyond Behaviors,Community Engagement,1.5,26,Stephanie Eatton-Johnson,Clinical Director,Unassigned,Assigned (Smoothed - Wk 24),CAPACITY CONFLICT — CRITICAL OVERFLOW
WT2 - Quarterly Review (Q4),Michael Talbott,Vision Beyond Behaviors,Community Engagement,1.5,39,Stephanie Eatton-Johnson,Clinical Director,Unassigned,Assigned (Smoothed - Wk 37),CAPACITY CONFLICT — CRITICAL OVERFLOW
WT1 - Annual ISP,Michael Talbott,Vision Beyond Behaviors,Group Home,3,52,Ayaat Albayati,Clinical Operations Director,Unassigned,Assigned - Leadership Buffer,Temporary Peak Buffer (Reassign Upon Hiring)
WT2 - Quarterly Review (Q1),Michael Talbott,Vision Beyond Behaviors,Group Home,1.5,52,Latoya Smith,Clinical Director,Unassigned,Assigned (10-Day Post-Quarter Window - Wk 1),CAPACITY CONFLICT — PEAK OVERFLOW
WT2 - Quarterly Review (Q2),Michael Talbott,Vision Beyond Behaviors,Group Home,1.5,13,Stephanie Eatton-Johnson,Clinical Director,Unassigned,Assigned (Smoothed - Wk 11),CAPACITY CONFLICT — CRITICAL OVERFLOW
WT2 - Quarterly Review (Q3),Michael Talbott,Vision Beyond Behaviors,Group Home,1.5,26,Ayaat Albayati,Clinical Operations Director,Unassigned,Assigned (Smoothed - Wk 24),CAPACITY CONFLICT — CRITICAL OVERFLOW
WT2 - Quarterly Review (Q4),Michael Talbott,Vision Beyond Behaviors,Group Home,1.5,39,Ayaat Albayati,Clinical Operations Director,Unassigned,Assigned (Smoothed - Wk 37),CAPACITY CONFLICT — CRITICAL OVERFLOW
WT1 - Annual ISP,NAJAE' MILLER,Vision Beyond Behaviors,Community Engagement,3,52,Stephanie Eatton-Johnson,Clinical Director,Unassigned,Assigned - Leadership Buffer,Temporary Peak Buffer (Reassign Upon Hiring)
WT2 - Quarterly Review (Q1),NAJAE' MILLER,Vision Beyond Behaviors,Community Engagement,1.5,52,Latoya Smith,Clinical Director,Unassigned,Assigned (10-Day Post-Quarter Window - Wk 1),CAPACITY CONFLICT — PEAK OVERFLOW
WT2 - Quarterly Review (Q2),NAJAE' MILLER,Vision Beyond Behaviors,Community Engagement,1.5,13,Ayaat Albayati,Clinical Operations Director,Unassigned,Assigned (Smoothed - Wk 11),CAPACITY CONFLICT — CRITICAL OVERFLOW
WT2 - Quarterly Review (Q3),NAJAE' MILLER,Vision Beyond Behaviors,Community Engagement,1.5,26,Latoya Smith,Clinical Director,Unassigned,Assigned (Smoothed - Wk 24),CAPACITY CONFLICT — CRITICAL OVERFLOW
WT2 - Quarterly Review (Q4),NAJAE' MILLER,Vision Beyond Behaviors,Community Engagement,1.5,39,Latoya Smith,Clinical Director,Unassigned,Assigned (Smoothed - Wk 37),CAPACITY CONFLICT — CRITICAL OVERFLOW
WT1 - Annual ISP,NAJAE' MILLER,Vision Beyond Behaviors,Group Home,3,52,Ayaat Albayati,Clinical Operations Director,Unassigned,Assigned - Leadership Buffer,Temporary Peak Buffer (Reassign Upon Hiring)
WT2 - Quarterly Review (Q1),NAJAE' MILLER,Vision Beyond Behaviors,Group Home,1.5,52,Latoya Smith,Clinical Director,Unassigned,Assigned (10-Day Post-Quarter Window - Wk 1),CAPACITY CONFLICT — PEAK OVERFLOW
WT2 - Quarterly Review (Q2),NAJAE' MILLER,Vision Beyond Behaviors,Group Home,1.5,13,Latoya Smith,Clinical Director,Unassigned,Assigned (Smoothed - Wk 11),CAPACITY CONFLICT — CRITICAL OVERFLOW
WT2 - Quarterly Review (Q3),NAJAE' MILLER,Vision Beyond Behaviors,Group Home,1.5,26,Stephanie Eatton-Johnson,Clinical Director,Unassigned,Assigned (Smoothed - Wk 24),CAPACITY CONFLICT — CRITICAL OVERFLOW
WT2 - Quarterly Review (Q4),NAJAE' MILLER,Vision Beyond Behaviors,Group Home,1.5,39,Stephanie Eatton-Johnson,Clinical Director,Unassigned,Assigned (Smoothed - Wk 37),CAPACITY CONFLICT — CRITICAL OVERFLOW
WT1 - Annual ISP,Nikhol Talbert,Vision Beyond Behaviors,Community Engagement,3,52,Stephanie Eatton-Johnson,Clinical Director,Unassigned,Assigned - Leadership Buffer,Temporary Peak Buffer (Reassign Upon Hiring)
WT2 - Quarterly Review (Q1),Nikhol Talbert,Vision Beyond Behaviors,Community Engagement,1.5,52,Latoya Smith,Clinical Director,Unassigned,Assigned (10-Day Post-Quarter Window - Wk 1),CAPACITY CONFLICT — PEAK OVERFLOW
WT2 - Quarterly Review (Q2),Nikhol Talbert,Vision Beyond Behaviors,Community Engagement,1.5,13,Stephanie Eatton-Johnson,Clinical Director,Unassigned,Assigned (Smoothed - Wk 11),CAPACITY CONFLICT — CRITICAL OVERFLOW
WT2 - Quarterly Review (Q3),Nikhol Talbert,Vision Beyond Behaviors,Community Engagement,1.5,26,Ayaat Albayati,Clinical Operations Director,Unassigned,Assigned (Smoothed - Wk 24),CAPACITY CONFLICT — CRITICAL OVERFLOW
WT2 - Quarterly Review (Q4),Nikhol Talbert,Vision Beyond Behaviors,Community Engagement,1.5,39,Ayaat Albayati,Clinical Operations Director,Unassigned,Assigned (Smoothed - Wk 37),CAPACITY CONFLICT — CRITICAL OVERFLOW
WT1 - Annual ISP,Nikhol Talbert,Vision Beyond Behaviors,Group Home,3,52,Ayaat Albayati,Clinical Operations Director,Unassigned,Assigned - Leadership Buffer,Temporary Peak Buffer (Reassign Upon Hiring)
WT2 - Quarterly Review (Q1),Nikhol Talbert,Vision Beyond Behaviors,Group Home,1.5,52,Latoya Smith,Clinical Director,Unassigned,Assigned (10-Day Post-Quarter Window - Wk 1),CAPACITY CONFLICT — PEAK OVERFLOW
WT2 - Quarterly Review (Q2),Nikhol Talbert,Vision Beyond Behaviors,Group Home,1.5,13,Ayaat Albayati,Clinical Operations Director,Unassigned,Assigned (Smoothed - Wk 11),CAPACITY CONFLICT — CRITICAL OVERFLOW
WT2 - Quarterly Review (Q3),Nikhol Talbert,Vision Beyond Behaviors,Group Home,1.5,26,Latoya Smith,Clinical Director,Unassigned,Assigned (Smoothed - Wk 24),CAPACITY CONFLICT — CRITICAL OVERFLOW
WT2 - Quarterly Review (Q4),Nikhol Talbert,Vision Beyond Behaviors,Group Home,1.5,39,Latoya Smith,Clinical Director,Unassigned,Assigned (Smoothed - Wk 37),CAPACITY CONFLICT — CRITICAL OVERFLOW
WT1 - Annual ISP,Samuel Flockhart,Vision Beyond Behaviors,Community Engagement,3,52,Stephanie Eatton-Johnson,Clinical Director,Unassigned,Assigned - Leadership Buffer,Temporary Peak Buffer (Reassign Upon Hiring)
WT2 - Quarterly Review (Q1),Samuel Flockhart,Vision Beyond Behaviors,Community Engagement,1.5,52,Latoya Smith,Clinical Director,Unassigned,Assigned (10-Day Post-Quarter Window - Wk 1),CAPACITY CONFLICT — PEAK OVERFLOW
WT2 - Quarterly Review (Q2),Samuel Flockhart,Vision Beyond Behaviors,Community Engagement,1.5,13,Latoya Smith,Clinical Director,Unassigned,Assigned (Smoothed - Wk 11),CAPACITY CONFLICT — CRITICAL OVERFLOW
WT2 - Quarterly Review (Q3),Samuel Flockhart,Vision Beyond Behaviors,Community Engagement,1.5,26,Stephanie Eatton-Johnson,Clinical Director,Unassigned,Assigned (Smoothed - Wk 24),CAPACITY CONFLICT — CRITICAL OVERFLOW
WT2 - Quarterly Review (Q4),Samuel Flockhart,Vision Beyond Behaviors,Community Engagement,1.5,39,Stephanie Eatton-Johnson,Clinical Director,Unassigned,Assigned (Smoothed - Wk 37),CAPACITY CONFLICT — CRITICAL OVERFLOW
WT1 - Annual ISP,Samuel Flockhart,Vision Beyond Behaviors,Group Home,3,52,Ayaat Albayati,Clinical Operations Director,Unassigned,Assigned - Leadership Buffer,Temporary Peak Buffer (Reassign Upon Hiring)
WT2 - Quarterly Review (Q1),Samuel Flockhart,Vision Beyond Behaviors,Group Home,1.5,52,Latoya Smith,Clinical Director,Unassigned,Assigned (10-Day Post-Quarter Window - Wk 1),CAPACITY CONFLICT — PEAK OVERFLOW
WT2 - Quarterly Review (Q2),Samuel Flockhart,Vision Beyond Behaviors,Group Home,1.5,13,Stephanie Eatton-Johnson,Clinical Director,Unassigned,Assigned (Smoothed - Wk 11),CAPACITY CONFLICT — CRITICAL OVERFLOW
WT2 - Quarterly Review (Q3),Samuel Flockhart,Vision Beyond Behaviors,Group Home,1.5,26,Ayaat Albayati,Clinical Operations Director,Unassigned,Assigned (Smoothed - Wk 24),CAPACITY CONFLICT — CRITICAL OVERFLOW
WT2 - Quarterly Review (Q4),Samuel Flockhart,Vision Beyond Behaviors,Group Home,1.5,39,Ayaat Albayati,Clinical Operations Director,Unassigned,Assigned (Smoothed - Wk 37),CAPACITY CONFLICT — CRITICAL OVERFLOW